,0.5,1.0,9.71,20.01,29.0,29.08,59.48,72.82,185.76,188.53,205.29,238.49,275.6,283.15,294.48,294.68,294.9,295.13,295.31,295.49
-20.0,7.204011415640897e-12,-2.752508259427049e-10,-5.5995589057079023e-11,2.1103900439400153e-10,-3.755363651957837e-11,-3.0048773763515175e-11,1.7971087936786096e-10,2.6775827874234716e-10,2.7127554172139243e-10,3.7523961903422156e-10,1.1890196210359302e-09,5.152501438924258e-10,8.8119973159885e-10,7.256112064769589e-10,1.4046889797234006e-09,8.473029343164436e-10,7.974302271522251e-10,7.723575228181466e-10,6.245621030109418e-10,1.1221051222917215e-10
-19.84313725490196,2.793401756348512e-11,2.937024549946959e-11,-2.8142502263704866e-10,-2.4941924905781924e-12,-1.919349443357831e-11,5.7304556289046754e-11,5.944335713873491e-11,4.804551910024723e-10,4.485473553545187e-10,9.296159781365682e-11,1.1677357082796646e-09,6.083152509873327e-10,5.960601039227857e-10,7.400004627521771e-10,1.7490294654557936e-09,1.0794883278023982e-09,1.438925920819698e-09,6.205994275682388e-10,6.796574838682545e-10,6.297997313041452e-10
-19.686274509803923,4.389761189278253e-11,7.371737505467154e-13,-6.341658876862521e-11,4.542092837624828e-12,7.645905147046985e-12,4.898246869626521e-11,6.156280497778183e-11,3.075756309909392e-10,5.248290042366133e-10,1.4110514284265705e-10,1.2897693392988471e-09,5.467955504413636e-10,6.386941988337234e-10,6.403650087101296e-10,1.6263205316728238e-09,1.5442743248132456e-09,9.463349263139134e-10,5.535051804157538e-10,4.092762857984563e-10,1.0417939421187263e-09
-19.529411764705884,3.4108214249058333e-12,-1.3157261243245292e-10,2.0802433321311376e-11,-1.808333539603123e-11,-4.79837360779683e-12,-1.6681121841515725e-11,8.069266905895371e-11,4.7407338929105e-10,5.483851363216447e-10,1.3164885156346953e-10,9.597981703770116e-10,8.340299948530372e-10,5.997905432425825e-10,6.403650087101296e-10,1.6263205316728238e-09,1.5442743248132456e-09,9.463349263139134e-10,5.535051804157538e-10,4.092762857984563e-10,1.0417939421187263e-09
-19.372549019607842,-1.2180520685334467e-10,4.763831417287551e-11,7.049187328127627e-13,-2.0679571030218925e-11,2.3135350728000107e-11,1.5646615481203258e-11,1.1914797991514137e-10,3.221827552451278e-10,5.361590187710664e-10,4.4590918819767506e-10,6.665639995903828e-10,9.373639264256317e-10,5.010224559287847e-10,6.015138408288327e-10,1.7080661804212622e-09,1.9431586306144356e-09,1.196269082702493e-09,2.8733443496465854e-10,7.390820744525209e-10,5.530286858483008e-10
-19.215686274509803,2.4044648860682122e-14,1.1555799653016051e-11,-3.828553217573404e-11,4.4241860891109856e-11,-3.1407589653751633e-12,3.320976542179742e-11,1.7256844571081362e-10,1.688350741173296e-10,4.625041011763627e-10,5.502925807314881e-10,5.750893580573855e-10,6.109478468228949e-10,5.583047269350977e-10,8.450154671614747e-10,1.4061249144301042e-09,1.755971624779981e-09,1.0372113838968823e-09,3.3906268528265845e-10,6.086982060061448e-10,5.480350227735508e-10
-19.058823529411764,1.5802935022036096e-10,-1.2175682432953028e-11,4.2992125599423117e-11,8.874528064359253e-12,-8.521189020470046e-13,1.4570441502754777e-10,1.827874215262515e-10,5.407368853546909e-10,4.73537076327941e-10,6.265601546957389e-10,6.749265525689768e-10,9.649944536031725e-10,6.03861419605551e-10,5.838169791814731e-10,1.4508162929669165e-09,1.8830798496426696e-09,1.1632085700405548e-09,5.409321748192538e-10,6.060503623451763e-10,2.4324387942482983e-10
-18.901960784313726,1.3230949295531326e-10,-5.256277557473494e-11,9.095211025940658e-11,3.263562612046889e-11,3.3178976542500264e-11,-1.4425939026970464e-10,2.540067921168765e-10,5.028389998359877e-10,5.799633843420184e-10,5.18890562393441e-10,5.232948383403412e-10,3.539213986687994e-10,3.995537440164873e-10,5.838169791814731e-10,1.4508162929669165e-09,1.8830798496426696e-09,1.1632085700405548e-09,5.409321748192538e-10,6.060503623451763e-10,2.4324387942482983e-10
-18.745098039215687,1.7400701945952624e-11,8.941589177123476e-11,2.1086482730221996e-10,1.1531197872107896e-10,9.619091146176624e-11,5.254049028961082e-11,4.443152039076594e-10,5.637590502949257e-10,5.872571233495495e-10,2.2733365248764214e-10,9.031184817336486e-10,6.15185569591753e-10,3.641048939651277e-10,7.834629251431932e-10,1.6408062597719653e-09,1.1171783150763365e-09,1.2589262124370401e-09,4.1413125230053454e-10,6.988457002074426e-10,5.349072308871602e-10
-18.58823529411765,1.0422475649672069e-11,-6.837770359875447e-12,-1.1547589285176735e-10,2.2669236410564238e-10,1.81204579879595e-10,2.2623815482172098e-10,4.0754419139034696e-10,4.478817290959722e-10,6.086193278288904e-10,2.2955954188242366e-10,8.253821315889481e-10,5.440911138865916e-10,3.250317529220183e-10,6.148735756096449e-10,1.386283387385682e-09,1.2162704186955552e-09,1.0560667871079917e-09,4.834408326590189e-10,5.110487813248631e-10,3.6490892356786225e-10
-18.431372549019606,-1.5699103190250462e-11,-2.971508095317161e-11,-1.229851540183609e-10,1.7244499696514182e-10,2.2051670127429537e-10,2.48609061648143e-10,4.732239094373941e-10,5.312797143924413e-10,4.78291759050144e-10,1.68463554967173e-10,8.860910583007094e-10,4.744161721531722e-10,5.098506540599566e-10,6.963312750247552e-10,1.6953316065131836e-09,1.2101076578722586e-09,8.077409831525681e-10,4.2475664132906564e-10,5.016273841094099e-10,4.789890538702536e-10
-18.274509803921568,-5.480713829709442e-11,-1.038215687834072e-10,-1.801530663229713e-11,4.482333087904711e-11,1.512481727547668e-10,1.7252651418895464e-10,4.2965119353309673e-10,3.74333546285487e-10,6.373183757479733e-10,1.8152449100137643e-10,1.0634042170013562e-09,4.3222748970270333e-10,3.5065836386611184e-10,7.790548372400211e-10,1.2839355796463997e-09,1.361881294174463e-09,9.936627126422419e-10,3.136463184032364e-10,4.65983244592691e-10,4.212824827794405e-10
-18.11764705882353,3.1541594592985054e-11,5.312283995981315e-11,-2.1227319862780783e-11,5.283078544922056e-12,1.4537042898911836e-10,6.205718641982988e-11,3.460350470315651e-10,3.5010064529934657e-10,5.678703920433089e-10,1.8055508112872005e-10,5.117363996402895e-10,5.163749643005615e-10,3.367957440474867e-10,7.790548372400211e-10,1.2839355796463997e-09,1.361881294174463e-09,9.936627126422419e-10,3.136463184032364e-10,4.65983244592691e-10,4.212824827794405e-10
-17.96078431372549,-3.887315993953553e-12,-5.886393974381264e-11,-1.3630383695719089e-11,-9.823998472593888e-12,4.220568964120345e-11,5.155759195607792e-11,2.2320295772981415e-10,5.88921775450176e-10,6.043003810633497e-10,1.514405299456417e-10,6.23674503590742e-10,3.962613864711078e-10,2.757616281201111e-10,7.196601558551773e-10,1.4502966939668542e-09,1.611573244709121e-09,5.73308294667379e-10,3.3871081237083054e-10,6.804128377194892e-10,3.8832078776053424e-10
-17.80392156862745,7.268521450312665e-12,1.3488754848562785e-11,5.2311772896562474e-11,-4.8268166685421035e-12,3.458500205241115e-11,-2.810320978935903e-11,1.7504240550928252e-10,4.44645377988941e-10,6.64298817720539e-10,1.8043691047584512e-10,4.619290821930878e-10,3.996988915923873e-10,4.79747633222863e-10,6.928151849524738e-10,1.3434968142119162e-09,1.3912181117470412e-09,5.900501145884106e-10,2.358398869056109e-10,5.035055057768003e-10,5.485511030453473e-10
-17.647058823529413,-2.8701100511859806e-11,6.461266344131315e-11,1.8886778537815405e-12,-5.528216672849862e-12,-1.3879333781193808e-11,8.17597236638909e-11,9.728699558226635e-11,5.955202722298169e-10,7.192074127079395e-10,1.3156205624526645e-10,4.671983790482518e-10,3.83994217080856e-10,4.930384595592689e-10,6.416343902393483e-10,1.8606074861264195e-09,1.7148793196761063e-09,6.720886975344892e-10,3.193146977860803e-10,4.4980794006187807e-10,3.8420768664722166e-10
-17.490196078431374,2.466629112656466e-12,-1.9723942847719312e-11,-2.9821815735797215e-11,-2.267498366813917e-11,-1.7371379203978136e-11,7.305292168697056e-11,4.1624219655656544e-11,4.0062109184911243e-10,6.02768560986984e-10,1.2900481985845395e-10,4.546124714456142e-10,3.6703863436784327e-10,4.666532692625658e-10,6.89323432757536e-10,1.56730030171023e-09,1.7142526926657311e-09,8.834945294388344e-10,3.153400000193462e-10,4.875102428859411e-10,4.523100496928471e-10
-17.333333333333332,-3.3316500209994006e-12,1.953774342234819e-12,5.299528602810949e-11,-2.064760924088922e-11,1.3697532776629769e-11,2.140589536589022e-11,4.377445637400023e-11,5.378049043163477e-10,6.45250764091425e-10,1.7915785244170435e-10,5.972356526753574e-10,2.672996710443864e-10,3.4950480716986203e-10,6.89323432757536e-10,1.56730030171023e-09,1.7142526926657311e-09,8.834945294388344e-10,3.153400000193462e-10,4.875102428859411e-10,4.523100496928471e-10
-17.176470588235293,-4.233617584500347e-12,-4.7478798452719094e-11,1.635182744170342e-11,7.492547203307908e-12,-2.091004778779794e-12,1.0185665179781289e-10,4.498929760211308e-11,3.973973495214872e-10,4.2293012768861544e-10,1.3753685828821974e-10,4.961170543100378e-10,3.920714597728387e-10,3.0693258324520533e-10,5.408603341003633e-10,1.535597432033355e-09,1.9745242887511076e-09,6.581970482010983e-10,4.176669886103467e-10,6.279647140685669e-10,3.5474478128217467e-10
-17.019607843137255,4.3992031123687933e-11,-1.1179031732671962e-10,-5.181299304478165e-11,-1.56240369691876e-11,1.1939341127043756e-11,-1.2227583691404886e-12,1.7183420423953227e-11,2.993294893022833e-10,6.20634908087109e-10,1.3860772485046513e-10,7.476871265117678e-10,3.083682247255757e-10,3.4163663563251795e-10,5.764754441031136e-10,1.9844872770224674e-09,1.71796348574959e-09,7.277511802350052e-10,4.0373956553015936e-10,5.732824906555822e-10,4.2371040587081576e-10
-16.862745098039216,-1.772002661315663e-11,3.0476006124093405e-11,8.119760668499359e-12,-7.127332443563956e-11,-8.368417526526639e-12,-1.8256427545607969e-10,1.298147140101587e-11,3.642066438826431e-10,4.22801694075842e-10,6.964796481023497e-11,1.0032802790058454e-09,2.9360539670814114e-10,3.06578950968049e-10,6.011745766964107e-10,1.820991287888966e-09,1.963666663600467e-09,7.830131142705997e-10,4.3734430829559696e-10,4.754254609556283e-10,3.0789026401992405e-10
-16.705882352941178,-5.951637076359337e-12,1.0971690619078186e-11,-2.049190547676575e-11,8.151136003410993e-12,1.0286418123000204e-12,3.636899771156419e-12,4.820658892921851e-12,2.2652874320104824e-10,3.480524517258072e-10,1.5246242752774324e-10,7.289525330017644e-10,2.3384652685847513e-10,3.6566515710215893e-10,6.011745766964107e-10,1.820991287888966e-09,1.963666663600467e-09,7.830131142705997e-10,4.3734430829559696e-10,4.754254609556283e-10,3.0789026401992405e-10
-16.549019607843135,6.8213496245157835e-12,-2.6677831268249968e-11,-2.851783336973505e-11,1.5780620414939184e-11,2.0883657319030988e-12,9.40028484028107e-12,6.247210322789178e-12,1.6023178142086072e-10,3.836379457576997e-10,2.1767063587228757e-10,7.528385459414495e-10,2.6781076644892226e-10,1.9904101778029824e-10,6.347866501476606e-10,1.5223218535239486e-09,1.612393695048012e-09,7.321226147099116e-10,3.943152360410184e-10,4.090921389748623e-10,4.757506501718002e-10
-16.392156862745097,-1.1873071729593775e-11,9.689407083562496e-12,3.638102004037589e-11,3.0448735973859758e-12,-6.910197534220358e-12,4.1161506775968665e-11,1.1656669887468708e-11,1.4662368301026678e-10,3.4033529231365084e-10,2.1479583418264369e-10,1.0613322720055454e-09,2.1481225491856083e-10,1.9004802583697034e-10,6.319666819863327e-10,2.184301242301703e-09,2.284511128870376e-09,7.713156857712244e-10,3.495470319186117e-10,5.36592408907504e-10,4.930595719328473e-10
-16.235294117647058,-2.591133477445345e-11,2.952213730453577e-12,-6.896709074060909e-13,-2.7464267226070467e-11,7.41865389562205e-14,-9.59146912199992e-12,-2.3729429494068884e-11,5.921815847475045e-11,2.3736261693027824e-10,1.5733322831028397e-10,7.832559065803744e-10,2.674392472994831e-10,2.5951272350428303e-10,4.740886371180503e-10,2.196682770386406e-09,1.8680701241313414e-09,8.529815766587871e-10,3.455532743689244e-10,4.180059595142843e-10,6.580020519626298e-10
-16.07843137254902,-1.253078084615615e-11,1.9831557312609456e-11,1.3897807109250195e-11,-2.53929086848221e-11,6.807567934917263e-12,4.435651281093585e-12,2.378338334043774e-11,1.8102219241973573e-10,2.508270339027722e-10,2.062497208356718e-10,5.112593186173021e-10,1.8397528583213571e-10,2.2952758009237656e-10,6.94651961552583e-10,1.9917241299104207e-09,2.1734207454113594e-09,1.3580719766760568e-09,3.7559940908723714e-10,3.9464247784861234e-10,4.0417354212197176e-10
-15.92156862745098,1.2877962118969557e-11,3.6061108910623474e-12,-2.6881624329375396e-11,1.2228756596976675e-11,1.412153963551419e-11,1.7305109805093717e-11,-2.309752438986108e-11,9.476377357771933e-11,1.7160812588977615e-10,3.1661231382304915e-10,4.780551245165233e-10,2.4797393104240014e-10,2.2802742857868925e-10,6.94651961552583e-10,1.9917241299104207e-09,2.1734207454113594e-09,1.3580719766760568e-09,3.7559940908723714e-10,3.9464247784861234e-10,4.0417354212197176e-10
-15.764705882352942,3.191545956145331e-11,1.1299900077961027e-10,6.268029470671476e-12,-2.94297706662423e-11,1.2280364624156587e-12,3.425776024457873e-11,-4.411899859921986e-12,-1.2507029424187509e-11,2.0378455786057643e-10,4.356277549408204e-10,8.298347900613181e-10,3.171052291271366e-10,2.5251015933145513e-10,7.739001923090681e-10,1.7983687919297942e-09,1.6690628275048246e-09,1.3541318797445723e-09,4.108693904070032e-10,3.793612237417059e-10,7.134105997120832e-10
-15.607843137254902,1.4877186712922053e-11,2.8623688470094035e-11,-2.9001951851485068e-11,-1.262138812118919e-11,2.1640184079421425e-12,6.052184761392262e-11,-3.0252273598546785e-12,7.224859885654735e-11,1.823519787987904e-10,5.665623044932071e-10,6.008869205908656e-10,2.801670769765661e-10,3.238828878639868e-10,7.042273031661147e-10,1.7371000940612e-09,2.3642340948297827e-09,1.3577934106207596e-09,4.412826458617532e-10,6.202592837535513e-10,4.894405590346911e-10
-15.450980392156863,1.5735463390828774e-11,-2.352944838937533e-11,-2.7784764802828312e-11,3.3858970944188435e-12,-3.653994930531592e-11,3.4352179475484645e-11,5.713536406476616e-12,6.925152132975065e-11,2.0075199981514832e-10,4.5335716483256573e-10,7.974671738084006e-10,3.111057959797897e-10,3.051392043037989e-10,4.782812028621598e-10,1.7373431795973874e-09,1.6295322516756212e-09,8.623604558970062e-10,3.7067113572783075e-10,4.4131548733326887e-10,4.8580072698905e-10
-15.294117647058822,3.370502654531258e-11,1.653978622284401e-11,5.0322811263703364e-11,-9.772976899673453e-12,-2.2132806156140923e-12,6.674911847109457e-11,6.8858596578328035e-12,9.878274868542256e-11,1.9075441070670609e-10,4.886057405514644e-10,5.284931741582668e-10,2.5462403584937995e-10,2.69542567629424e-10,5.742609905777855e-10,1.8328916297679976e-09,2.066287172843687e-09,9.975289162618196e-10,4.760286297709252e-10,5.95175730003801e-10,4.624841617111439e-10
-15.137254901960784,2.6190194057437623e-11,-2.4789446635784644e-12,1.1872192045734363e-11,-1.6252716571701654e-11,1.5316441398726678e-11,-4.1245369819687515e-12,-9.348090358921915e-13,1.5392182042912617e-10,1.6362706179378863e-10,6.068898724672589e-10,6.549501409071186e-10,3.9996191659403255e-10,3.5549573672128395e-10,5.742609905777855e-10,1.8328916297679976e-09,2.066287172843687e-09,9.975289162618196e-10,4.760286297709252e-10,5.95175730003801e-10,4.624841617111439e-10
-14.980392156862745,-1.7076099184358975e-11,1.3243030264781495e-11,4.172714248073446e-11,1.4946681613739113e-11,1.722417903585951e-11,5.888827762035919e-11,-1.7548488569686112e-11,1.417546415919387e-10,1.8561208132723257e-10,6.142645422450607e-10,7.834385872671084e-10,3.369221250685197e-10,3.057080655123302e-10,4.865241190510347e-10,1.4555997119754007e-09,2.3930589373150018e-09,9.319216253890379e-10,3.7544663759672134e-10,5.607877767823162e-10,7.719338091858336e-10
-14.823529411764707,1.4604778434281533e-11,-1.4683949839781287e-11,-1.6554154365984586e-11,-2.0317728386578056e-12,1.483848069339386e-11,-2.1462195031687693e-11,-1.3688149498996938e-11,1.6569196933204833e-10,1.8540447630919825e-10,5.204751634065412e-10,7.276224533948948e-10,3.1194999774088816e-10,3.4185333069994013e-10,5.953197046692698e-10,1.659083125269621e-09,1.9319274337222167e-09,9.424329489491317e-10,4.3357750877362827e-10,5.756676025420353e-10,5.749005195944573e-10
-14.666666666666668,-3.4805215849453695e-11,5.841061014215617e-11,-4.597219593468532e-12,-5.2308840622875765e-12,5.725265503457847e-12,-4.697855246329687e-11,-2.4869497728487707e-11,1.0671660316579746e-10,1.7622675108546687e-10,5.651879475448587e-10,8.074128616623104e-10,3.0981794112235536e-10,4.378735838005813e-10,5.555824035052542e-10,1.7832444144954503e-09,2.2910410104325006e-09,1.3555024247375255e-09,3.801209760042683e-10,5.539365179599727e-10,6.08724889701801e-10
-14.509803921568627,-3.185094952678154e-11,1.1487184435499928e-11,1.1531168548781571e-11,1.6114606453687634e-11,9.798780913223527e-12,1.3570858527750048e-11,1.0676703828262638e-11,1.9646178933684504e-10,2.198947659029359e-10,6.19252340770842e-10,6.021973539601402e-10,2.3585542795782824e-10,3.224536973877211e-10,5.555824035052542e-10,1.7832444144954503e-09,2.2910410104325006e-09,1.3555024247375255e-09,3.801209760042683e-10,5.539365179599727e-10,6.08724889701801e-10
-14.352941176470589,-1.372011128999605e-12,1.409544239371887e-11,-2.3217747633275664e-12,-9.757435845942225e-12,8.512392193031517e-13,4.1612197330828386e-11,-7.138035244682824e-12,2.098942445196111e-10,2.83688445141963e-10,6.43457971605553e-10,8.140139974889073e-10,3.0425571006795683e-10,3.092678464694083e-10,5.666696257304102e-10,1.8049054177231535e-09,1.7256284506795904e-09,7.83815677737287e-10,3.635850017373773e-10,7.483553918172708e-10,5.896885651700669e-10
-14.196078431372548,-9.488253067640496e-12,3.255586826039044e-11,-2.0188708314847664e-12,1.6252423344253195e-11,2.591837223337523e-12,8.127355259151666e-11,3.328072645913933e-11,2.998933656425179e-10,3.664700663877963e-10,7.032177211374848e-10,1.0515745429320909e-09,3.0095250310794116e-10,3.637638704681745e-10,6.338861487210045e-10,1.849090392493888e-09,1.7294629857368094e-09,7.018533339214271e-10,3.935962423911589e-10,5.742258032855667e-10,6.175442910111137e-10
-14.03921568627451,-2.016085171242177e-11,1.6995461642812646e-12,-2.773432968599967e-11,8.081347875942255e-12,-2.067693198358139e-11,7.078510076952986e-12,1.1843162531128207e-11,4.0129404879267465e-10,2.2358004819989687e-10,5.093935125021083e-10,9.523070893105475e-10,3.514436269138994e-10,3.195267012160805e-10,6.371723484894889e-10,1.710191492807684e-09,1.8476761566145444e-09,8.02928827855412e-10,4.0187405264297175e-10,7.491063472563804e-10,4.74189214124816e-10
-13.882352941176471,-4.040673937452652e-12,-7.421586156566542e-13,-4.061493084937399e-12,7.51893767183441e-12,2.6170841047593897e-11,-1.0638291035465751e-10,-1.0173818791725117e-11,3.659463622043324e-10,4.745407938091956e-10,5.801560347608199e-10,9.215950351081519e-10,2.9632596077178024e-10,3.480691656884557e-10,5.049047870568316e-10,1.6748174157504966e-09,2.1939759880126047e-09,9.591718365940851e-10,3.5992523022811203e-10,6.444350053908328e-10,5.317048941615976e-10
-13.725490196078432,1.4650815141375065e-11,-4.2151735795313115e-11,3.467443641717229e-11,2.685054222231114e-11,1.0875218796112573e-11,2.4507948310777914e-12,1.9450068430800137e-11,4.6198420895020635e-10,6.686740641522112e-10,4.768608092081518e-10,8.616332518791484e-10,2.0121823142342013e-10,2.815780873536582e-10,5.049047870568316e-10,1.6748174157504966e-09,2.1939759880126047e-09,9.591718365940851e-10,3.5992523022811203e-10,6.444350053908328e-10,5.317048941615976e-10
-13.568627450980392,-1.226716939096861e-11,2.679600192112529e-11,3.9717654930468005e-12,-6.221406309159542e-12,-5.4810070571339495e-12,-1.2869165297109372e-11,1.3176467639643972e-11,6.135188648998638e-10,5.872409958412043e-10,3.3737252239577117e-10,9.211012401217988e-10,2.433192388732611e-10,2.4963799668876743e-10,4.884429993295346e-10,1.706975374393559e-09,2.0088952347818583e-09,1.1616128263860083e-09,3.5010914889511173e-10,6.548108578788329e-10,5.91235926300801e-10
-13.411764705882353,-1.794698464246842e-11,4.575520764515371e-12,1.0603983426468487e-11,7.486682655375066e-12,-1.3840334533340604e-11,-6.972537685040678e-11,4.1669376678173704e-11,3.913436692999247e-10,6.598382421077703e-10,5.967811501641465e-10,8.216320460308231e-10,2.3562759024736584e-10,3.041997036298476e-10,5.254881794908163e-10,1.7417585981863717e-09,1.8888684522698107e-09,1.4460155735392133e-09,3.954365377203311e-10,6.722364841575051e-10,6.142158664922858e-10
-13.254901960784313,1.6024292405624592e-11,-9.69409872656365e-13,-1.685031406739015e-11,7.178207399062404e-13,2.0883950546702962e-11,-8.200691438531314e-12,4.12700009231253e-11,7.497015989320837e-10,7.616341958284906e-10,5.817248014929791e-10,1.0798533959490873e-09,2.374951557270111e-10,2.393647737989547e-10,5.340771040417539e-10,1.6516747343374805e-09,1.6486055228641055e-09,1.1732920747862896e-09,3.9041589772303406e-10,7.288765870979583e-10,6.163933733624577e-10
-13.098039215686274,1.377553127273437e-11,1.0214577404109484e-11,-5.300115057787498e-11,2.9504543651251117e-12,-1.0642102991976673e-11,-2.852780310234386e-11,6.724789832399107e-11,8.131463375338465e-10,7.446586736503389e-10,2.608515999344783e-10,1.0302416611953309e-09,1.987665569099967e-10,3.4748564311092916e-10,4.983787174514566e-10,1.9435436382250687e-09,1.4828493367258699e-09,1.1584204593930552e-09,3.2809920503086165e-10,6.84706860154224e-10,4.982960273168944e-10
-12.941176470588236,-8.17166192296841e-12,2.4232607757656414e-11,-2.4587119716280854e-11,-2.425547949735947e-11,-5.456962407900235e-13,2.4875069049609284e-11,8.637541658557546e-11,8.605002211031735e-10,7.195575262549734e-10,3.239045866940554e-10,8.857966579644719e-10,1.6374523244674336e-10,2.664038612562675e-10,4.983787174514566e-10,1.9435436382250687e-09,1.4828493367258699e-09,1.1584204593930552e-09,3.2809920503086165e-10,6.84706860154224e-10,4.982960273168944e-10
-12.784313725490197,-2.3302490360859684e-11,1.0655004998671952e-11,1.8119988824296942e-11,-2.246415314817238e-11,-4.967859060694224e-12,7.665346125754764e-11,1.5053856238214153e-10,8.815850324366923e-10,9.006556645777422e-10,1.635786792685418e-10,1.0836750289993717e-09,2.0722499525634054e-10,3.2372454505458056e-10,5.808093454674887e-10,1.481978744497042e-09,1.5886915357060894e-09,9.736370387742257e-10,4.2621867327844053e-10,7.048987939736301e-10,5.626582745362071e-10
-12.627450980392158,9.205581828703237e-12,-7.41308257115698e-12,5.350139656729725e-11,8.022702397970504e-13,8.07724269189925e-12,4.9757762011921914e-11,3.597246626672465e-10,7.968431858445199e-10,8.656085361009389e-10,2.41156393375033e-10,9.158814987015956e-10,2.0826331357372178e-10,3.052418339035006e-10,5.312685717514724e-10,1.647340539745418e-09,1.8027862631109971e-09,9.535275018601006e-10,3.2014277203847084e-10,5.684832373639259e-10,4.67079915168566e-10
-12.470588235294118,2.0199235183007901e-10,-2.2338065359681348e-12,-7.700445448312393e-12,4.8350270364609705e-11,2.346992322148458e-12,7.601041349906574e-12,2.8021868500358606e-10,1.0026017507413523e-09,9.609772378590444e-10,2.7457874868124876e-10,1.1017909126393905e-09,2.1085837629883275e-10,2.400726248064908e-10,4.5952344438572195e-10,1.3471897204219785e-09,1.5851572655331204e-09,8.327336363996779e-10,3.509507116091745e-10,6.556618038717235e-10,6.554184251078483e-10
-12.313725490196077,1.7546729209216239e-12,1.912408750074857e-10,1.8555255616022005e-10,8.941413240670385e-11,3.520165933053548e-11,8.79013721136094e-11,4.48525949752775e-10,8.330984113190778e-10,9.606910478907257e-10,2.1423606302525306e-10,1.1186165956026268e-09,2.1017691575950465e-10,2.9379746067228496e-10,4.5952344438572195e-10,1.3471897204219785e-09,1.5851572655331204e-09,8.327336363996779e-10,3.509507116091745e-10,6.556618038717235e-10,6.554184251078483e-10
-12.156862745098039,2.9762583801096287e-12,2.582365977478194e-11,3.5162366855672054e-11,2.630818877401894e-10,1.5807802597367177e-10,2.812256279864555e-10,7.334427245846817e-10,9.008996297961955e-10,1.0130767140995931e-09,3.431458771971868e-10,1.0365419456823027e-09,2.1959127551651402e-10,2.774834595680833e-10,5.233866185247695e-10,1.628716199747899e-09,1.8455138975716117e-09,6.261903949101139e-10,3.8357871381773717e-10,6.62982813030286e-10,5.879649743569263e-10
-12.0,1.2674169057843872e-11,-1.4577215056359034e-11,-9.538101731484542e-12,1.6894327503679806e-10,2.4526656221308006e-10,3.4515976316372104e-10,7.697624600926366e-10,6.883977137716691e-10,1.0325012717442919e-09,2.4142088451384077e-10,1.0687177911982856e-09,2.0733847427035927e-10,3.427107276966167e-10,5.417265279194569e-10,1.4745228507209637e-09,2.43153008245205e-09,8.462176996108185e-10,2.622884143246426e-10,5.873987521975826e-10,3.815753840393464e-10
-11.843137254901961,1.3155941720484556e-11,-1.6594912978687714e-11,2.0720622869812817e-11,1.368105339525478e-10,3.695149399850699e-10,2.451929621296421e-10,7.445921110244443e-10,8.384920366028966e-10,1.0521416447751027e-09,2.3816547362417486e-10,8.945401133695e-10,2.1440437556814526e-10,2.478886018614394e-10,4.6135435643670336e-10,1.9098620698745156e-09,2.2794940076025397e-09,7.163390620205678e-10,3.745018588291761e-10,7.408484764697865e-10,3.499156187942838e-10
-11.686274509803921,9.04811870076596e-12,2.241342480365658e-11,8.195706572625238e-12,3.3710597866594e-11,2.3738578189698355e-10,1.4782386286739188e-10,6.505441055956875e-10,4.869636669626943e-10,1.1161561242663876e-09,2.610342806212284e-10,8.351888296427215e-10,2.0324853812475617e-10,3.625044586710072e-10,4.320210575936656e-10,1.6916809250525886e-09,2.25354455326226e-09,8.730834896594124e-10,3.1638946097897115e-10,6.598338436968328e-10,1.9685295472373572e-10
-11.529411764705882,-6.628112750578107e-12,6.9219266312812835e-12,-3.337807796859238e-12,1.8439313491500193e-11,1.6366576781406585e-10,9.323547222993827e-11,3.396426891321587e-10,5.305334505922676e-10,1.0966374406175937e-09,2.765263652484207e-10,4.161592131821312e-10,2.2184384860735e-10,3.0906933150235527e-10,4.320210575936656e-10,1.6916809250525886e-09,2.25354455326226e-09,8.730834896594124e-10,3.1638946097897115e-10,6.598338436968328e-10,1.9685295472373572e-10
-11.372549019607844,1.9585539501937923e-11,-3.2108403253132113e-13,3.3694763584217134e-12,1.9990779804281246e-11,5.273724589340665e-11,3.3607675039922e-11,2.982070147130974e-10,5.072488471044085e-10,3.4655024761955823e-10,2.0108539939915933e-10,7.183060315984358e-10,2.0407954465171084e-10,3.799130777582277e-10,4.6326883830522986e-10,1.8046599863671398e-09,1.7717739440231566e-09,9.041043123415846e-10,3.642890407889606e-10,7.648978170858759e-10,4.264168950182843e-10
-11.215686274509803,-2.782669632468778e-11,-7.755865433438613e-13,1.1597144721093752e-12,1.6367661723281446e-11,3.38586777169784e-11,4.671992586843727e-12,1.0006092703769598e-10,2.7784178348401605e-10,5.673282145313023e-10,2.3138195033835632e-10,5.253887753933829e-10,2.183805394722016e-10,3.880545372563981e-10,4.754439342828082e-10,1.4691063536982385e-09,1.52799639068305e-09,1.1213107691979785e-09,4.508961070413503e-10,7.561097911118727e-10,4.3324176337106553e-10
-11.058823529411764,-5.397437241046616e-12,-1.696320662667199e-11,9.308211428484486e-12,5.65342478273442e-12,-6.662420358698509e-12,-3.1255111391718357e-12,1.079525567686038e-10,6.183063890927059e-10,4.924487792037874e-10,3.321143681827712e-10,5.811333617734921e-10,1.950739439273029e-10,3.8849760389799657e-10,5.241557540650446e-10,1.797304962826471e-09,1.4993820854897124e-09,1.1356792063265095e-09,3.5434218002519326e-10,7.24546790918499e-10,4.398851239462534e-10
-10.901960784313726,1.4026827176202999e-11,-1.7681613825937882e-12,2.637932574773455e-11,-1.1652564703828213e-11,8.27429152267048e-12,1.7644080711422014e-11,5.67307102156456e-11,1.8222647746018257e-10,6.01957787152537e-10,5.218823618266284e-10,5.400577706342096e-10,3.527845559355166e-10,3.207644141830194e-10,5.241557540650446e-10,1.797304962826471e-09,1.4993820854897124e-09,1.1356792063265095e-09,3.5434218002519326e-10,7.24546790918499e-10,4.398851239462534e-10
-10.745098039215687,1.9813377217501156e-12,-4.0814618729250134e-11,-3.130290746653123e-11,2.6450873239734577e-11,-5.386587826172225e-13,-2.8514607868359616e-11,5.132125065048773e-11,2.6519928298805345e-10,6.45093594190856e-10,5.706205720766343e-10,3.9400646756069277e-10,3.7698402899436824e-10,2.9588905190612073e-10,5.276090934672647e-10,1.7253701173168014e-09,1.8375451490271037e-09,1.2862253926219125e-09,3.4059274599465246e-10,5.50326008657104e-10,3.025989751077209e-10
-10.588235294117647,2.8262725508719e-11,-1.4263461709640555e-11,2.234099762939098e-11,6.622541428500032e-12,6.363035156156586e-13,4.200043044243799e-11,5.2766275408172226e-12,2.5075489995603457e-10,4.934985333908928e-10,8.436616361330268e-10,4.890414765072662e-10,3.082450692063322e-10,4.0042961433930766e-10,4.3371297984572206e-10,1.7725814923564675e-09,1.834836607288293e-09,1.314603063280936e-09,2.175005639653423e-10,5.922584103365246e-10,2.9414405549043947e-10
-10.431372549019608,-1.4482209369281125e-11,3.83186668749377e-11,8.633201892703295e-12,2.3400428321625218e-11,-7.2377325697406414e-12,2.7754855605796997e-11,6.21935371757798e-13,1.0575950884549755e-10,4.740795470672522e-10,8.725231320466468e-10,3.7679724312356333e-10,3.242397456426056e-10,3.6038237178500413e-10,4.5917714279501583e-10,1.4917376464787924e-09,1.5298806701252643e-09,7.639272343043025e-10,2.4106783869213917e-10,7.377909940924364e-10,1.2996983131818844e-10
-10.27450980392157,8.561361173015599e-12,-1.5981774429187723e-11,9.116733919078224e-12,-4.35442728496869e-12,1.2345167885400083e-11,7.150644023531175e-12,-3.2691925786265977e-12,1.3961114910419168e-10,3.473768557349927e-10,6.954266684139958e-10,3.525183054322572e-10,4.0158199812574784e-10,4.192759274989577e-10,3.950831986711014e-10,1.6667290304173057e-09,1.4864070650920045e-09,6.785828053501362e-10,3.3106959886200245e-10,5.097128371693118e-10,1.9775199001354828e-10
-10.117647058823529,1.8317330881875385e-11,-4.147115493984405e-12,-1.6523365480313928e-12,2.541050233045327e-11,2.159913223982818e-12,-4.226286898687256e-12,4.673751951853231e-12,1.493313450669714e-10,3.02476992498558e-10,4.93066022936689e-10,4.232136786101374e-10,3.7319699678033723e-10,3.1860391450421936e-10,3.950831986711014e-10,1.6667290304173057e-09,1.4864070650920045e-09,6.785828053501362e-10,3.3106959886200245e-10,5.097128371693118e-10,1.9775199001354828e-10
-9.96078431372549,-4.2497450937656526e-12,1.0308116953546987e-11,-1.6708391992547215e-11,2.0467567601015855e-11,1.2762723740817268e-11,-3.5906578064344187e-11,5.936682478003127e-12,1.4001052485908066e-10,3.2208892246885497e-10,9.273874496921222e-10,3.2090252430106545e-10,3.657566440589791e-10,3.5456210059526503e-10,4.1234197854284843e-10,1.4181217281327383e-09,1.6586770052834182e-09,1.019573460962754e-09,2.7099638921103947e-10,5.88675171184209e-10,1.3082664185925092e-10
-9.803921568627452,-3.518729062580893e-15,8.887723287187716e-13,-2.1971531069062706e-12,-8.220044449171916e-12,6.857123369957863e-12,-1.9900465757812743e-11,3.978216496115647e-12,1.3421165927148378e-10,2.2871270107438474e-10,7.816296672727039e-10,5.175176715822616e-10,3.381284627014482e-10,3.016128512724959e-10,4.697881636796097e-10,1.6024855403054463e-09,1.053183775049075e-09,8.340889335652326e-10,2.3681193582323126e-10,6.575792180134593e-10,1.844942983763451e-10
-9.647058823529411,1.149158284921883e-12,3.6812357584594114e-11,1.8530507221031453e-11,3.322618615795349e-11,-2.814631422029553e-11,8.559015353667268e-11,-1.509094950769228e-11,1.510121246775004e-12,2.176888159730308e-10,8.208690682669651e-10,3.3036995822223376e-10,3.780918422118336e-10,3.095417208865662e-10,4.71990008425691e-10,1.5591884581823596e-09,1.2883269535876404e-09,1.1529983910485709e-09,2.984744381260708e-10,6.51976228346836e-10,2.2890036662734386e-10
-9.490196078431373,1.3655894483015552e-11,1.006180591439061e-11,1.5613187554312433e-11,1.7834971765453318e-11,3.3401536158890698e-12,-8.312997545623932e-13,1.109807164027037e-11,1.2494713872954927e-10,2.4787276758033926e-10,9.196318774872488e-10,2.9798826705280337e-10,2.2244994969795924e-10,3.346194100879054e-10,5.513405755534726e-10,1.6466068847240133e-09,1.0080361346373967e-09,1.0699088810045092e-09,2.8810679600543177e-10,5.608992032041166e-10,1.7607544573338878e-10
-9.333333333333334,6.8802883363125736e-12,6.069807712486143e-14,-9.090050224217458e-13,-8.441431156406276e-12,-1.2341942383626615e-11,-5.814113413640701e-12,1.7647012985029824e-11,1.3185821594603533e-10,2.844182882067611e-10,1.080479436504725e-09,3.9226264405495597e-10,2.5432582355651193e-10,4.342862394642265e-10,5.513405755534726e-10,1.6466068847240133e-09,1.0080361346373967e-09,1.0699088810045092e-09,2.8810679600543177e-10,5.608992032041166e-10,1.7607544573338878e-10
-9.176470588235293,-1.0276448391187596e-11,4.063252449468811e-12,1.3831537710046743e-11,1.6005232623468955e-11,1.0232171049660993e-11,-1.483056355284366e-11,1.3067093809664138e-11,1.4301405338926508e-10,2.4830322544245173e-10,1.1190488128292704e-09,2.886882659923334e-10,2.5545973401499164e-10,2.903581961863943e-10,4.783143375616019e-10,1.7555007015322156e-09,1.021424312479034e-09,1.2841464101668453e-09,2.651725992922378e-10,5.206906855650459e-10,2.0028518175205924e-10
-9.019607843137255,1.925272637306277e-11,-9.767112350625191e-12,2.3059111596187715e-11,8.280742525500124e-12,7.278197954596916e-12,3.682936477453298e-12,3.3305064335606516e-11,1.7926839918107933e-10,2.454334086187222e-10,1.1142307929835439e-09,2.8974681700214263e-10,2.39648617947686e-10,3.7088812402365734e-10,4.226489225865218e-10,1.8990323013296433e-09,1.4719647346515668e-09,3.8337316139160266e-10,2.6623701485069715e-10,5.72955248847112e-10,1.673214341409341e-10
-8.862745098039216,-1.8900267005859734e-11,4.224117015951605e-11,6.616970108015787e-12,1.0238328825281211e-11,8.128264263468462e-13,-1.2078917382140609e-11,-2.4246389447015793e-11,2.7073893553045226e-10,3.0063552425981566e-10,1.2354463194827853e-09,3.943055595357778e-10,3.8644823741376317e-10,3.1798403172444135e-10,4.606031077701454e-10,1.9346397874184156e-09,1.3354398042125205e-09,2.824146652004599e-10,2.492603197627519e-10,5.100758527240208e-10,1.9478452845729062e-10
-8.705882352941178,1.5370395245015815e-11,1.2409971146484336e-11,3.916931964093593e-12,1.0532142706781307e-11,1.4694799254417283e-11,1.8931935568219125e-11,4.746472353726627e-12,3.103158412926996e-10,3.5917046283105723e-10,1.174141554640185e-09,3.7507981008626614e-10,4.0796731856643147e-10,4.07327203094281e-10,4.606031077701454e-10,1.9346397874184156e-09,1.3354398042125205e-09,2.824146652004599e-10,2.492603197627519e-10,5.100758527240208e-10,1.9478452845729062e-10
-8.549019607843137,1.743149082604694e-11,-4.408674358546685e-12,1.2350739208593965e-12,-9.265986637514089e-14,1.2341942384343668e-12,-9.361872048281348e-12,2.371183584835799e-11,2.8323042390176925e-10,4.899756990883254e-10,1.1436711198371332e-09,5.759590706045056e-10,4.4458937155117396e-10,4.2520557251883583e-10,3.9282446780424664e-10,1.9452390792059486e-09,1.287061677241664e-09,4.565489453707018e-10,2.5250693382960187e-10,3.6806844908993705e-10,1.9077141789752006e-10
-8.392156862745098,2.4816423563906602e-11,1.834284166837519e-11,2.2146001390922004e-11,-1.537684624856268e-11,-3.298837871480182e-11,-1.216014137985946e-11,1.2255147065423551e-11,3.954479735896489e-10,4.715583776537049e-10,1.115604856704364e-09,5.81185556255481e-10,2.8941869551173347e-10,4.6236745719575017e-10,4.516159803737141e-10,1.8486086198318056e-09,1.2433901436956105e-09,3.214306268962243e-10,1.9095263244710755e-10,4.6318468203358457e-10,1.557275149224104e-10
-8.23529411764706,-1.3130137706296821e-11,-1.139452456832826e-11,-1.4399812464000151e-11,2.2099671456937715e-11,-1.2804655262836025e-11,-9.504673804593731e-12,1.0787837023012574e-11,4.4007924050336465e-10,4.850782146099692e-10,1.129206210885158e-09,5.298543358723679e-10,3.0565587102989514e-10,3.938715829445231e-10,4.940333802169113e-10,1.88539927858641e-09,1.6975665859579905e-09,3.056544048926926e-10,1.944188738563421e-10,3.0729794461846626e-10,1.7324814688648719e-10
-8.07843137254902,1.1764577581640613e-11,1.1608873820623663e-12,8.151722452969565e-13,-1.4050578598012643e-11,1.2507909107170404e-11,3.942149522587554e-11,-6.723704890879722e-12,6.642727204795406e-10,5.80311738524226e-10,1.205531257425557e-09,6.596051263036664e-10,4.198826150444885e-10,3.9725014935323295e-10,4.4167967579745326e-10,1.984268236135139e-09,1.3209622864809001e-09,2.5795979105378147e-10,1.633212255879387e-10,3.701131239352902e-10,1.766616073590668e-10
-7.921568627450981,1.2716393807390752e-11,3.3568675792547204e-11,3.968100149821912e-11,8.174300970004742e-12,-2.1928133412670504e-11,6.628112749781193e-12,8.844618867248508e-12,9.061258222201048e-10,4.374214271090374e-10,9.931067534415212e-10,7.011047243017456e-10,4.4876023846653737e-10,4.3474015552069206e-10,4.4167967579745326e-10,1.984268236135139e-09,1.3209622864809001e-09,2.5795979105378147e-10,1.633212255879387e-10,3.701131239352902e-10,1.766616073590668e-10
-7.764705882352942,-3.0756624769218783e-12,2.3284310260171938e-11,-3.802280040281363e-12,4.455883973840645e-12,-8.190721705921958e-12,-1.1416223398078329e-11,1.653802684875093e-13,9.843967259631447e-10,5.393927308307429e-10,6.88055517365185e-10,5.72434476937415e-10,4.164069903575097e-10,3.9875000764003783e-10,4.809516250361003e-10,1.916482558711514e-09,1.6078750604057037e-09,2.5941918395580184e-10,1.6143606646266208e-10,2.946706919487864e-10,1.3754565511143378e-10
-7.607843137254902,-1.183847089274997e-11,4.30809735098453e-12,2.2539219369234606e-11,2.4327026989359625e-11,9.592935259720395e-12,-1.3439199413999986e-11,2.0379306145570425e-11,1.1755417156020036e-09,7.575603871913164e-10,7.599062066037429e-10,6.363252144546234e-10,3.167691904963288e-10,4.1879826002112107e-10,5.414042709769726e-10,1.7345088432920422e-09,1.5434186871818174e-09,2.5229874235667047e-10,1.3948212903636185e-10,3.4704257646869306e-10,1.3992519567796033e-10
-7.450980392156863,2.36666788252032e-11,1.2165419472656289e-11,2.099860247053141e-11,8.737884083986016e-12,-2.6195178923901768e-11,-2.357548503753147e-13,6.642451571013002e-11,1.1436069030307862e-09,8.419928788484965e-10,5.50110193271358e-10,6.009068600558292e-10,2.350088803773017e-10,3.4496828565329495e-10,5.262238871041209e-10,2.0848783781427195e-09,1.2020582717853273e-09,2.694892002385099e-10,1.3914169199422606e-10,3.1752483757461324e-10,1.223180616229696e-10
-7.294117647058824,-5.081631298124992e-13,1.7218607714578283e-11,1.700748396764079e-11,1.2040797816633065e-11,-7.487855564531275e-12,-4.6173349949812964e-11,4.740021350267377e-11,1.1089573909443408e-09,1.1282684695750507e-09,2.9303624227319743e-10,6.447915699415967e-10,2.7491596022185037e-10,3.926620198099008e-10,4.851899342594566e-10,1.5516343332197412e-09,1.256274850045814e-09,2.8861877109207397e-10,1.388387880625416e-10,2.6115039868212375e-10,1.3709027291787755e-10
-7.137254901960784,-2.1440496202734544e-11,-2.201551518234435e-12,1.2167472064875119e-11,8.792131157803089e-12,1.3262383275660977e-11,6.1923767942342996e-12,1.1579551074667215e-12,1.3910319123307505e-09,1.15013649136526e-09,3.860925525453604e-10,5.038113419828896e-10,2.7065067407507063e-10,4.037454300788808e-10,4.851899342594566e-10,1.5516343332197412e-09,1.256274850045814e-09,2.8861877109207397e-10,1.388387880625416e-10,2.6115039868212375e-10,1.3709027291787755e-10
-6.980392156862745,6.198827796984512e-12,9.65891143593654e-13,-7.689889261125027e-12,-1.0365296301290758e-11,3.485007964659359e-12,-4.559686476562921e-13,1.2216704949832395e-10,1.3447582786009032e-09,9.755002058414352e-10,2.283376631957796e-10,3.50341678244829e-10,2.2755973083309534e-10,2.880469776103253e-10,5.206713325549631e-10,2.009583732779885e-09,8.58239437644339e-10,3.23263884767032e-10,1.3301851687280249e-10,2.2101137594331252e-10,1.4364947722261497e-10
-6.8235294117647065,2.9258232624843292e-12,1.0474083674063468e-12,4.726826115797194e-13,-3.723988316240046e-14,-8.431754650607887e-12,-2.5018457260500354e-11,1.2942970639921914e-10,1.3065261138168796e-09,1.1792173213938515e-09,4.642461653177429e-10,4.1213701257200914e-10,2.335242699167079e-10,4.065876835244096e-10,4.825983902635675e-10,1.908079540348283e-09,1.1444382027851098e-09,3.0664873909615525e-10,1.4912608586836507e-10,2.664194023099988e-10,1.613316774988277e-10
-6.666666666666666,1.0720101487922022e-11,3.013029098812516e-11,4.8297489428672635e-12,1.9108751706318864e-11,1.7138849854818804e-11,2.395668074995331e-11,4.0678443912758485e-10,1.4182094031335258e-09,1.279802539070283e-09,2.3141919022151879e-10,3.0683816401382094e-10,2.2591355206044533e-10,3.3279465581240903e-10,4.787644416614049e-10,1.6139026433853915e-09,1.183734196672616e-09,2.9369189879897556e-10,2.0754725219810773e-10,1.9494961549840925e-10,1.694288596556309e-10
-6.509803921568627,2.9379335548219e-11,-1.4986853771625254e-11,-9.107350641445397e-12,1.8131424693590773e-11,-7.766128392300015e-12,1.4596568067000152e-11,4.790356770308892e-10,1.4145716236797053e-09,1.2417360477822749e-09,2.2821128217499382e-10,2.644926048900721e-10,2.5107041266696575e-10,2.5115720798514506e-10,4.787644416614049e-10,1.6139026433853915e-09,1.183734196672616e-09,2.9369189879897556e-10,2.0754725219810773e-10,1.9494961549840925e-10,1.694288596556309e-10
-6.352941176470589,1.3946482862343816e-11,1.2205005175406427e-11,3.4096485159889667e-12,-3.918398101017228e-12,-1.5269818237851728e-11,2.4786514366875158e-11,4.876401426357893e-10,1.227038902708485e-09,1.2135542530435903e-09,2.4058899830470014e-10,2.6383988063853936e-10,4.773581229236392e-10,3.18595117681466e-10,4.032531012296982e-10,1.8475899477511823e-09,1.0484422875616765e-09,2.496684923405361e-10,1.4139103958336822e-10,8.224941346644432e-11,1.4874401053157922e-10
-6.196078431372548,1.356176847421837e-12,1.4675856762618852e-10,2.2611939771347005e-11,9.234112857882253e-11,3.646576276635958e-11,1.5764434260932933e-10,9.987962451989792e-10,1.1500365008128131e-09,1.1040197343087122e-09,3.3438160264491335e-10,2.2156997419090942e-10,4.5352752996738984e-10,2.5254006852875706e-10,4.718671461339596e-10,1.661660887576159e-09,9.294036814771764e-10,2.575847531752002e-10,1.3987681315247444e-10,7.217206649800371e-11,1.07225939205643e-10
-6.03921568627451,1.6411909741584987e-10,1.7698914239474652e-10,3.4587142612705086e-10,2.1942032392682503e-10,1.7185179788125907e-10,3.4657135999387745e-10,1.0228470519524696e-09,9.99833977061551e-10,9.844524391740754e-10,3.0698858968355375e-10,2.361416179260673e-10,4.331455847749986e-10,3.279379299463655e-10,4.6403064315921427e-10,1.6450932447486699e-09,7.955263014719215e-10,2.577779900493768e-10,1.6309690660653866e-10,7.268169576537705e-11,1.2040563234698057e-10
-5.882352941176471,-2.1373053894136073e-11,5.220914329359099e-12,3.0032353027355785e-12,5.031797301059707e-10,2.8830179224405977e-10,5.632957509612182e-10,8.513738106788466e-10,9.14368445180655e-10,1.192920425491691e-09,6.024530482760527e-10,2.2324225020447816e-10,4.455315112727033e-10,2.952289969689747e-10,3.484098959586775e-10,1.2536586749460885e-09,1.029773376995103e-09,2.308746668903313e-10,1.0847714063473205e-10,8.793949167879902e-11,1.4655008292596824e-10
-5.725490196078432,3.3753409070717764e-12,3.4614911250000175e-11,-1.4951666480202144e-12,1.2218200409709454e-10,6.380124450670264e-10,6.192502881794999e-10,7.119693869105511e-10,1.0947698751379567e-09,8.761101831556327e-10,5.737666091362165e-10,2.0197006654503417e-10,3.768447459666402e-10,2.5968983287046906e-10,3.484098959586775e-10,1.2536586749460885e-09,1.029773376995103e-09,2.308746668903313e-10,1.0847714063473205e-10,8.793949167879902e-11,1.4655008292596824e-10
-5.568627450980392,-1.3007861869382671e-11,-1.2365693805276329e-11,-1.530940394020095e-12,1.3619534281241996e-11,4.027962528990592e-10,1.9778160598392816e-10,6.197502409411544e-10,6.62538866706398e-10,9.019092118262595e-10,2.8273604246067857e-10,1.8544318232944347e-10,3.7189506700652605e-10,3.233926116073973e-10,5.13393134600406e-10,1.6706301280998772e-09,8.218484478715933e-10,2.1390266344132182e-10,1.1465778833166643e-10,8.845381258502875e-11,1.7468085609261222e-10
-5.411764705882353,-5.211237824756469e-12,-5.743826799597222e-11,-4.430959642715532e-12,-1.2280364624154616e-12,8.49591281152883e-11,8.085159832405351e-11,5.987117595406675e-10,6.909836864468346e-10,7.093279942521331e-10,5.622932063898368e-10,2.197085664870437e-10,4.688920606640424e-10,2.572214443937549e-10,3.9694343346512535e-10,1.6054236791192982e-09,9.226433231579751e-10,2.0924503899785777e-10,1.2394840611459933e-10,6.56697483141989e-11,1.3449696955753687e-10
-5.254901960784315,-1.1246737945631655e-11,3.305347520357393e-11,-9.087411176385877e-12,7.427450715093683e-13,4.083309205762529e-11,2.3123914858148572e-11,1.1235771239776979e-10,3.4501989368029936e-10,5.959416400419041e-10,1.0707783003246376e-09,2.2551857471688443e-10,2.9323798274258175e-10,3.2417963402023397e-10,4.735054077661075e-10,1.4154211035343976e-09,1.070627874654799e-09,2.39557130990547e-10,1.2864854853489935e-10,1.1419742127204455e-10,1.747705836852997e-10
-5.098039215686274,5.658702877682791e-12,1.9586125956754778e-11,9.671226982636582e-12,-2.2892851646072254e-11,2.605706880596734e-11,-2.5047780003830232e-11,5.265074380257239e-11,2.8516983010094263e-10,5.604341445055586e-10,9.688363193455664e-10,3.267137054405086e-10,3.443401925055821e-10,2.978577808480176e-10,3.7957586621766594e-10,1.7160501767906104e-09,9.175866161870943e-10,2.373951651745845e-10,1.3301294555168064e-10,1.1607847521336178e-10,1.3099583408440871e-10
-4.9411764705882355,1.929055271072352e-11,-1.9095263244726647e-11,-1.513786589585641e-11,1.363360919765171e-11,-1.522700703364712e-11,1.1809734604476667e-11,3.977571395745023e-11,1.619946647101792e-10,5.143537476497288e-10,6.279840670788092e-10,3.700530123127433e-10,4.0467232197423104e-10,3.620004007248194e-10,3.7957586621766594e-10,1.7160501767906104e-09,9.175866161870943e-10,2.373951651745845e-10,1.3301294555168064e-10,1.1607847521336178e-10,1.3099583408440871e-10
-4.784313725490197,1.2775332520143836e-11,-1.4946974841187703e-11,-6.013508063756346e-12,-8.709441023559511e-12,4.473184392183115e-12,8.997976811306218e-12,1.443617266425957e-11,1.1833573994297427e-10,4.537151955204126e-10,8.65827283761233e-10,3.5307309172334314e-10,3.40101296827329e-10,2.7056006680038375e-10,4.5017506079957476e-10,1.8116511146709926e-09,1.1441593435023645e-09,2.4124054964635956e-10,1.9452502218478732e-10,1.194432599329274e-10,1.0770859154967266e-10
-4.627450980392156,-2.137188098450159e-11,1.7736154122581386e-11,2.223191702662044e-11,3.2310143677247194e-11,9.8987714656498e-12,-1.2276259440196928e-11,1.0518067790530193e-12,1.0741037925692413e-10,2.965077617762646e-10,7.707796660353242e-10,4.0642523553014355e-10,2.931473754678677e-10,2.7338677919226573e-10,4.727441893667968e-10,1.4514939415493193e-09,1.042665120803688e-09,2.429412687205142e-10,1.4087818481422132e-10,8.44612279449756e-11,1.4294191944233633e-10
-4.470588235294118,2.715960392985479e-11,-3.8113700903859675e-12,-7.386105647493887e-12,-2.602334765186726e-11,2.62535311818377e-11,1.1628520054889187e-11,2.5753578419545456e-11,9.683307952619137e-11,3.2976356390411955e-10,7.753801111304867e-10,4.299587891031593e-10,2.929881529753192e-10,3.9158470224477e-10,4.3750441047075364e-10,1.6001414802575503e-09,9.258183897327457e-10,1.8286542002275442e-10,1.2549254174284307e-10,1.1932069086880398e-10,1.4719459680970182e-10
-4.313725490196079,-2.4710275235779932e-11,-7.0005115815656e-12,1.186720718014699e-11,2.8334566227609392e-12,-3.715191494390721e-13,1.641633747565797e-11,3.2589296187281586e-12,1.0822848377694457e-10,7.140510084116581e-10,7.95739771038526e-10,4.061927061809044e-10,2.5747215384344716e-10,3.2846779190615106e-10,4.3750441047075364e-10,1.6001414802575503e-09,9.258183897327457e-10,1.8286542002275442e-10,1.2549254174284307e-10,1.1932069086880398e-10,1.4719459680970182e-10
-4.156862745098039,1.803114091371577e-11,-3.9233829673218905e-12,-1.9554457394714187e-11,9.87971168293604e-12,-6.276533065481332e-12,9.026419871653099e-12,1.7766649774828213e-12,8.686510638788967e-11,4.79187275610416e-10,6.082753720577716e-10,2.986846821909818e-10,2.5443402447697676e-10,3.5627953363263393e-10,5.464319484326335e-10,1.3562615905446487e-09,1.0549809659463224e-09,1.4916127315954792e-10,1.7218754328467422e-10,1.003280572233326e-10,1.3759550377386708e-10
-4.0,-1.0249764695292253e-11,-1.6525711305796994e-11,1.8912582557817337e-11,-9.44162990772191e-12,1.5057228352875251e-12,1.1524717545951598e-11,-2.8692890143223616e-11,8.229574339987089e-11,2.507373063104034e-10,6.511179516695672e-10,5.106344509713787e-10,2.788806882562144e-10,3.3106402754087254e-10,5.228145318156758e-10,1.1469608383357241e-09,1.1747001528877815e-09,1.3539248611828692e-10,1.4430044210954497e-10,1.1087603421140517e-10,1.3395010040698498e-10
-3.8431372549019613,2.3359669709081342e-11,8.634668029706327e-12,-3.445715489437508e-12,6.101476291753148e-12,-1.1139416707392354e-11,-2.8549208704247007e-11,1.0378491535593825e-11,8.770315037304903e-11,2.576639245803815e-10,6.799838459944595e-10,4.332259290898861e-10,2.7540447711445043e-10,4.391124696779516e-10,4.771053608819083e-10,1.003024291462437e-09,9.105406543543518e-10,1.7002293842182714e-10,1.1419800772686175e-10,1.7588690049806842e-10,1.6853832796120945e-10
-3.6862745098039227,1.7123895255984477e-11,-6.388252714889128e-12,3.662117330287529e-12,-3.0608544920986155e-11,-2.994731707448408e-12,1.8190070178895452e-11,-3.4633091349891114e-12,9.425561044679129e-11,2.6874528225736596e-10,7.064086219932753e-10,5.640323382567086e-10,2.805558965441082e-10,4.907064218351661e-10,4.735760755758816e-10,9.199626380244389e-10,7.760131891444087e-10,1.1840142288640398e-10,1.3293406737400362e-10,1.188119412836802e-10,1.705865215356769e-10
-3.529411764705884,3.698477531104737e-12,-1.10622978941907e-11,2.955849750638459e-11,4.009591830707851e-12,1.146519237806244e-12,1.2316431597525109e-11,1.8804088410182972e-11,1.0781386019577268e-10,2.0666962251035772e-10,5.239839227926913e-10,5.006148698059769e-10,3.4225798454969775e-10,3.8982240541130425e-10,4.735760755758816e-10,9.199626380244389e-10,7.760131891444087e-10,1.1840142288640398e-10,1.3293406737400362e-10,1.188119412836802e-10,1.705865215356769e-10
-3.372549019607842,9.796435093715707e-12,4.3690886629672605e-14,2.466042657281258e-12,-7.49635915981878e-12,2.6012205009703335e-11,1.1716488282885959e-11,-2.0305999288640658e-12,1.4627239655309635e-10,1.797718706725138e-10,5.778864544792494e-10,6.585908526353438e-10,4.2490648054366236e-10,3.3929081622033055e-10,4.62077748498353e-10,9.616663223113943e-10,9.545587827191176e-10,1.2587549676195842e-10,1.376893365504159e-10,1.0442679019170672e-10,2.501619940994249e-10
-3.215686274509803,-1.3310179346170447e-11,-3.5533299549656247e-12,1.4519742480768841e-11,2.7389201004848638e-11,-1.2715220897756329e-11,1.3734772659871951e-11,2.205832638997518e-11,1.6501695979562923e-10,1.5661628725232452e-10,4.088733913145046e-10,5.77218482401593e-10,4.5471744686450486e-10,3.3057639033046647e-10,4.275663465299533e-10,7.334896409728458e-10,8.455846215964185e-10,1.2612327393744042e-10,1.4127081633838597e-10,1.280832060564439e-10,2.092517832286634e-10
-3.0588235294117645,1.0269997387720386e-11,7.255326215212555e-12,1.729836557480778e-11,1.6973176358707627e-11,1.1262865453940669e-11,2.8910171666418954e-11,-1.0892519214295401e-11,1.877936933808061e-10,1.8045333121184199e-10,5.382717223790381e-10,6.47626785928889e-10,2.512859348253112e-10,3.691187897318276e-10,5.961747558461198e-10,6.566637619878173e-10,6.591356691938203e-10,1.3629093495318101e-10,1.5185016866108263e-10,1.5493110923198078e-10,2.759132266995271e-10
-2.901960784313726,-1.02412610998454e-11,2.0277556228612647e-11,-2.427923092171929e-13,-6.776779055110359e-12,1.7397769672425144e-11,4.002554372423453e-12,1.0106083256315772e-11,2.3128313269548446e-10,1.880702068440435e-10,1.9236657509788734e-10,4.729101560901174e-10,5.325027659890303e-10,4.311542773212687e-10,5.961747558461198e-10,6.566637619878173e-10,6.591356691938203e-10,1.3629093495318101e-10,1.5185016866108263e-10,1.5493110923198078e-10,2.759132266995271e-10
-2.745098039215687,1.1252895721474773e-11,-8.211540853262881e-12,-6.8198834868352e-12,-5.552261321820977e-12,1.5356320328686043e-11,-5.2880634105094286e-12,4.16236332002816e-12,2.7960466677245836e-10,2.1702700167117812e-10,3.345971248034181e-10,6.154914057978418e-10,4.702711092511675e-10,3.542152125496619e-10,5.062621368140474e-10,9.162509652591345e-10,5.987912241732136e-10,6.697812909152658e-11,1.515883165691673e-10,8.872123599798625e-11,1.7886960988100753e-10
-2.5882352941176485,5.803557226389409e-12,1.1800058099411332e-11,1.0464993626354568e-11,2.571604530670257e-13,-2.0520348537750098e-11,-2.5523688117103303e-11,2.506126846542206e-11,2.7186111689193477e-10,2.2850099087237502e-10,4.3634117726955776e-10,3.096156141981538e-10,4.848967068329331e-10,4.996856320912066e-10,4.785195967601364e-10,7.809100871678681e-10,6.035617411759591e-10,1.4599676277218025e-10,1.2160757156842164e-10,1.2196677516591087e-10,1.5251931364850876e-10
-2.4313725490196063,-6.471236076637076e-12,7.006669357532628e-12,2.1651913176953097e-12,-8.989473215923185e-12,-2.331451268536888e-11,-2.801993319938224e-11,-8.562240855440687e-12,3.5902795430179467e-10,3.845651308804106e-10,2.2089291206298905e-10,2.449833045189909e-10,3.4513395914921495e-10,4.3896409660011875e-10,6.399996473368288e-10,6.468814018105827e-10,5.358004016280834e-10,1.5187216071808425e-10,1.6480319700179932e-10,1.327411237272197e-10,1.4324716919340102e-10
-2.2745098039215677,9.055156159440534e-12,1.4034157862371926e-11,3.679564362130807e-11,6.274480473421913e-12,-9.113215189936077e-12,1.4017443899064475e-11,2.2608421042284613e-11,4.191357647890437e-10,3.13307640725871e-10,2.5834655802950334e-10,2.980451531735927e-10,2.596273754286534e-10,4.294306865079686e-10,4.787796894874965e-10,9.044919589994127e-10,3.0741552881665946e-10,1.4230884142847022e-10,1.471362445517659e-10,1.7123367446609182e-10,1.1868761285480237e-10
-2.117647058823529,9.036096376694596e-12,-1.3620413963483999e-11,-2.3565515362536717e-11,-1.691071891690794e-11,1.1517093632850071e-11,7.144193020591646e-12,-3.3812054556422104e-12,5.416825438046618e-10,2.6752369679833784e-10,1.261308978505181e-10,3.2054156133894137e-10,3.1821392202696325e-10,4.949775725304363e-10,4.787796894874965e-10,9.044919589994127e-10,3.0741552881665946e-10,1.4230884142847022e-10,1.471362445517659e-10,1.7123367446609182e-10,1.1868761285480237e-10
-1.9607843137254903,4.331848772514878e-12,2.8093826510834262e-11,1.1207445470385552e-11,-4.178490828656202e-13,-2.608991027772207e-11,5.564576873733387e-12,9.987912603281318e-12,6.535684532731969e-10,4.134515511253387e-10,1.638716134675371e-10,2.63895593849519e-10,4.0082781718464194e-10,5.821467557596447e-10,5.144384903760317e-10,8.531237919606012e-10,3.8547794785924754e-10,1.3520130183609005e-10,1.4580528526265448e-10,1.6234037984614804e-10,1.417376344015229e-10
-1.8039215686274517,-6.589406729559896e-12,1.1816478835336484e-11,1.1978340374657855e-11,-7.157388254765653e-12,5.418842843109697e-13,1.7332086728836074e-11,3.421348290305176e-11,6.013258820484091e-10,4.353861355413172e-10,1.5798360674230897e-10,5.344691491114681e-10,3.983324517845888e-10,5.166948754233786e-10,4.880653224042203e-10,6.10356113876597e-10,4.660820622353635e-10,1.2691879994558857e-10,1.4279823800331192e-10,1.6088245308121053e-10,1.8933606964443885e-10
-1.647058823529413,1.3991639885506503e-11,-1.1397750069942077e-12,1.0162676149561031e-11,1.0938555920193847e-11,2.4719951740940785e-11,1.1039719382366328e-11,2.789149958664864e-11,6.643835604468422e-10,2.264082267290642e-10,1.275873584781337e-10,5.167520547716005e-10,4.832059574914675e-10,5.607871903271806e-10,4.829537819045458e-10,6.459718103334552e-10,3.8973736945744914e-10,1.1205070328212582e-10,1.4481065783188696e-10,1.115701035299961e-10,2.296079244075907e-10
-1.4901960784313744,1.1315646390770713e-11,-9.626656413820138e-13,-2.5869989707889242e-11,9.404096797190702e-12,-8.425890102037581e-12,7.268521449443912e-12,3.10642203418314e-11,6.742122505574954e-10,4.922531965102863e-10,1.5334709467361831e-10,3.859770209392902e-10,4.32133363698528e-10,3.902431867682559e-10,3.915072902042076e-10,6.554046434183487e-10,3.652537590224178e-10,1.2162047357525244e-10,1.3844381071890102e-10,1.0312192814355076e-10,2.3166872676149228e-10
-1.3333333333333321,-1.5602631367921978e-12,-1.6770556206914185e-11,2.2837431662381402e-11,3.806033351198934e-11,1.5118806113062986e-12,1.1708277914967244e-11,8.01642732362349e-11,6.014197148248167e-10,5.071987052144708e-10,1.1064027936040863e-10,2.91573623869563e-10,2.8475462006495356e-10,4.1143355997572166e-10,3.915072902042076e-10,6.554046434183487e-10,3.652537590224178e-10,1.2162047357525244e-10,1.3844381071890102e-10,1.0312192814355076e-10,2.3166872676149228e-10
-1.1764705882352935,8.874234837309454e-12,-5.742859149168789e-12,8.016251387090693e-12,1.6915703783053286e-11,-7.006082902767261e-12,2.5287053583904826e-11,1.5701566300729336e-10,3.9764659283393254e-10,5.335962110625741e-10,1.2675723163368368e-10,3.164170243570522e-10,2.0198502114378894e-10,4.1880207197750456e-10,4.479922758363741e-10,6.555641591382947e-10,3.508677282481675e-10,1.1256619709798986e-10,1.996805467984842e-10,1.2263005560483835e-10,2.2598187405091096e-10
-1.0196078431372548,-3.214945504650018e-12,-1.4599500340767285e-11,-7.765541937482863e-12,-2.7323811288708004e-11,1.330372834270351e-12,3.1170075442034293e-13,2.1486650199237816e-10,3.5969504669718546e-10,4.889001408877019e-10,4.77952494917244e-10,4.1360256324996856e-10,2.004517349304202e-10,4.871551444722598e-10,3.8800762086823403e-10,5.254864201263965e-10,2.967766513264005e-10,1.1301630119779299e-10,2.2584581652495628e-10,1.775483270970013e-10,3.2865281841231335e-10
-0.8627450980392162,2.0038869103275153e-11,2.468388476789077e-12,-9.71374495947197e-12,3.414662704982834e-11,-1.681747259515791e-11,-6.046349534953422e-13,3.2841149224025866e-10,3.68160229274365e-10,5.576734082845118e-10,1.4032251884094943e-10,1.0278849923681088e-09,1.9714178373932954e-10,6.094990101087793e-10,3.8601689986936116e-10,5.537520779092573e-10,3.1967243524671787e-10,1.1621922437809302e-10,2.2825585274380945e-10,1.475875215612432e-10,2.5596115291440656e-10
-0.7058823529411775,8.4003793158563e-12,1.1733202246171947e-11,-2.1346956653297107e-12,1.1176070135737573e-11,4.0216434779461236e-11,3.1940090664890945e-11,3.624176633527244e-10,2.739066714195535e-10,5.837337025921729e-10,2.071807179149734e-10,1.0849244710642484e-09,2.5977692141620025e-10,4.781700696676487e-10,3.8601689986936116e-10,5.537520779092573e-10,3.1967243524671787e-10,1.1621922437809302e-10,2.2825585274380945e-10,1.475875215612432e-10,2.5596115291440656e-10
-0.5490196078431389,7.810992188643814e-12,1.2236380510157934e-11,1.1502139034015712e-11,-9.656272383801609e-12,1.3118408609236027e-11,5.934307335885973e-11,3.955250924028262e-10,1.265311532876727e-10,3.652496538384026e-10,9.509834607072725e-11,1.1037065674170735e-09,3.9312443946160594e-10,6.811588082926127e-10,4.823338991248394e-10,3.917324888677059e-10,3.558707746000245e-10,1.6508557501362308e-10,1.8840331320068574e-10,1.451798311617385e-10,2.466051454152534e-10
-0.39215686274509665,4.201685117859393e-11,5.7885733048898794e-11,1.1991828836401487e-10,9.269094889867096e-11,6.138276333790822e-11,1.5560054744671982e-10,3.0646136677054895e-10,1.7913937911332938e-10,3.7824725274788693e-10,2.1486738167472338e-10,9.575309359147896e-10,3.41148118740157e-10,3.7285597328325736e-10,4.918104230962957e-10,4.5826139354175796e-10,2.5876176806549247e-10,1.6700562820255436e-10,1.7912295837757157e-10,1.5020311020607146e-10,2.1427359613586398e-10
-0.235294117647058,-2.8927472084601783e-11,1.6401089649534598e-11,-8.835528816904892e-12,5.926126290680198e-11,1.6448621815364163e-10,1.1024882074598991e-10,1.5804577095675583e-10,6.551375132334422e-11,2.1017134443846245e-10,2.463597140593987e-10,8.088948330761074e-10,3.1768640588651007e-10,3.9968657604042936e-10,4.130216797179639e-10,3.6248217338651974e-10,3.1699585529699753e-10,1.7313613400955118e-10,1.6721381967548556e-10,2.1549870032403439e-10,2.180110729147422e-10
-0.07843137254901933,1.3768787041340833e-11,-2.465749429912474e-12,2.0725607736356423e-11,-5.928472110164107e-12,1.1932450282523533e-10,3.541248985022367e-11,6.652391980774735e-11,1.0647967540499133e-10,2.942458054077958e-10,1.8717762255761853e-10,8.064299633284605e-10,2.710946203988551e-10,4.4581007732799226e-10,4.0346305206708093e-10,4.134961216941545e-10,3.700606362259245e-10,1.7889013580080438e-10,1.2192865560053056e-10,2.2607394746270784e-10,2.2253263983225158e-10
0.07843137254901933,1.9637440755609813e-12,2.412675265729637e-12,2.1220575632423633e-11,-1.0856745468136132e-11,-9.3944202919499e-12,3.4108214256234496e-12,8.376334666996823e-12,5.177516670680194e-11,4.688515952792659e-10,2.474185582965766e-10,1.0719113311007936e-09,2.801274912738957e-10,4.633919938241705e-10,4.0346305206708093e-10,4.134961216941545e-10,3.700606362259245e-10,1.7889013580080438e-10,1.2192865560053056e-10,2.2607394746270784e-10,2.2253263983225158e-10
0.235294117647058,8.189548796207938e-12,-5.953396441289084e-12,-5.8762776282468446e-12,7.950275216132899e-12,2.041185438995632e-11,3.416979201642287e-12,1.3948535453765734e-11,5.1771941205187885e-11,3.601571731214184e-10,1.768351979956325e-10,8.14686367978051e-10,3.629510440415885e-10,4.542735005405611e-10,3.824321945796121e-10,4.752826591984393e-10,4.0324049245037166e-10,1.8936744497911075e-10,1.7630152407931998e-10,2.0293625091559833e-10,2.166821662175547e-10
0.39215686274509665,2.975378697285985e-12,-6.096784652976613e-12,-3.3128834652562396e-12,7.130704558949935e-12,8.037656989312487e-12,-5.2493573901843245e-12,3.240456290855169e-11,3.5169990768454945e-11,2.1564062239855938e-10,2.892609391562598e-10,6.938435335379628e-10,3.5102108619217744e-10,5.386927969635976e-10,4.689029100788378e-10,3.1684337703520537e-10,3.165117368158054e-10,1.758449689760497e-10,1.5333683171364014e-10,1.4652076018343544e-10,2.5279048475104387e-10
0.5490196078431353,-6.090333649509432e-12,1.0281140029964165e-11,1.663332577124543e-11,1.8067794342061057e-11,2.237853073984233e-11,-7.509554393484886e-13,1.4447608533792265e-11,4.32915108018847e-11,2.406423656962518e-10,3.6165556527113214e-10,9.477136816734303e-10,3.279936431574727e-10,6.220822786646201e-10,4.871164384518549e-10,3.239711493199101e-10,3.293046629815805e-10,1.926058486779623e-10,1.6479997150004185e-10,1.639991673981246e-10,2.3218099507566266e-10
0.7058823529411775,-1.0006092703809483e-11,2.0778095446359483e-12,8.544940437178168e-12,1.560292459441419e-11,-2.553131203012515e-11,1.464407090950322e-11,-3.114661724854706e-12,4.50376801268815e-11,2.2929065233196876e-10,3.395658635464055e-10,9.680542817988352e-10,4.0337156511002166e-10,5.486352593158774e-10,4.697450592478767e-10,4.1616449127579673e-10,3.736427024686855e-10,1.7850102300581377e-10,1.0385147798083665e-10,1.1912452172030243e-10,3.234040474770257e-10
0.8627450980392162,1.4325039469509471e-11,1.5500294995190734e-11,-1.8472448190703256e-11,2.315763601224862e-11,-2.1051676634714185e-11,-2.734345752600019e-12,-2.2888453234664206e-11,7.759970616360993e-11,8.937718575122872e-11,3.3575947832232427e-10,8.867889395758752e-10,3.27125983202332e-10,6.101168402964184e-10,4.697450592478767e-10,4.1616449127579673e-10,3.736427024686855e-10,1.7850102300581377e-10,1.0385147798083665e-10,1.1912452172030243e-10,3.234040474770257e-10
1.0196078431372548,-2.8316092900111135e-11,-1.4398639553568846e-11,1.7162014821412635e-11,-5.2769207683453745e-12,2.9900400685842394e-11,1.2510841381336025e-11,3.818935357965962e-11,5.917534727078478e-11,1.6115456813296055e-10,3.5922148440326035e-10,8.889919572316704e-10,3.64874615959901e-10,4.967574630095332e-10,3.5610242426691815e-10,3.6059408198707764e-10,3.730843974485371e-10,1.8262849226202787e-10,1.5941191753702614e-10,1.175249661085274e-10,3.266371730822039e-10
1.1764705882352935,-8.059062591534457e-12,9.409668118153224e-12,1.49648617141876e-11,1.3655601255328135e-12,2.5455072899109764e-12,-5.50270588666881e-12,1.0070016282787664e-11,6.55424876111395e-11,1.0477866310346792e-10,3.4564212227950555e-10,5.103532458692848e-10,4.345885569410938e-10,5.020534435606723e-10,3.895086520648247e-10,4.1865135308040304e-10,3.8679981709832617e-10,1.9168921974251855e-10,1.4086498957991826e-10,1.4000290094597913e-10,3.0892418392629603e-10
1.3333333333333321,-2.324736360461736e-11,1.2544269308625014e-12,1.0355326568761034e-11,-1.33022622057001e-11,-1.7020385974415762e-11,-8.07577655474066e-12,5.263725534121939e-12,1.1140149775981482e-10,1.2002238410048047e-10,3.4183133864401644e-10,5.991319544429573e-10,5.011391604447365e-10,4.800713563015535e-10,3.763098991406136e-10,5.220600576470896e-10,2.9264361074906456e-10,2.0470499875245144e-10,2.6811132456109877e-10,1.3110198241301344e-10,2.1248432237913428e-10
1.4901960784313708,1.0539180165304767e-11,-1.0797806755462581e-11,1.3451514965718848e-11,2.6108970060515817e-11,-1.0764378829688615e-12,-7.406924794499994e-13,1.9141886405522004e-11,9.380081470821164e-11,1.1451615948458995e-10,1.5948287857428862e-10,5.677572062562603e-10,5.404577328440992e-10,5.771152663474728e-10,3.763098991406136e-10,5.220600576470896e-10,2.9264361074906456e-10,2.0470499875245144e-10,2.6811132456109877e-10,1.3110198241301344e-10,2.1248432237913428e-10
1.647058823529413,1.2033467130979739e-11,5.154058476534389e-12,3.083198422004085e-11,1.8277745179523578e-11,1.891551483222206e-11,-3.8421589701609454e-12,2.7203881271222043e-11,1.0512027305555703e-10,1.385508387296119e-10,2.3233493947453754e-10,4.458115434650749e-10,4.0181775297677613e-10,4.523792513650205e-10,6.161329874072107e-10,5.307202364630569e-10,4.38360341328889e-10,2.036684397996812e-10,2.9647140157528797e-10,1.3435006261694628e-10,3.0201398639207553e-10
1.8039215686274517,-3.9878930039060107e-14,-2.0144724209530711e-13,-1.9150683227859627e-12,1.613630528327825e-11,-1.5827243575734473e-11,-5.769542844984422e-12,1.1861049404048522e-11,2.0310163118424527e-10,2.333207700826329e-10,1.743688621108231e-10,5.352629157552601e-10,4.80630834231416e-10,5.441186772645132e-10,4.392881129064172e-10,4.383905437537672e-10,3.43636739909215e-10,2.0074965399564047e-10,2.9069687386415826e-10,1.1971508175738833e-10,2.748018947529348e-10
1.9607843137254903,1.1405080755834423e-11,-3.7119659927765775e-12,1.6450645084734478e-11,-9.445148636704703e-12,6.020545522040635e-12,1.6451231539551662e-11,3.754777196981224e-12,2.5301157823067044e-10,2.2796115918004383e-10,1.7994164935240907e-10,6.301026352355905e-10,4.1398991668042793e-10,4.974647275624911e-10,5.417995415479023e-10,5.719925832054509e-10,3.1373839181535224e-10,1.5901576728383082e-10,3.0581128156589283e-10,2.985058134607427e-10,2.787320219509332e-10
2.117647058823529,-1.0467339445776614e-11,2.1221748541978292e-11,1.1488357344975079e-11,7.165891850053141e-12,-2.7988264637301802e-11,1.6039540232624911e-12,8.969826978328111e-12,2.3894311275933913e-10,2.097848706901889e-10,1.8680815600015917e-10,7.422108110934662e-10,5.223946301407349e-10,4.647537419931924e-10,5.19833288569724e-10,2.406652374355563e-10,2.997910292713006e-10,1.5473171458178542e-10,2.67230176144366e-10,1.6826034836078557e-10,3.3512317480670863e-10
2.2745098039215677,1.7389852531875114e-11,1.843726089952047e-11,1.0639170717731315e-11,-6.777951964935961e-12,5.7352352359876075e-12,-1.9845045774520444e-11,-1.2407625327295377e-11,3.232574337637242e-10,2.543915065000611e-10,3.9420586221072e-10,5.266385106852928e-10,4.639341713359298e-10,3.898479161973262e-10,5.19833288569724e-10,2.406652374355563e-10,2.997910292713006e-10,1.5473171458178542e-10,2.67230176144366e-10,1.6826034836078557e-10,3.3512317480670863e-10
2.4313725490196063,-4.99952762371903e-13,1.859619016477981e-11,1.3755298579668865e-11,1.9165344599484466e-12,1.9487308314042162e-11,-2.5651535275218995e-12,2.0307172198593836e-11,3.0349185262191307e-10,4.142957528863577e-10,3.766702756478885e-10,9.791602705799743e-10,4.48590753013939e-10,3.256745074408617e-10,4.0455444454872476e-10,4.288210666882485e-10,3.1505293036868204e-10,1.7855702944424183e-10,2.9647374739471604e-10,1.257541006072462e-10,3.12363741639635e-10
2.588235294117645,2.5016697896526738e-11,-1.8850418343529825e-11,7.444457905429727e-12,-1.220676454009691e-11,1.3299036704006457e-11,-1.1906499655368778e-11,2.0935265346370412e-11,3.7249530354861357e-10,5.524090962955726e-10,4.5427789895204846e-10,1.1853976758638476e-09,2.7407908914640506e-10,4.454253629443298e-10,5.462800566257381e-10,4.607394585235486e-10,2.47025926772444e-10,1.9353801866705764e-10,3.014776734288069e-10,1.265106273679557e-10,2.849657438120504e-10
2.745098039215687,2.0985407236308038e-11,5.688318847743788e-12,5.73318264400785e-12,1.2189464122312347e-12,-3.4281218438859716e-12,9.494997299273495e-12,3.658012146248465e-12,3.882512928597169e-10,5.47101093420004e-10,3.983852327214028e-10,1.3708311816877318e-09,2.875185817876942e-10,3.9451726973777153e-10,5.632661349913964e-10,5.059680297052583e-10,2.678060748099863e-10,1.7670002015202321e-10,3.0231161223000686e-10,4.41522799124572e-10,2.3904339653929395e-10
2.901960784313726,1.741712268258757e-11,7.955260082437626e-12,-1.0894571806275089e-11,-1.0708372390382888e-11,2.3048555409557807e-11,-2.7700315304451773e-11,3.0010654198167334e-11,4.107638285334545e-10,5.715600727513586e-10,4.955399827346238e-10,1.361313312649472e-09,3.7916329522851367e-10,3.4087512400598214e-10,5.908949028032902e-10,3.194091170175445e-10,3.148121906515241e-10,1.5762440314474798e-10,3.7949229640103705e-10,3.4959541444457604e-10,2.7299971898911124e-10
3.0588235294117645,-2.8533960878203302e-12,7.1591476192968806e-12,1.1391592294242303e-11,4.236256631296899e-12,1.0823024314592867e-12,7.291686416109439e-12,2.568466997426262e-11,3.809719219954855e-10,6.428823661672218e-10,5.161430214069365e-10,1.553913883233044e-09,3.3736607139238357e-10,5.181302236763801e-10,5.908949028032902e-10,3.194091170175445e-10,3.148121906515241e-10,1.5762440314474798e-10,3.7949229640103705e-10,3.4959541444457604e-10,2.7299971898911124e-10
3.215686274509803,-5.51531466615478e-12,1.5121445160098483e-11,1.0340958424903333e-11,8.460490938482864e-12,-2.109008942767065e-11,1.6358278445170217e-11,5.3481750328173725e-12,4.988358590091459e-10,6.54434940318225e-10,5.074335803829785e-10,1.8760840296995618e-09,3.0301594450856e-10,4.491182691543922e-10,6.362788845211967e-10,3.884122747170357e-10,3.5331940276186207e-10,1.765402112044982e-10,3.105114239862726e-10,3.6431337866494954e-10,2.660261843310487e-10
3.372549019607842,2.4882986190079853e-11,4.4277341414994915e-13,-3.935405291751523e-12,4.883996016684398e-12,-4.300766665251643e-12,-1.2744250412920455e-11,1.0177308198138356e-10,3.6783679942296357e-10,6.838380272890501e-10,5.873233927480354e-10,1.3811724333402425e-09,3.570847361459509e-10,4.446049126048016e-10,5.156937969894787e-10,4.481233484958737e-10,2.7730136533718647e-10,1.6874857202593706e-10,2.6240570529525185e-10,3.46584262000812e-10,3.6095621785936207e-10
3.5294117647058805,-8.578075136540821e-12,6.2498493696656145e-12,3.5070293443317235e-11,1.1716781510174914e-11,9.33049671360968e-13,-8.298336172404921e-13,1.693071702736138e-10,3.489233371824025e-10,9.627272191404726e-10,7.678784738771541e-10,8.743874720246783e-10,4.5090490386424534e-10,5.965280948950309e-10,5.693893101130588e-10,3.132569123807977e-10,2.859870549386974e-10,1.519243552000228e-10,3.24310120224804e-10,3.736280410978575e-10,2.6853679755698637e-10
3.6862745098039227,1.8273053540587562e-11,1.4163177930084577e-11,-6.0879878300812115e-12,1.347673252453311e-12,2.0205715509084542e-11,7.681327020555055e-11,4.222914783535718e-10,2.679043059979613e-10,8.045304360598043e-10,8.199914385789763e-10,1.3953622949659835e-09,4.554241249624064e-10,4.980461975493926e-10,5.693893101130588e-10,3.132569123807977e-10,2.859870549386974e-10,1.519243552000228e-10,3.24310120224804e-10,3.736280410978575e-10,2.6853679755698637e-10
3.8431372549019613,2.608609832129078e-11,5.831091281733787e-11,3.979682633198409e-12,1.7643201028359515e-11,4.631820429866295e-11,6.0085525202841e-11,5.805389897793933e-10,4.357388881355704e-10,5.867340056207433e-10,4.55095710244222e-10,1.6964361942285733e-09,3.7206044727509324e-10,4.2564600011347816e-10,5.826088821845152e-10,4.052555513254248e-10,2.777068988674568e-10,1.9841028558636245e-10,2.875901292796148e-10,4.154108967901298e-10,3.4633941710025246e-10
4.0,1.7197495340043853e-11,-1.8142567335834518e-11,6.286062956774573e-11,2.555817166244175e-10,3.161727659107521e-10,4.921186051218129e-10,5.20656671183657e-10,3.210614535662133e-10,9.006682733573081e-10,8.01681731610123e-10,1.6243693963768288e-09,3.574454058806744e-10,5.498210710288258e-10,5.364757043918713e-10,3.2851265570231964e-10,2.9836887625284137e-10,1.5569613958765898e-10,2.6213417669823953e-10,3.195504526375711e-10,3.3306354536315877e-10
4.156862745098039,-1.872345086775961e-11,2.397515407745172e-11,2.408306177042839e-11,2.586148611248223e-10,6.57477468095944e-10,5.505233507153993e-10,3.7686439220441063e-10,4.446617987249378e-10,1.2167099666079324e-09,9.9118054247689e-10,1.7525241499252156e-09,4.163550891030967e-10,5.114079849227426e-10,7.284757452060661e-10,3.5728413079646515e-10,2.5234507228945977e-10,1.598869459681934e-10,3.2523290693714314e-10,3.776185731452137e-10,1.7142280615654814e-10
4.313725490196077,-1.214665291755015e-11,5.942253799204787e-12,1.8103861315031386e-12,1.246937902329057e-10,4.843935285688678e-10,3.601867890914792e-10,1.3507931922630585e-10,2.4683943412950187e-10,9.104207243370252e-10,9.331860220523505e-10,1.4120352064402977e-09,4.1185258196822167e-10,6.271172868057748e-10,5.12560368709199e-10,3.647083560091481e-10,3.1832300262925543e-10,1.5253808020386205e-10,2.1591772231685314e-10,1.9622603448647022e-10,3.235653225613148e-10
4.470588235294116,-1.0826249815888992e-11,-1.7088414737433285e-11,-1.7782777283376803e-11,4.0563322825223534e-11,2.496526580595159e-10,1.5914361444186705e-10,2.2336921768040804e-10,2.145178545821641e-10,6.929295436490769e-10,7.348223596265444e-10,1.8133855548993272e-09,5.2150820363001e-10,6.334102406071732e-10,5.12560368709199e-10,3.647083560091481e-10,3.1832300262925543e-10,1.5253808020386205e-10,2.1591772231685314e-10,1.9622603448647022e-10,3.235653225613148e-10
4.627450980392158,-1.6255942073395533e-11,8.624698297256742e-12,-1.2719912536532639e-11,1.4768692565924675e-11,9.041403793168653e-11,4.2847564477941263e-11,8.699295354560671e-11,1.1317024559674777e-10,4.584710511517721e-10,6.982237648359237e-10,1.4909312710563905e-09,5.369234626717679e-10,4.936712443451848e-10,5.462038174945634e-10,3.5676335888676823e-10,3.194850629211117e-10,1.504113016797199e-10,2.538760126845955e-10,3.943117173118764e-10,3.583746435960026e-10
4.784313725490197,-3.815475274345421e-12,2.543454697931731e-12,-2.2194970370906516e-11,1.9857947781215715e-11,3.438150221865513e-11,1.4895073586718527e-11,4.355834776099727e-11,1.589442197914325e-10,9.241038889701159e-10,2.989908116242803e-10,1.3943272021510133e-09,5.879165918320778e-10,6.304630117429451e-10,6.529039999244438e-10,3.756219875976591e-10,2.5627959790022047e-10,1.6577847142176686e-10,2.996206641369866e-10,3.030599286220803e-10,2.0025087414393895e-10
4.9411764705882355,-3.414105572934406e-11,5.066090248218822e-12,7.008135494112132e-13,-7.633296368039115e-12,-1.9666470271171935e-11,5.714357443228635e-11,6.879262040681304e-11,1.0663743176029771e-10,6.43223389664414e-10,5.520883054905696e-10,1.2975193401830766e-09,6.566159659172203e-10,6.434195588126763e-10,6.425735976870468e-10,5.006796730665034e-10,2.748558485990645e-10,1.3328711319525088e-10,2.7199570828040815e-10,3.113421372860179e-10,1.6609017217786044e-10
5.098039215686274,-4.720668339539148e-12,-7.741790515593817e-12,1.508097977516265e-11,2.510026771358405e-13,2.1093901384500075e-11,6.97470756801566e-12,-6.168449436051603e-11,1.177252404408289e-10,4.774114903151989e-10,3.611224778090792e-10,1.0633312033721935e-09,4.3363175584824207e-10,5.513118392654382e-10,6.425735976870468e-10,5.006796730665034e-10,2.748558485990645e-10,1.3328711319525088e-10,2.7199570828040815e-10,3.113421372860179e-10,1.6609017217786044e-10
5.254901960784313,3.5345633998593686e-12,1.0178803658109604e-11,7.407511249078264e-12,2.967813429634252e-11,-1.9170329466187587e-11,-6.509942096906378e-12,-2.4645178746609494e-11,1.1802990373720405e-10,5.298341031801789e-10,3.331943247949619e-10,1.1358548495552145e-09,5.215111359038569e-10,5.736284990182822e-10,6.463799829114467e-10,3.2974303798472104e-10,3.0459350806345526e-10,1.5635326225036055e-10,2.810620070821802e-10,2.736996528568145e-10,4.858763796654879e-10
5.4117647058823515,7.670829477375048e-12,1.557800026368764e-11,-3.7401158255155755e-12,2.832283712807882e-12,-3.642236510765655e-11,-4.390787485547002e-12,2.037285514242201e-11,1.02285936751407e-10,3.9978246140921543e-10,5.324473460054993e-10,1.1560652567027569e-09,7.425192863456351e-10,5.43865915222846e-10,6.469986927811125e-10,3.7528184378297146e-10,3.088834253145492e-10,1.1814133015884445e-10,3.331356793091791e-10,1.7031997780481375e-10,3.586332701860806e-10
5.56862745098039,-3.3683034487875365e-11,5.87451826387507e-12,4.240068588047087e-12,-2.1780933239530797e-12,-1.6348601940328252e-11,6.418161912796949e-12,-2.4309726570937715e-11,2.2028681097225163e-10,3.834757909901888e-10,6.122195741725779e-10,6.979645517902316e-10,4.93527562906049e-10,5.901119855744527e-10,6.040643329849685e-10,4.5649821702562846e-10,3.309957055508931e-10,1.721074921972511e-10,2.623543904953614e-10,1.9488275964534512e-10,4.089182551107686e-10
5.725490196078432,-2.0798621354999952e-12,7.050360244453095e-12,2.5863538704422065e-11,-2.1925787593640768e-11,2.921571464521892e-11,1.1296293380671967e-11,3.911947097709395e-11,1.9627089828281385e-10,3.7562873182889324e-10,7.404159660156944e-10,6.443564204407078e-10,6.020155529553372e-10,6.121025764287795e-10,4.538468546348798e-10,4.2544953773784686e-10,2.785912727863614e-10,1.6692293806926684e-10,2.5805772901462684e-10,2.2821069572001735e-10,2.648304028852517e-10
5.882352941176471,2.3995093541953272e-11,-2.3196928487390807e-11,-1.092008259229707e-11,-2.2043958246515842e-11,-1.037086762209377e-11,-1.467925820076571e-11,-6.958580059546877e-12,2.687238766550644e-10,3.403505401402524e-10,5.328130006065274e-10,6.988480460266316e-10,6.555843918301172e-10,6.85519686579774e-10,4.538468546348798e-10,4.2544953773784686e-10,2.785912727863614e-10,1.6692293806926684e-10,2.5805772901462684e-10,2.2821069572001735e-10,2.648304028852517e-10
6.03921568627451,3.0904704621515775e-11,5.3537463538593265e-12,1.6450058630156375e-11,-1.3285548242812569e-11,4.038328118343705e-12,-2.2006425135187625e-11,-4.4751783386250425e-11,3.1848281157773677e-10,3.847146768674795e-10,4.555159051467549e-10,6.229640135361702e-10,7.122972151728428e-10,4.809217158385112e-10,5.718673750941321e-10,3.4435074869268993e-10,3.385650783392368e-10,1.0516015198551639e-10,3.5066657423259625e-10,2.3811738432557983e-10,3.3461002681003347e-10
6.196078431372548,-1.0753529414015797e-11,3.239459317650022e-11,1.1936115625031314e-11,1.660664207503129e-11,-2.1618778477359402e-11,6.402034404328171e-12,5.472063620657862e-11,3.9857143213753423e-10,3.9777414676436086e-10,5.489111863242977e-10,7.372268245235584e-10,8.337863228617139e-10,4.546942818971939e-10,5.095096305630036e-10,3.516928702264243e-10,3.640257225604245e-10,1.515367085418761e-10,3.1255404623948667e-10,2.313062976629549e-10,3.261225589481275e-10
6.352941176470587,6.505250458687455e-12,-2.8865601097922122e-11,-3.165976524187684e-12,-6.693209239031262e-12,3.440437395843829e-12,8.694779652093865e-12,-9.21613801031287e-13,2.9267997094964267e-10,4.7692854474388e-10,5.411834707244757e-10,6.085609755707951e-10,9.719565523917023e-10,4.539230937655768e-10,7.379249990270491e-10,4.022748945347842e-10,3.8466512143331525e-10,1.4262288800245412e-10,3.245312137041116e-10,2.2864907072315813e-10,3.9633703914778393e-10
6.509803921568626,-7.1345165158594436e-12,3.027133338150008e-11,-7.204597870218677e-12,-4.773742505156305e-12,-7.027781732437444e-12,-1.2427564791796993e-11,-4.123364072812676e-12,8.072779770459905e-10,3.282513900653648e-10,4.704810600881519e-10,5.883309221858011e-10,7.974011976376182e-10,4.705147812428098e-10,7.102217514481926e-10,3.5631442769723683e-10,3.3928026003314317e-10,1.759871842777044e-10,2.8856393756423667e-10,2.624954328879394e-10,3.2892874542089303e-10
6.666666666666668,9.323459254687553e-12,3.1586458383747186e-12,-1.967673323146892e-11,1.3966715554453087e-11,-2.1399737590828327e-11,1.159215985359385e-11,5.7834418249406626e-11,8.378947323348158e-10,5.43315820571254e-10,1.1151016784403785e-09,1.0553557105974875e-09,8.195392818873527e-10,5.306539670648101e-10,7.102217514481926e-10,3.5631442769723683e-10,3.3928026003314317e-10,1.759871842777044e-10,2.8856393756423667e-10,2.624954328879394e-10,3.2892874542089303e-10
6.8235294117647065,-1.7014228198875202e-11,-4.585197269437544e-12,-1.0707785935406586e-11,-4.377005796984341e-12,-4.7576149958109725e-11,5.0068583087346215e-12,2.0729712920156428e-11,1.2212980961509778e-09,7.116820240329568e-10,8.636940542330499e-10,8.61835285576061e-10,8.784988137725829e-10,7.41666287761721e-10,5.575740041873008e-10,4.228981658992059e-10,3.0194507794631483e-10,1.3626718353131359e-10,3.4456568439637755e-10,3.501164795809243e-10,2.4015150298486114e-10
6.980392156862745,7.421292938676632e-11,-1.939787394848449e-11,4.668180633281151e-13,1.0735056092808463e-12,-1.0569382590421852e-11,7.920952473281296e-12,-1.6439209214484565e-11,1.2097968367989888e-09,8.863968945066393e-10,5.411644109418413e-10,1.0943309136803094e-09,9.567785143380398e-10,6.568719534602625e-10,6.707029047161298e-10,3.2992542544378344e-10,2.927784953649864e-10,1.2281977374923516e-10,3.231295866065649e-10,2.3511385579603296e-10,2.5858026028917363e-10
7.137254901960784,-8.88567070612517e-12,1.9197599616422155e-11,-1.49718991723123e-11,1.034477038181271e-11,1.743823505648444e-11,4.94674668937251e-13,9.007008216032876e-11,1.2588414697104184e-09,9.862701559912808e-10,1.355425305924404e-09,1.2318463663669448e-09,7.270289610832927e-10,5.145710291723664e-10,5.210440246139569e-10,2.55860282680033e-10,2.6591739695540805e-10,1.1519849970642281e-10,2.852243704020489e-10,2.2956687256823595e-10,3.6607978068333085e-10
7.2941176470588225,4.812301910920343e-11,-1.6396691238843968e-11,2.822695176271886e-11,-7.13305037901569e-12,-1.837187118314079e-11,-5.307416426250616e-13,-3.550984135218781e-12,1.5425891467932998e-09,7.245646777911804e-10,1.4679466392262888e-09,8.084423831569559e-10,8.490628853301624e-10,5.902967188531027e-10,5.210440246139569e-10,2.55860282680033e-10,2.6591739695540805e-10,1.1519849970642281e-10,2.852243704020489e-10,2.2956687256823595e-10,3.6607978068333085e-10
7.450980392156861,1.6559725687265747e-11,-1.1501845806328437e-11,5.649319599890582e-12,2.2987564104984606e-11,2.581574262562413e-12,1.2983523993234443e-11,1.1963385776062536e-11,1.7006237751078127e-09,7.860269057610807e-10,1.7237893282598939e-09,1.2921136925739517e-09,7.851677494013073e-10,5.388655079182963e-10,6.056105212051918e-10,3.425940231795492e-10,3.1596076248154906e-10,1.4918267876161058e-10,3.8054117090512776e-10,2.540032733870173e-10,2.953744377722833e-10
7.607843137254903,-1.4487487463671782e-11,2.4969488280515716e-11,-5.0959994460470474e-12,-1.9198772526375146e-11,-2.0939663757937715e-11,2.1804684666281157e-11,-5.6865594835312634e-12,1.882541190859973e-09,9.926405218333292e-10,1.1778174536591943e-09,6.279872925805827e-10,9.283853026248863e-10,4.685310977022689e-10,7.463746405500991e-10,3.511811883675495e-10,3.411481187410336e-10,1.2359653320253228e-10,2.848930234108147e-10,2.2990877574745457e-10,3.7514842530389334e-10
7.764705882352942,-2.2097032410140843e-11,2.11545994616252e-11,2.532957155962492e-11,-3.1891414907813737e-12,-4.850333508042229e-11,1.623893488321875e-11,-4.452365244140663e-12,1.9680633156341066e-09,1.0064802699112948e-09,1.3196624092991954e-09,9.426549221114224e-10,9.726517946194338e-10,6.231305667142124e-10,6.875646546529739e-10,3.0030388404164315e-10,3.1321351472137723e-10,1.2663847452567287e-10,3.9685048037119016e-10,2.693939013241425e-10,2.9277321727139264e-10
7.921568627450981,2.6127736614984684e-11,-4.539160562981286e-11,1.6716895587515867e-11,2.2521918951609485e-11,-1.271228862375013e-11,1.8973867090078088e-11,5.592756029414095e-11,1.9865859057149067e-09,1.3805592947913004e-09,1.1867069363229464e-09,5.653946728807869e-10,6.531412209122999e-10,5.529242968839884e-10,5.295575897169413e-10,4.0843149758301833e-10,3.072460433642367e-10,1.954906201012516e-10,2.9683471035712726e-10,2.3384740654129876e-10,5.695183301796135e-10
8.07843137254902,-1.16082873620625e-11,-7.965523041937506e-12,2.3969582756250382e-11,1.135376595562309e-12,-8.452280570484395e-12,9.609062768905355e-13,-1.2128179589812652e-11,1.9891056089915862e-09,1.355468410355738e-09,1.0837978912915811e-09,6.348282884419921e-10,8.403642937208403e-10,5.643572342451134e-10,5.295575897169413e-10,4.0843149758301833e-10,3.072460433642367e-10,1.954906201012516e-10,2.9683471035712726e-10,2.3384740654129876e-10,5.695183301796135e-10
8.235294117647058,4.0877369400187646e-11,-3.205650195323453e-11,1.004186644917222e-11,7.889577138609317e-12,6.283805105676608e-11,-1.2483571231500115e-11,4.7472347449172265e-11,1.7418791146584361e-09,1.3157155681378314e-09,1.5703551450409427e-09,6.141229133979842e-10,8.86678979291477e-10,5.723887334588855e-10,5.849347621317231e-10,3.4414343690250244e-10,2.1043143716578293e-10,2.1837496815107985e-10,3.400754928148147e-10,2.670222778985647e-10,2.7773768774667384e-10
8.392156862745097,-2.0272278134859347e-11,2.3787195297187863e-11,2.343180365390738e-12,-7.324527888421953e-12,1.1168446222875114e-11,2.9885739310313728e-12,9.986211884287546e-11,1.4615583865098857e-09,1.4075280076664865e-09,1.4970767314619827e-09,5.264883782430882e-10,6.265100128058812e-10,6.254693486688326e-10,4.704042345029565e-10,3.5710936724962757e-10,3.287129300341428e-10,1.7224589554223547e-10,3.65873348574612e-10,3.048659163428928e-10,4.5615660707409725e-10
8.549019607843135,-1.476312124528156e-11,-5.523935552437565e-11,2.2311674883749913e-12,-3.9741113121563936e-12,2.4202405332937812e-11,-2.966728488234409e-11,2.1931710787190783e-10,1.969309238970239e-09,1.654759486865065e-09,1.211177644751362e-09,4.779293299503315e-10,6.589632514680048e-10,5.2726660383291e-10,5.241965126772696e-10,4.117080208473782e-10,2.810661122662989e-10,1.7628217106995454e-10,2.9715550116117396e-10,2.6583030840951727e-10,1.7367098083486042e-10
8.705882352941178,3.037689525417217e-11,-1.9354769517468937e-11,2.5544214037218823e-11,-1.1699187864703259e-11,-2.8105848835359633e-11,-3.7137840027656164e-11,2.9366345573854897e-10,1.8214792183260317e-09,1.3470260995185803e-09,1.174564388589196e-09,5.436011308561914e-10,5.41199011779004e-10,5.194465215940817e-10,6.396284214149578e-10,4.667236438446125e-10,2.8399076261962686e-10,1.5772175465029793e-10,3.020755641525021e-10,2.889055475149708e-10,2.8873752819984575e-10
8.862745098039216,6.421094186723474e-11,1.954419443465637e-11,-3.4194716347547097e-11,4.252384139765486e-12,-6.022891338281745e-13,1.8809073276328478e-11,4.2774814753458113e-10,1.0650102236175544e-09,1.7226926576846564e-09,1.662475766594876e-09,7.312540750728239e-10,6.705905986130204e-10,5.244516205374881e-10,6.396284214149578e-10,4.667236438446125e-10,2.8399076261962686e-10,1.5772175465029793e-10,3.020755641525021e-10,2.889055475149708e-10,2.8873752819984575e-10
9.019607843137255,1.1517621442209458e-10,2.2501686259500088e-11,-3.473249544829707e-11,2.1211778808890824e-11,-6.513460825968831e-12,-1.4524434119625176e-11,8.063009432606308e-10,1.1247758376979768e-09,1.6434699377151494e-09,1.3030616317719376e-09,6.320314852470983e-10,6.976678056354424e-10,4.899276097901285e-10,5.519551802390195e-10,4.626372264277533e-10,2.8297502281378336e-10,1.997585452949076e-10,3.69674455705737e-10,2.211084342218921e-10,1.5343066449084482e-10
9.176470588235293,3.235031583473462e-11,-3.7514344043719114e-11,2.1050210496515618e-11,1.7783363738672066e-11,3.54769998846565e-11,-1.119454346315643e-11,1.0490999966795705e-09,1.204743648558102e-09,1.5206938548518267e-09,1.2947556716875454e-09,1.169491847337271e-09,5.21529316004863e-10,5.203056779534568e-10,4.460059532484876e-10,4.706141853399408e-10,3.5829195346143975e-10,1.6422935092729807e-10,3.522561601128774e-10,2.7749166993679873e-10,3.237394996522992e-10
9.333333333333332,2.3084035927312437e-11,-3.1109963821078134e-11,9.419931078609472e-12,-5.672484566484402e-12,5.719899441557852e-11,4.3706427610266e-11,1.517470698979417e-09,6.737319440329733e-10,1.7617100855163873e-09,1.252101930539076e-09,1.1988040338054556e-09,7.098349844726302e-10,4.572600218804893e-10,4.1586803834765925e-10,4.485584979970815e-10,3.887398097514402e-10,1.5937585056445434e-10,3.9836881198636217e-10,2.868995786913772e-10,3.1760928707362736e-10
9.49019607843137,-3.163161541256281e-11,6.025823615155846e-13,4.3289751437672175e-11,1.1273392318598518e-10,2.0246180893861084e-10,1.562116334032041e-10,1.601610549663855e-09,6.178527662642388e-10,1.4527970442333714e-09,1.1943452175572103e-09,7.658000778772229e-10,5.563931773400197e-10,6.48130550646736e-10,4.1586803834765925e-10,4.485584979970815e-10,3.887398097514402e-10,1.5937585056445434e-10,3.9836881198636217e-10,2.868995786913772e-10,3.1760928707362736e-10
9.647058823529413,-5.795405503912557e-11,3.219851199606586e-10,3.608072583271901e-10,3.794131249961744e-10,6.11411439384848e-10,3.6680962374806523e-10,1.389707110816885e-09,6.583424890050049e-10,1.0311125466520855e-09,6.458451360849423e-10,1.3943849679532556e-09,6.098977994094888e-10,3.998657379978777e-10,5.24814929320363e-10,7.506519490209895e-10,2.9668956278090826e-10,1.6386369632690773e-10,3.0911184947990843e-10,2.1195270105464219e-10,3.6179719411804943e-10
9.803921568627452,6.714286425972235e-10,-1.9787866426218827e-11,5.359388049737853e-10,8.357186916024436e-10,9.10849422834288e-10,9.12257207709288e-10,1.4612622268092765e-09,3.8742644410814354e-10,1.2509243291929307e-09,8.57187337637678e-10,1.622936393943096e-09,6.55556828452036e-10,5.763399730310197e-10,5.516147431974418e-10,4.691240035588628e-10,3.346683790672526e-10,1.550803619920792e-10,3.290486754382995e-10,1.7154302940164178e-10,2.0985260622623573e-10
9.96078431372549,-3.482310272245351e-11,-2.337286494290645e-11,4.316512978125061e-11,7.572044090951302e-10,1.0577226423850859e-09,8.869311548779282e-10,1.0461032123796638e-09,4.70275507662894e-10,3.953444643085341e-10,9.689797075574132e-10,1.6683972012465166e-09,8.105729736387244e-10,-1.2447093738811035e-10,4.863302957209252e-10,4.853887424546754e-10,3.2990871148073663e-10,1.4640405566836039e-10,3.4616787905606504e-10,2.2462364461111086e-10,2.4713647351158025e-10
10.117647058823529,3.4660654727812726e-11,1.543050686835942e-11,-4.491716365457833e-11,3.070290550683306e-10,4.699690850019879e-10,5.229928140910819e-10,7.248517474412865e-10,5.46834842916426e-10,6.43284380969864e-10,1.1307151592226973e-09,1.275075419726536e-09,8.219249802298184e-10,4.0234937430126835e-10,7.111219596479583e-10,4.046412398667685e-10,3.982899338085493e-10,1.740407406204859e-10,3.545902504287216e-10,2.1247552555528293e-10,2.627056769526115e-10
10.274509803921568,9.765382309420378e-11,1.1312860730193844e-10,-5.837835512442222e-11,6.302131819729712e-11,2.430518154600486e-10,3.818765286066588e-10,5.108754839169415e-10,3.4453108356033084e-10,6.364325356921453e-10,7.719147494036774e-10,1.393938382582515e-09,7.225094467581615e-10,4.278689572342533e-10,7.111219596479583e-10,4.046412398667685e-10,3.982899338085493e-10,1.740407406204859e-10,3.545902504287216e-10,2.1247552555528293e-10,2.627056769526115e-10
10.431372549019606,8.354606514717244e-11,1.6031623092234598e-11,5.32286950609693e-11,3.90784191374985e-12,2.1041355029278285e-10,9.567277859934416e-11,2.614427464261425e-10,3.254666091952991e-10,8.432775082043965e-10,7.348118034397552e-10,1.2768931365437719e-09,6.705474941804111e-10,4.771742693275817e-10,5.32551148514676e-10,3.9016782731934654e-10,3.9027426887508083e-10,2.269398480531578e-10,3.0802661477348686e-10,2.379930558968456e-10,2.188382674853454e-10
10.588235294117645,3.368625999004694e-11,9.769575461526608e-11,2.946642409490642e-11,4.383456799734552e-12,1.207610239881103e-10,2.238732756257835e-11,1.6359597968648559e-10,2.5987573905867377e-10,4.121824628234094e-10,5.248568608422225e-10,1.3776120659266739e-09,9.557205497833662e-10,5.594855537799886e-10,6.049457746297072e-10,3.9382877174095595e-10,4.2707079217889373e-10,1.6455893855479807e-10,2.6232066934158017e-10,1.9485842176879828e-10,2.3811562496184573e-10
10.745098039215687,-1.2253387700015982e-11,3.962382214218476e-12,-2.3300144540953437e-11,-1.4320347830812338e-11,1.2634583355093863e-11,4.4326310390203487e-11,7.886703510140661e-11,1.73419098476017e-10,5.271150052539413e-10,7.099308698415755e-10,1.5594136568460251e-09,8.627014793939592e-10,4.841642247218005e-10,6.391530997566607e-10,3.4482489744103345e-10,4.690439524710974e-10,1.855554884339078e-10,3.3314476936008046e-10,2.45071859201486e-10,2.114896949480638e-10
10.901960784313726,5.759807694285943e-11,6.484431311203226e-12,2.9509235299031467e-11,3.568577777345449e-13,-9.148402481437612e-12,1.1785689955218941e-11,6.212697454570363e-11,1.6387777124315754e-10,5.843870132991602e-10,7.109993905845519e-10,1.489143463437142e-09,8.415410153841624e-10,4.4123924820304994e-10,4.973823306562536e-10,3.548861169016431e-10,3.9828582862331546e-10,2.0805512210118905e-10,2.857196315255646e-10,2.2956569965748605e-10,1.70991175384642e-10
11.058823529411764,-5.111364563245363e-11,-1.2108240124594013e-11,3.973994021081269e-11,1.68995762742658e-11,-8.085746287828068e-12,-1.4257303933781483e-11,-1.4447315306343736e-11,1.5995350859404775e-10,5.079273753693317e-10,5.418203606949882e-10,1.4220292768187215e-09,9.92212409790804e-10,4.788981533676129e-10,4.973823306562536e-10,3.548861169016431e-10,3.9828582862331546e-10,2.0805512210118905e-10,2.857196315255646e-10,2.2956569965748605e-10,1.70991175384642e-10
11.215686274509803,-6.773729489901605e-11,3.189727946076531e-11,-2.100945188540658e-11,1.0916563863234487e-11,5.7841162479844116e-11,-4.531243422750178e-12,4.450605880326592e-11,1.7729996346721995e-10,3.950887699913465e-10,4.71531400730441e-10,1.3601327790298784e-09,9.130987704233506e-10,4.401191194336905e-10,3.866924958597684e-10,3.156974442524553e-10,4.4924230435551874e-10,1.7242535072840763e-10,3.698248813755494e-10,1.8751864605496992e-10,1.74106130337423e-10
11.372549019607842,-9.345744539015794e-12,-2.0581339841766103e-11,1.293250242079229e-10,-6.754786997624922e-12,1.666646047068748e-11,1.170769146046909e-11,7.3676323196766e-11,1.7508550994189177e-10,3.653997862808464e-10,4.730679124455033e-10,1.196494281366079e-09,9.084780926356e-10,4.930777520343316e-10,4.1467225690186224e-10,4.645379266071596e-10,3.450304498674867e-10,2.084893919190953e-10,3.2138077823461184e-10,2.4372447917672033e-10,1.1946056035110998e-10
11.52941176470588,-3.431024795362542e-11,-2.3183733252610045e-11,6.031453582293821e-11,1.1243805671625134e-11,1.1524424319140601e-11,1.43543622114844e-11,-9.045479653968953e-12,2.2784122916287674e-10,3.933833592788933e-10,4.748800579413785e-10,1.039261336836148e-09,8.083605727056151e-10,5.271938834309571e-10,4.803909741962848e-10,2.4936734777386116e-10,4.162841280656748e-10,1.6981943858850138e-10,3.730116770464245e-10,2.2349061383465763e-10,2.9596470458208023e-10
11.686274509803923,4.8453779645860285e-11,8.40683031956221e-12,-7.323061750781284e-12,-2.2389673382484598e-11,4.7971713757125346e-11,8.907955991250062e-12,-2.3554665947390803e-11,2.2487083533173592e-10,5.551979823495974e-10,6.247450769253795e-10,1.3794069110054022e-09,9.454537778971005e-10,5.159043342815192e-10,4.803909741962848e-10,2.4936734777386116e-10,4.162841280656748e-10,1.6981943858850138e-10,3.730116770464245e-10,2.2349061383465763e-10,2.9596470458208023e-10
11.843137254901961,-8.440052986753173e-11,-7.874681185631298e-11,-1.504960444096908e-11,1.0633012942031645e-11,-1.4935832199421917e-11,-7.337723122406444e-12,1.0305184678265914e-11,2.2075480194393918e-10,3.87473067269815e-10,6.736897192834267e-10,1.2231043770991588e-09,8.683839336930531e-10,5.420221011646915e-10,5.204948096437538e-10,4.041096185426748e-10,4.396109563030813e-10,1.6095224120915752e-10,3.3188828983636146e-10,1.8838542632864172e-10,1.802894170805169e-10
12.0,3.175066574770294e-11,-4.321497844350057e-11,-4.784914469292224e-11,-6.256300371937422e-12,-1.046323426157828e-11,-5.0628647476403025e-12,-2.1480668360062845e-11,2.0096693551931415e-10,5.325250512735977e-10,5.854719547763012e-10,1.26943108499279e-09,8.753642125823501e-10,6.618641503985674e-10,5.27748083267066e-10,4.2771735865448736e-10,4.2974062789730003e-10,1.520205337959383e-10,4.362690433233782e-10,3.183241755390492e-10,2.0508971313595483e-10
12.156862745098039,8.225850351726605e-11,3.022441699214045e-11,2.5683497065265537e-11,-8.860159921218421e-12,-2.790762709471896e-11,5.259033896061883e-12,1.2568020729000296e-11,2.9520026068129893e-10,4.5929003535445643e-10,4.709235402753315e-10,1.0625459403248046e-09,7.477223138025521e-10,5.520419755572224e-10,5.61615264580129e-10,5.406456916243631e-10,3.624739630183623e-10,1.9217245854192335e-10,3.3742794237914305e-10,2.544058746425641e-10,3.339746029762055e-10
12.313725490196077,-8.871302562984844e-12,-5.473324498598482e-11,2.449064789395354e-11,-5.810887911468876e-12,2.2019913596859658e-11,-3.986778736940659e-11,-1.2957719979843883e-11,3.478208020586746e-10,4.87620789625316e-10,5.299725065250039e-10,8.876973581432407e-10,5.313838101290662e-10,5.204434948454568e-10,5.67977126826332e-10,4.3529552826628473e-10,4.492543266803469e-10,2.2373399259853294e-10,3.251707427215804e-10,2.6554235907778317e-10,-2.1021210305076702e-10
12.470588235294116,-4.533999760303123e-11,6.014505037017252e-11,3.24869598159851e-11,1.6582304198484477e-11,3.2814788078953406e-11,1.81595745262543e-12,-3.2521853886093965e-12,8.722334233495843e-10,7.521843555524116e-10,5.445593980862852e-10,8.686683642965219e-10,6.137868747663792e-10,4.820609043912219e-10,5.67977126826332e-10,4.3529552826628473e-10,4.492543266803469e-10,2.2373399259853294e-10,3.251707427215804e-10,2.6554235907778317e-10,-2.1021210305076702e-10
12.627450980392155,1.3655718545606395e-10,1.4019496491187325e-11,3.7799947557140784e-11,1.165813602510937e-11,8.153481822280926e-12,-8.915286676265983e-12,5.785611707915655e-11,4.28088291348472e-10,6.749986865153955e-10,5.458155843823166e-10,6.804870242574893e-10,5.630951834009103e-10,4.843697771474568e-10,6.696678118996457e-10,4.6238241179522206e-10,3.544207649759556e-10,2.2719495591497052e-10,3.2006535999909633e-10,2.6791574186709573e-10,1.5316822594322004e-10
12.784313725490193,-6.30638361753291e-11,-4.6285949282203785e-11,1.3455326922309458e-10,6.5976171515525e-14,6.342919754803153e-11,2.968663789139074e-11,3.4152198370314377e-12,5.62673229133926e-10,8.44531348679725e-10,5.841407022600043e-10,8.162530821179122e-10,6.867239716211768e-10,6.120536074491137e-10,9.029035460290846e-10,3.9996572855086246e-10,2.93056768192596e-10,2.4705436983239244e-10,3.63733668042659e-10,2.8228799095317403e-10,2.341863774460327e-10
12.941176470588232,-2.230114802196111e-10,-1.399398570468727e-11,-6.193256476500648e-12,4.0913143145390876e-11,1.3138054847484491e-11,9.979409007515676e-12,-1.5638991568499912e-11,5.988404863805667e-10,1.032012168397273e-09,8.681217883731157e-10,4.541576757070346e-10,4.710205985530346e-10,6.806474196607081e-10,5.666511524036289e-10,3.046163798031584e-10,3.7026882769917444e-10,1.7378358016804817e-10,3.460529339045646e-10,2.938889476294239e-10,2.413393672886735e-10
13.09803921568627,5.243786069859565e-12,-2.0388982650890408e-11,4.4916577199997855e-12,-5.629966587657053e-13,2.7909386457657847e-12,-8.693899969828413e-12,1.985384259773435e-11,7.317997713144424e-10,6.240489550144264e-10,7.832623575834431e-10,4.140561860786747e-10,4.5085300260937844e-10,4.443627067508001e-10,5.666511524036289e-10,3.046163798031584e-10,3.7026882769917444e-10,1.7378358016804817e-10,3.460529339045646e-10,2.938889476294239e-10,2.413393672886735e-10
13.254901960784316,3.919365751589074e-11,4.926074152387507e-11,4.6341662502183245e-12,-1.144173418457839e-11,6.962685243187758e-12,-2.63347551790786e-11,-4.843823859515668e-12,9.32057096459538e-10,6.680934738479578e-10,1.172205960397602e-09,5.360097660104104e-10,5.2197648783066e-10,4.943843734463942e-10,6.068030771488169e-10,4.166682559944406e-10,4.221721347912218e-10,1.8539421334922026e-10,4.352626867947684e-10,2.383557782235487e-10,2.535209142705956e-10
13.411764705882355,2.5365052079531476e-11,3.3587149119328015e-11,-3.1093249857234664e-11,3.5483450884224226e-12,8.338508328937615e-12,-9.287685508687667e-12,2.8720746748594124e-11,8.303787269371467e-10,1.163788573890852e-09,7.528194861593491e-10,7.500789826304118e-10,8.137717916344278e-10,3.4891688617917414e-10,7.264524759625363e-10,1.2956418049708216e-09,3.943017475793467e-10,1.6897553005453238e-10,3.72874739838284e-10,2.981460234090022e-10,2.000230364331576e-10
13.568627450980394,-1.2756859192406727e-11,1.8592378207312128e-11,3.42043928516721e-11,1.3758230857503715e-12,-4.698236441925047e-11,-2.0053237247531613e-11,1.2829579594359491e-11,9.056719061644285e-10,1.1967746067863051e-09,1.347976449607566e-09,5.586739002637543e-10,4.0660029230339347e-10,5.217512891674726e-10,7.114415775428489e-10,4.267661288833154e-10,4.463458038370814e-10,1.94152623352923e-10,3.4749209411343995e-10,2.2352697403603287e-10,2.870007421527206e-10
13.725490196078432,-7.04886478428284e-11,-7.923005063912026e-13,2.80683157256255e-11,1.1465192378062705e-11,-3.395485631273464e-11,-3.0404751862970775e-12,4.631673816070352e-11,8.96291560788569e-10,1.042167513861101e-09,1.0584677332760234e-09,5.228432681035351e-10,5.290066153822071e-10,5.602863578821445e-10,6.54439045502583e-10,2.6200838213250184e-10,4.0090552245258107e-10,1.819455655852983e-10,2.884164441673145e-10,2.730724393910643e-10,1.8020702017364196e-10
13.882352941176471,-1.4504758559165714e-10,8.773364600621028e-13,-1.616445511593766e-11,2.88969764317968e-11,-5.634071772890602e-12,3.835766612231249e-11,1.966207186064068e-11,9.881726155348197e-10,9.76815330849335e-10,8.609063410888188e-10,4.504671153160814e-10,4.4817818202506595e-10,5.043294748455501e-10,6.54439045502583e-10,2.6200838213250184e-10,4.0090552245258107e-10,1.819455655852983e-10,2.884164441673145e-10,2.730724393910643e-10,1.8020702017364196e-10
14.03921568627451,-6.214222237270362e-11,-5.5276302179531874e-11,-4.032698151923471e-11,-3.185036307140357e-12,1.2448383939281478e-11,5.797106222905696e-12,-9.382691194968923e-12,1.1642290014854145e-09,1.0553029296601951e-09,1.3260157679505096e-09,4.787456751063784e-10,4.750231529253785e-10,5.923968136828637e-10,7.063458713236924e-10,3.685044782733307e-10,3.9674990336362803e-10,2.677336476357209e-10,3.761283913637369e-10,3.052327438540333e-10,1.9088929532254824e-10
14.196078431372548,3.457796459484393e-11,-2.528500098937674e-12,6.638844873661002e-11,-5.4129782941406985e-12,3.891626436975054e-11,-1.7057919084469175e-11,1.580349215456262e-11,1.1429682536957426e-09,1.3701969307636975e-09,1.355076072059213e-09,3.5621238455203375e-10,4.634940369680188e-10,6.455178942773484e-10,7.577565563390211e-10,4.3215506252780005e-10,2.798764885971584e-10,2.2282440112073586e-10,3.2161770599493986e-10,2.6054107209033e-10,2.066010072922045e-10
14.352941176470587,5.1627380083547045e-11,-4.2147630610078285e-11,-4.638183464995343e-11,1.2183013117968947e-11,5.532321856968765e-12,-3.521808006609418e-11,4.990994704626596e-11,1.1400526933927584e-09,1.3835282224851194e-09,1.2898221202358998e-09,3.6505289823492436e-10,4.834214796499725e-10,6.165329496165981e-10,6.601886488823484e-10,4.794734655788941e-10,3.3130652662312755e-10,2.399949195383923e-10,3.3168303063839307e-10,3.1257779766065877e-10,1.9056674515397008e-10
14.509803921568626,-2.145325159542671e-10,-8.694984911395414e-11,-4.3947753782719386e-11,6.793493018109221e-12,-6.916648538484453e-12,-1.71271207565627e-11,1.6715429451468774e-11,1.0521809372508828e-09,1.346709707125463e-09,1.2449204976352123e-09,3.915803038325652e-10,5.288330247458006e-10,5.676275997336134e-10,6.108569463202545e-10,3.4460849560050275e-10,3.199721136757524e-10,1.3130665515736015e-10,3.2152856485603334e-10,2.612486298699395e-10,2.2635867129370487e-10
14.666666666666664,4.275607752135987e-11,6.543223409873455e-11,-4.412544960276555e-11,-1.7216555122359453e-11,-8.599187511234312e-12,1.885598966409402e-11,5.3046600828797546e-11,9.54580188320304e-10,1.4012992706716743e-09,1.3641505812287441e-09,4.15844580153378e-10,3.8301102551915915e-10,5.685876263290355e-10,6.108569463202545e-10,3.4460849560050275e-10,3.199721136757524e-10,1.3130665515736015e-10,3.2152856485603334e-10,2.612486298699395e-10,2.2635867129370487e-10
14.823529411764703,1.2413050034653224e-10,1.746755779973424e-11,3.8709832261828644e-11,-3.44190353268732e-12,-1.8000352033781477e-11,-3.288281684189085e-11,1.396554264449997e-11,1.013397211676351e-09,1.4209331926986196e-09,1.0703798042513983e-09,4.1681809520967463e-10,4.878459882893002e-10,4.41325163838988e-10,7.011448964587547e-10,3.9421319289661246e-10,4.004674406771279e-10,6.508065441459426e-11,2.663513735472204e-10,3.596739343222525e-10,2.0652036975065764e-10
14.980392156862742,6.906297609403139e-11,-3.178878531281293e-12,3.9356985192000684e-11,2.0163783987703092e-11,-1.9285861071468745e-11,-5.440395058617224e-11,1.029609462863914e-10,9.893625324316474e-10,1.2497138863771028e-09,1.5396970446849955e-09,4.2836333867550294e-10,4.0757146154058104e-10,4.574720253096127e-10,7.40694825298599e-10,2.896007897436583e-10,3.661510349468463e-10,2.9322830623837745e-10,3.0367834526517425e-10,2.9904799097329897e-10,2.539384701254553e-10
15.137254901960787,5.444177692279739e-11,-1.7201600524640695e-11,-1.6437743076843773e-11,-1.4421218066062675e-11,-1.4432653933124757e-12,-5.2487709046962204e-14,1.3027830657051653e-10,9.755913995710382e-10,1.3108878717863065e-09,1.239448287399993e-09,4.1842908669042457e-10,3.5085922465275255e-10,4.211915822767997e-10,6.811593947472704e-10,6.466564963734889e-10,3.7926709773769047e-10,2.601786429913143e-10,2.4887707151704847e-10,3.611925591643153e-10,2.0440004222854876e-10
15.294117647058826,1.0863489698812695e-11,-3.9835239124781365e-11,4.43395056249849e-11,7.679039847046651e-12,-3.498261844260962e-11,-3.202043497874853e-12,2.2919887214714216e-10,7.964719599229275e-10,1.3424678791720876e-09,1.2022383134249615e-09,4.284422168533154e-10,4.4652144706490973e-10,4.576608637722222e-10,6.811593947472704e-10,6.466564963734889e-10,3.7926709773769047e-10,2.601786429913143e-10,2.4887707151704847e-10,3.611925591643153e-10,2.0440004222854876e-10
15.450980392156865,3.475888591626555e-11,1.1646993382547054e-11,1.0644302197720373e-10,2.526916671018798e-11,-1.2809640129937755e-11,1.2370971898312368e-11,2.8434146262150184e-10,6.763460665409583e-10,1.1765386888528208e-09,1.1281306526847736e-09,4.228175283576593e-10,4.6349315728655015e-10,4.938741577243631e-10,6.235894676369106e-10,3.982647162489405e-10,3.186816197729555e-10,2.399462437852984e-10,3.107990800916739e-10,3.4254740001947113e-10,2.9637023811290863e-10
15.607843137254903,-3.147444551151608e-11,-3.091056916968756e-11,8.123689916245325e-11,1.4254078432406314e-11,-4.533589241859255e-12,-5.884781224172058e-12,3.910818172084715e-10,6.294346631575356e-10,1.0391076856641637e-09,1.2751592827704935e-09,6.413748839670045e-10,3.986318369861744e-10,4.4762867382797195e-10,6.286452949264265e-10,7.023776245605054e-10,3.684282391423151e-10,2.1470903886436083e-10,3.67369981359237e-10,2.5855123077281427e-10,1.9147487049332932e-10
15.764705882352942,2.04743118314531e-11,4.2820880782922396e-11,-4.948447405021915e-11,1.6325730200625188e-11,7.266468858093833e-12,1.5227593487906518e-11,6.583354515468799e-10,6.184521231235827e-10,1.0856968321058985e-09,1.3229093165934938e-09,6.252388719112545e-10,4.2140475861515916e-10,5.520235022304415e-10,5.948833822591449e-10,8.953259628726632e-11,3.2480919330482984e-10,2.671401553245488e-10,3.0670181325993966e-10,2.8902225203179934e-10,2.284162481456734e-10
15.92156862745098,6.381919002496897e-11,-1.3577309532094216e-11,-1.9871436243047294e-11,2.139006108431259e-11,3.611213049000026e-11,3.954699656535959e-11,7.424999333355521e-10,4.347817938159875e-10,1.1236067399478363e-09,6.80756500264036e-10,9.181563570773973e-10,4.592522090170346e-10,4.230638393960188e-10,7.919415961824431e-10,4.70358491025144e-10,4.4063432002242525e-10,2.7794470631076776e-10,2.3486138698181413e-10,2.541756911134705e-10,2.2947773143092378e-10
16.07843137254902,7.810112506218802e-12,-2.6382258022218706e-11,-3.7440157504125175e-11,1.0088548256062588e-10,6.635824631189129e-11,9.886925077673503e-11,9.06984392124663e-10,4.323570962243935e-10,9.740760002303508e-10,1.027640440695476e-09,7.766348312890366e-10,4.421171711176905e-10,4.716844654462534e-10,7.919415961824431e-10,4.70358491025144e-10,4.4063432002242525e-10,2.7794470631076776e-10,2.3486138698181413e-10,2.541756911134705e-10,2.2947773143092378e-10
16.235294117647058,-3.0427916826375175e-11,2.9008989313588367e-12,1.9607033072306385e-10,2.1915759215254893e-10,1.5294038823243856e-10,1.6886410363209508e-10,4.264459245330499e-10,4.857948624400818e-10,5.192641341358161e-10,6.644542282560987e-10,1.1204299140087737e-09,5.203954055461439e-10,4.466604368644719e-10,7.508548624014429e-10,4.6020549138042493e-10,4.659026070503472e-10,2.6226290353893946e-10,2.7247337575940793e-10,4.211593272598624e-10,1.4934981839446976e-10
16.392156862745097,1.1194015654195355e-10,4.7316057231188363e-11,1.6135982733140736e-10,4.980684828338004e-10,3.3754464689517415e-10,4.5027739717200325e-10,4.150780836595814e-10,3.880753564036434e-10,8.193143764508964e-10,5.147947616993472e-10,1.0075918950861634e-09,3.8902717263019023e-10,5.587052755992226e-10,8.25700283346756e-10,4.769388077040971e-10,4.689820814832216e-10,2.0241929096217323e-10,2.677157607619239e-10,3.0073170285600214e-10,2.6371408607184576e-10
16.549019607843135,2.1596845066256418e-10,2.285581702205174e-10,4.3869432736795567e-10,4.12654852207222e-10,5.30112962463004e-10,6.032072292172543e-10,2.974211652093772e-10,2.995262449052833e-10,6.09708667719192e-10,4.763224436532223e-10,9.102485998381001e-10,4.843929421140503e-10,7.568648517358178e-10,7.695824184531619e-10,5.496389767969726e-10,3.2948939626054887e-10,2.7779516032401767e-10,2.598877613835022e-10,2.687581842634238e-10,2.5480671653517336e-10
16.705882352941174,-1.0111947804806336e-10,-1.1727689570587582e-10,3.4565942270015533e-11,1.5333008748328268e-10,6.132628773565825e-10,5.642648676064258e-10,2.170616025077827e-10,1.9515018305887647e-10,5.84773193819348e-10,6.882211908611768e-10,9.571462215313662e-10,4.594920690510503e-10,6.239064464850045e-10,7.72095084271318e-10,4.71352532000441e-10,1.768683326953138e-10,2.3582669167003313e-10,3.5037598585406505e-10,3.402599328652994e-10,2.2882031553965783e-10
16.862745098039213,9.842031958640699e-11,-4.289799959540641e-11,-3.676866669820322e-11,6.666672156421938e-11,3.660733296797838e-10,2.869500138082051e-10,1.089457180635477e-10,2.2327274585728267e-10,5.240249746314881e-10,4.3691854207186243e-10,1.0146399095107106e-09,6.534054188245358e-10,4.181434831777999e-10,7.72095084271318e-10,4.71352532000441e-10,1.768683326953138e-10,2.3582669167003313e-10,3.5037598585406505e-10,3.402599328652994e-10,2.2882031553965783e-10
17.01960784313725,-2.1472457991984453e-11,8.869249970765244e-12,3.39657057276098e-11,-4.112221429452934e-12,3.27821518658627e-10,1.5556154819854815e-10,6.922806313467201e-11,1.891064725691262e-10,3.7147076692003407e-10,4.897748383012067e-10,9.361443935594599e-10,5.780964053164728e-10,4.986121264827223e-10,5.661749510630669e-10,5.181812452485039e-10,3.424477026941745e-10,2.501948355708771e-10,2.907314747010022e-10,3.6382515499987747e-10,2.479639613093924e-10
17.176470588235297,1.5958345558153285e-10,-3.378038599485977e-11,-4.2358754357812956e-11,3.0592124185546815e-11,1.898629993303139e-10,2.6106624241406617e-11,8.50339011083442e-11,1.5549645171009462e-10,5.185416217560973e-10,5.380330352540194e-10,5.73680693499801e-10,6.317127470352702e-10,5.677143950526136e-10,7.051685632062709e-10,4.806976900840815e-10,4.1189891190220625e-10,2.7690814735823623e-10,2.9424404604342396e-10,3.4803925649062724e-10,2.334146028586427e-10
17.333333333333336,-3.01560363563768e-10,-1.6448006037140498e-11,1.0570115658764165e-10,3.3088076039859766e-11,3.76715139447659e-11,1.8342841667578275e-11,1.457457600956281e-11,1.1564889703359461e-10,3.9328981973025296e-10,6.184887765526451e-10,4.846732675338785e-10,5.748052206812853e-10,5.503647146772697e-10,6.528019567799578e-10,4.75173578595191e-10,4.206024883777527e-10,2.5642093351809555e-10,3.10978828503143e-10,3.5885201784572127e-10,2.2599653542157965e-10
17.490196078431374,3.3873632322181716e-12,-2.209967145693784e-11,1.40256542670469e-11,-2.061212872265631e-11,4.621000337887534e-11,1.569910319025021e-11,4.93836038165629e-11,1.470896213913293e-10,4.3389595375936246e-10,4.273775080666906e-10,4.185695426292215e-10,5.954328904570354e-10,5.409016791676447e-10,6.528019567799578e-10,4.75173578595191e-10,4.206024883777527e-10,2.5642093351809555e-10,3.10978828503143e-10,3.5885201784572127e-10,2.2599653542157965e-10
17.647058823529413,-1.4315656191796761e-11,-4.23270857954533e-11,3.848873878148463e-11,5.535547358343937e-12,-6.8641608286405735e-12,-1.637733822899988e-11,-2.9947317076876052e-12,1.038992740512663e-10,5.023493100337536e-10,5.243879901866755e-10,5.495668428503947e-10,7.866183454809899e-10,7.698073238886618e-10,7.609817648042866e-10,3.490054408619089e-10,3.967768802861746e-10,2.3409635662565805e-10,2.5695255484298616e-10,2.3116965368090785e-10,1.8607948584529796e-10
17.80392156862745,2.1751962374765757e-10,4.173476639423497e-11,-2.4833430765001946e-12,2.8906359710626142e-12,-1.9860586828171848e-11,1.1346142042922055e-11,4.1003163964968886e-11,9.984833715351615e-11,2.6620651919868937e-10,4.3299897106097186e-10,6.138425879783953e-10,6.968570317998801e-10,7.171530613575053e-10,6.576355176791764e-10,4.805006412541904e-10,4.708109409429405e-10,2.2223648013164234e-10,2.1089942813906433e-10,2.706885004129712e-10,3.3362302329206525e-10
17.96078431372549,-8.652994743918798e-11,-9.549830827828606e-12,-4.2040602600562964e-11,9.136673384297384e-12,1.1623652479579763e-10,2.979923722298465e-11,3.4007637250266176e-11,1.1052855971100101e-10,3.735852298923776e-10,5.367695182729725e-10,4.2303774215414363e-10,7.093414827128489e-10,6.409271256866295e-10,7.407769289769899e-10,4.949467836505812e-10,3.599721466150806e-10,2.772506369912366e-10,2.839280119494865e-10,3.347715951224082e-10,1.9116639524100175e-10
18.11764705882353,-1.0569030717356342e-10,4.906281301171898e-11,-1.5603628340226596e-10,6.420800959354749e-11,-3.682350022875129e-12,1.2411730511015496e-11,2.316203442843838e-12,1.1914123568390723e-10,3.848533734405498e-10,4.0788580134187817e-10,8.800036569261624e-10,8.224653983765684e-10,5.890120894982386e-10,5.962565662973011e-10,5.504682239593167e-10,3.333456301475176e-10,1.4108256433064195e-10,2.6082990110433015e-10,2.442898216561887e-10,1.528837953389542e-10
18.274509803921568,-3.919189815056289e-11,4.423071825014072e-11,4.7259464343275095e-12,2.1316754228578312e-11,1.0966705790615129e-13,-1.0262959922343213e-12,2.709069548489123e-11,1.37378222251126e-10,2.787290896767675e-10,4.6555835805201864e-10,1.1970335266032744e-09,7.3869736006838e-10,5.32455263146129e-10,5.962565662973011e-10,5.504682239593167e-10,3.333456301475176e-10,1.4108256433064195e-10,2.6082990110433015e-10,2.442898216561887e-10,1.528837953389542e-10
18.431372549019606,-1.1368603264021963e-10,9.29070575115949e-11,6.229704645464134e-11,-2.6811836201110147e-11,6.11173925189054e-12,-1.4434999754625081e-11,-1.08403247330158e-11,1.3941908514004796e-10,3.3652861386243993e-10,4.5256017268795625e-10,1.3078890348957749e-09,5.143552137878474e-10,6.076431737260355e-10,6.724757577377392e-10,6.689095257763175e-10,3.587408846517683e-10,2.681321437084244e-10,3.224176304140339e-10,3.0643614921173693e-10,2.245966676877673e-10
18.588235294117645,-8.322937952597007e-11,-4.3410561136547333e-11,4.313639349257848e-11,1.0216629995531402e-11,-1.462735694629718e-11,-4.4379971010000874e-12,-5.373392592187732e-12,1.4170596583964176e-10,4.53706398698394e-10,5.370659712012693e-10,1.0822291245590234e-09,8.28937807364537e-10,5.442635316125664e-10,7.205635895555207e-10,5.365082526353008e-10,4.3183691077055004e-10,3.018169375616273e-10,2.0733407585911049e-10,3.147658607180177e-10,1.88332352163423e-10
18.745098039215684,-8.519722878844058e-12,-2.7979761046873328e-12,4.151513905312546e-12,1.0404588776672509e-11,-1.479332367000003e-11,4.300180209797125e-12,5.620583312812523e-12,2.1915700569797047e-10,3.0772810925376784e-10,4.940072829757535e-10,1.4816969529395733e-09,8.929968574235222e-10,7.171246182965208e-10,5.978306111244888e-10,6.406553038617705e-10,3.5920828916967463e-10,2.3341841481618907e-10,2.4449185535198607e-10,3.8800703441301807e-10,1.701012301443764e-10
18.901960784313722,2.2222826976515902e-11,-7.829465516062095e-12,2.31195164472195e-11,1.497336530995348e-11,8.970120206015588e-12,-1.7822362988438642e-12,-4.868748190640648e-12,1.760276496635169e-10,3.131454859584398e-10,4.455054140313781e-10,1.6473742608991993e-09,7.99713002667381e-10,6.397973204123486e-10,5.410063613596444e-10,6.400075644770203e-10,4.3078891594776875e-10,3.293609626465807e-10,2.706820494102206e-10,2.7519540595917377e-10,2.3388552610640797e-10
19.05882352941176,-1.2938660196891098e-11,-3.640447823465582e-11,5.63638827058597e-11,-7.318956566344136e-12,8.675426641453257e-12,1.6882862311218985e-11,1.2364814122453298e-11,1.8058704291797007e-10,3.286771562889398e-10,7.025245315012548e-10,8.974817709122877e-10,8.279774875422248e-10,5.011945804275505e-10,5.410063613596444e-10,6.400075644770203e-10,4.3078891594776875e-10,3.293609626465807e-10,2.706820494102206e-10,2.7519540595917377e-10,2.3388552610640797e-10
19.215686274509807,-8.061701638331292e-11,-9.645686873845357e-11,-7.764867514439045e-11,4.160955828243782e-11,1.7084896008609645e-11,-1.4800947582703108e-11,2.673061220578126e-12,2.2719612882332966e-10,4.306739707970658e-10,7.864907915500838e-10,8.939219899544127e-10,7.042067772479112e-10,5.544848532479102e-10,6.400814577889263e-10,5.169581936524722e-10,4.640444248481756e-10,2.53571349387424e-10,2.1365517949261118e-10,3.183420624128462e-10,2.343963282838139e-10
19.372549019607845,9.448813979690671e-11,3.526968809367196e-11,-6.162848792081302e-11,2.4053152573078048e-11,7.918929204309428e-11,-1.0220148725390635e-11,9.313196294390812e-12,2.5991297894151764e-10,4.0034516484061236e-10,9.573083762975227e-10,1.0881036428221017e-09,7.543621556494744e-10,6.606337681159267e-10,6.957283994355517e-10,5.352790432626127e-10,4.423385578249247e-10,1.7195970557423534e-10,2.5185303666787704e-10,3.2633749465181475e-10,2.913226211922678e-10
19.529411764705884,-8.791867253043797e-11,2.7502386791577948e-11,5.3867637623859854e-11,8.594495870625427e-13,-4.572588490031221e-12,-5.680988162249973e-12,4.630061064984518e-12,2.2339384878464217e-10,7.124743245386302e-10,1.0325006852895545e-09,7.396210264624272e-10,8.082705518852405e-10,6.235566261645982e-10,7.337869735835676e-10,6.28560552199645e-10,5.059609922476911e-10,2.521706019713456e-10,2.2893174196209488e-10,2.793873852487049e-10,1.9073535092367327e-10
19.686274509803923,-1.1816860030907902e-10,-5.877509183418763e-11,6.785399941345384e-11,-1.7540571429374927e-11,3.4087101881859787e-11,-3.6031786173751117e-12,-7.436833991531535e-12,3.255311192299709e-10,5.107039458719569e-10,5.839630064399573e-10,9.297318029679441e-10,1.0933559324877266e-09,6.926468724104585e-10,7.337869735835676e-10,6.28560552199645e-10,5.059609922476911e-10,2.521706019713456e-10,2.2893174196209488e-10,2.793873852487049e-10,1.9073535092367327e-10
19.84313725490196,3.999270225271864e-11,-2.4235833259828497e-11,-6.175369600309819e-13,2.4384206337422034e-11,7.955553309328183e-12,7.93385447957812e-12,-6.811057341290694e-11,3.830553028617217e-10,6.141707094690515e-10,6.371861301788483e-10,1.2975636175238065e-09,1.163192735759774e-09,5.993020263503012e-10,6.999804903492239e-10,5.495820906765972e-10,3.8815012939781526e-10,2.05199673420751e-10,2.3403419241089226e-10,3.0627106217029837e-10,1.928199046997823e-10
20.0,4.539776340646859e-11,6.27750071597351e-11,-2.964236054484291e-12,6.277119521015732e-12,3.7459803744844116e-12,2.86277936545324e-12,-1.4500389470765525e-11,2.9964265619283027e-10,4.871809484853318e-10,7.656555167556618e-10,1.3393104062428693e-09,1.019155905107257e-09,4.879641589421753e-10,6.321376335759422e-10,-8.860130598051558e-11,4.5136790997042505e-10,2.096552641678604e-10,1.9310697434925183e-10,2.7801214861912704e-10,1.5648374845654846e-10
