,Vg,Gsd_0.03_K,Gsd_0.5_K,Gsd_1.0_K,Gsd_9.71_K,Gsd_20.01_K,Gsd_29.0_K,Gsd_29.08_K,Gsd_59.48_K,Gsd_72.82_K,Gsd_185.76_K,Gsd_188.53_K,Gsd_205.29_K,Gsd_238.49_K,Gsd_275.6_K,Gsd_283.15_K,Gsd_294.48_K,Gsd_294.68_K,Gsd_294.9_K,Gsd_295.13_K,Gsd_295.31_K,Gsd_295.49_K
0,-20.0,-2.945604039262275e-12,5.862975452400947e-12,-4.069946434060044e-10,-6.744868597601635e-11,3.2557614010470504e-10,-7.839071095014412e-11,-1.759438466440575e-10,2.0022641506592805e-10,2.864488566310228e-10,3.9754486959409186e-10,3.6069439060555565e-10,1.1619008851902497e-09,5.306554299821156e-10,6.836960288603133e-10,5.814120460403676e-10,1.1720185174687389e-09,8.519797365233438e-10,7.544134256022006e-10,6.930651828384263e-10,5.689012281156527e-10,3.357944687488549e-10
1,-19.960899315738025,-6.923581123360127e-12,3.382331402878993e-11,8.493628857616134e-12,-1.5499398293720206e-11,3.066188724389974e-11,9.290855492775877e-11,-1.4818991993024505e-11,1.9725508797554897e-11,2.9028598427550956e-10,3.4835798757481813e-10,3.69866857282363e-10,1.1076296208201529e-09,5.639344817104281e-10,3.5469872180695807e-10,5.814120460403676e-10,1.1720185174687389e-09,8.519797365233438e-10,7.544134256022006e-10,6.930651828384263e-10,5.689012281156527e-10,3.357944687488549e-10
2,-19.92179863147605,-2.893216831587513e-12,2.179872467420865e-11,-1.3123026745570223e-10,-1.6351521703294034e-10,1.6780218451864624e-11,1.3073588278959735e-11,2.728777467212391e-11,1.9542310419609606e-11,2.212619177361424e-10,3.4407321594838065e-10,1.115998085028464e-10,1.188115192661167e-09,5.326753175661157e-10,4.91255544812719e-10,5.814120460403676e-10,1.1720185174687389e-09,8.519797365233438e-10,7.544134256022006e-10,6.930651828384263e-10,5.689012281156527e-10,3.357944687488549e-10
3,-19.882697947214076,3.724197140840254e-12,-1.0293741127818342e-10,-1.2168199315018942e-10,-1.5230874645992133e-11,-2.7875013304045032e-12,8.05884640847005e-12,-5.578955228978989e-11,1.725860462556966e-11,2.0221932480661737e-10,4.0016611212478485e-10,2.2135194844531747e-10,1.0461323725242086e-09,4.992921188147133e-10,5.549041192509302e-10,5.994765353061018e-10,1.5946578003470735e-09,1.0544164525536812e-09,1.410631893801386e-09,5.211767961535232e-10,5.703479933799367e-10,5.086383729949433e-10
4,-19.8435972629521,1.13231654319295e-11,-3.997238009770461e-11,4.109101950156607e-11,-2.753066937024208e-10,1.1512637723946338e-12,-1.3903000110119737e-11,-9.173721462178618e-12,7.341706323432159e-11,5.139928474724383e-10,4.5135311888977135e-10,6.949115966091664e-11,1.1396836902503099e-09,5.57057327572535e-10,6.950195079883735e-10,5.994765353061018e-10,1.5946578003470735e-09,1.0544164525536812e-09,1.410631893801386e-09,5.211767961535232e-10,5.703479933799367e-10,5.086383729949433e-10
5,-19.804496578690127,-8.075158592737488e-12,-3.4864156857193567e-12,-2.5107588510620354e-11,-3.595832799019918e-11,2.6234384005334465e-11,-1.4928158149079673e-11,2.5021008455464565e-11,3.0354465310152265e-11,5.168430879742829e-10,4.776947868769386e-10,1.972968095148025e-10,1.2488840391902987e-09,2.937407166802312e-10,6.765283923643485e-10,5.994765353061018e-10,1.5946578003470735e-09,1.0544164525536812e-09,1.410631893801386e-09,5.211767961535232e-10,5.703479933799367e-10,5.086383729949433e-10
6,-19.765395894428153,-3.700669952402812e-12,-4.987764033993739e-13,1.914799473372478e-11,7.596239136804842e-11,2.6446442401664828e-11,-3.353847819679444e-11,-9.345940484099958e-11,7.808266162498882e-11,3.4727354101843794e-10,6.669001256138837e-10,2.0113111390008735e-10,1.0690930266315606e-09,4.363270876342342e-10,5.149725196151734e-10,5.994765353061018e-10,1.5946578003470735e-09,1.0544164525536812e-09,1.410631893801386e-09,5.211767961535232e-10,5.703479933799367e-10,5.086383729949433e-10
7,-19.726295210166178,-1.2576066660931968e-11,1.884245497760901e-11,9.430826581346396e-11,-7.732916419250361e-12,1.72187652511597e-11,-4.335841311218942e-11,7.791640282271879e-11,2.2189589704369874e-11,2.356445588010771e-10,2.6871500278793164e-10,2.1803806547679476e-10,9.47323826036515e-10,5.679695514381823e-10,5.635847108357876e-10,5.994765353061018e-10,1.5946578003470735e-09,1.0544164525536812e-09,1.410631893801386e-09,5.211767961535232e-10,5.703479933799367e-10,5.086383729949433e-10
8,-19.687194525904204,2.4640495388217287e-11,4.8585213379010835e-11,-5.556118170833954e-11,-4.905262019668987e-11,1.3828340495969528e-11,1.5888694846639835e-11,3.1996976276728074e-14,4.580712292312699e-11,3.290456162130451e-10,5.262680798123856e-10,9.596834425689368e-11,1.3197670673418541e-09,5.352811889975203e-10,6.430946885820517e-10,5.129523183367483e-10,1.3501525885419365e-09,1.3043115864683132e-09,8.190084204232048e-10,5.119811159809977e-10,3.136117803525262e-10,9.489142639996122e-10
9,-19.64809384164223,5.93716452099085e-11,6.895473975686943e-11,-1.0122588671717287e-10,7.245652654017076e-11,1.1794963992019823e-11,1.4719864104604764e-11,-1.6012918401590012e-11,3.591848861664204e-11,3.5620226602047533e-10,5.296926974159081e-10,1.5657250046355298e-10,1.1125750359089979e-09,8.416864345697666e-10,4.792726770059188e-10,5.129523183367483e-10,1.3501525885419365e-09,1.3043115864683132e-09,8.190084204232048e-10,5.119811159809977e-10,3.136117803525262e-10,9.489142639996122e-10
10,-19.608993157380255,1.8059470134475308e-12,2.5451399162199675e-11,-2.584791071758426e-11,3.6777701545201035e-12,-1.1352652842574934e-11,4.763534234134429e-11,7.210926523201528e-11,8.591501962793626e-11,-6.318806893112923e-11,4.290672245587419e-10,1.3763248607732068e-10,1.1328181428583156e-09,6.478048317831113e-10,4.4463469485214443e-10,5.129523183367483e-10,1.3501525885419365e-09,1.3043115864683132e-09,8.190084204232048e-10,5.119811159809977e-10,3.136117803525262e-10,9.489142639996122e-10
11,-19.56989247311828,7.382831849332544e-12,-3.901309818636944e-11,1.2559127082701543e-11,3.695588079529449e-11,1.9265316984044474e-11,-7.3787538033934e-11,-1.688122851706545e-11,6.825331583421904e-11,3.2595571208356317e-10,5.116322861956008e-10,9.353437814872125e-11,1.1569717822862692e-09,8.393057967576591e-10,5.915190126581096e-10,5.129523183367483e-10,1.3501525885419365e-09,1.3043115864683132e-09,8.190084204232048e-10,5.119811159809977e-10,3.136117803525262e-10,9.489142639996122e-10
12,-19.53079178885631,2.446915471392666e-10,-2.6109533056419663e-11,-1.1830411622826268e-10,-4.0108524097069954e-11,1.784866652095951e-11,-1.6411939524309846e-11,1.6320528553356214e-10,1.619580308340513e-11,2.2991082604000223e-10,4.3673489224006907e-10,1.3061479619765347e-10,9.8466712120795e-10,6.446725787118839e-10,6.339388477839366e-10,5.129523183367483e-10,1.3501525885419365e-09,1.3043115864683132e-09,8.190084204232048e-10,5.119811159809977e-10,3.136117803525262e-10,9.489142639996122e-10
13,-19.49169110459433,2.2223029682757438e-10,1.6618351393708207e-11,-3.3891323289757423e-10,1.254808499026217e-10,-3.640189392245915e-11,7.43584644841486e-12,-1.6691003353139298e-10,3.947548586937987e-11,3.0322248746841843e-10,5.271410953646956e-10,2.297916216163119e-10,5.633186967553949e-10,8.197092169552994e-10,5.623813735518476e-10,5.020708366620034e-10,1.4158047383815864e-09,1.5714135651896894e-09,9.760966368658322e-10,1.819605330637578e-10,6.663376689549161e-10,5.34634975546863e-10
14,-19.452590420332356,2.1826298540166677e-10,2.257167125141471e-11,-8.594638922814765e-12,1.5182879179874732e-11,6.306164950326943e-11,7.838631919579975e-12,-1.1101068769499428e-10,5.718612621675167e-11,3.4171798750063834e-10,4.000986675173622e-10,1.9828746101185745e-10,5.336844771177904e-10,6.962033961293031e-10,4.591666551419689e-10,5.020708366620034e-10,1.4158047383815864e-09,1.5714135651896894e-09,9.760966368658322e-10,1.819605330637578e-10,6.663376689549161e-10,5.34634975546863e-10
15,-19.41348973607038,-2.982557410640447e-11,1.2173908579469874e-11,-1.205533154804179e-11,-7.053796271664869e-11,-6.775830389344904e-13,-4.044166908705052e-12,-1.53754884331951e-11,1.0920254481119337e-10,4.112543193642069e-10,3.7014102745702016e-10,2.1913945160884935e-10,8.170798183339222e-10,7.790341581521297e-10,5.405202234031804e-10,5.020708366620034e-10,1.4158047383815864e-09,1.5714135651896894e-09,9.760966368658322e-10,1.819605330637578e-10,6.663376689549161e-10,5.34634975546863e-10
16,-19.374389051808407,1.5756628892702776e-11,-1.323539259942331e-10,4.327120567329884e-12,-2.8608120509402057e-11,-1.5358548867750272e-12,6.321159612041921e-11,9.208102527337874e-11,1.1851335135942333e-10,3.446723750230159e-10,5.107975415361984e-10,4.755616550906038e-10,5.750267669953627e-10,9.232755884140402e-10,4.94004775248511e-10,5.020708366620034e-10,1.4158047383815864e-09,1.5714135651896894e-09,9.760966368658322e-10,1.819605330637578e-10,6.663376689549161e-10,5.34634975546863e-10
17,-19.335288367546433,-1.7221588515477143e-11,4.837190019475288e-12,-1.0217073861333737e-11,4.631091846205188e-12,3.049751062011423e-11,3.031807659061449e-11,4.7614638415518354e-11,9.812594431664639e-11,3.9935426726155935e-10,6.379064729059741e-10,3.4029255355358565e-10,9.661982779892063e-10,8.81305906834941e-10,5.155879908749282e-10,5.020708366620034e-10,1.4158047383815864e-09,1.5714135651896894e-09,9.760966368658322e-10,1.819605330637578e-10,6.663376689549161e-10,5.34634975546863e-10
18,-19.296187683284458,-1.1063738963447184e-11,-4.398705959576425e-11,1.0774134953686235e-10,-1.8393556212845697e-11,3.663277406953913e-11,-7.678647036499844e-12,7.49268813636172e-11,8.236586477162905e-11,4.595067014442512e-10,3.9308097763769493e-10,5.234564239004306e-10,5.972737630415662e-10,6.85246941146836e-10,3.2563260535695554e-10,7.593641735201396e-10,1.2570583256706035e-09,1.4617668270556803e-09,8.512682743330587e-10,2.847592907752411e-10,5.221624285159082e-10,4.758628031077187e-10
19,-19.257086999022484,-1.7244802007785223e-11,1.8046294907244253e-11,1.0467465889968845e-10,3.882958611229369e-11,3.498085171866965e-11,-1.8928407638798143e-12,5.574375269402448e-11,9.652609547817377e-11,4.270752559055892e-10,3.072371669673309e-10,4.699966906965762e-10,9.28275586580998e-10,4.846340527923061e-10,4.727205117688563e-10,7.593641735201396e-10,1.2570583256706035e-09,1.4617668270556803e-09,8.512682743330587e-10,2.847592907752411e-10,5.221624285159082e-10,4.758628031077187e-10
20,-19.217986314760505,6.312501606015013e-12,1.1370219810511106e-11,1.4791386759161806e-11,-5.031838295423397e-11,2.540685435095472e-11,-2.203211438691964e-11,5.5386139424659866e-11,1.7443685177652008e-10,1.806204243890454e-10,4.0679230958117964e-10,5.5919328262063e-10,6.033826760413052e-10,6.155361943892894e-10,5.34269519879363e-10,7.593641735201396e-10,1.2570583256706035e-09,1.4617668270556803e-09,8.512682743330587e-10,2.847592907752411e-10,5.221624285159082e-10,4.758628031077187e-10
21,-19.178885630498534,-8.156092218974158e-14,6.83104084787291e-11,1.101097532109823e-10,4.545515617813424e-11,4.892149533028944e-11,3.411379638771466e-11,3.8066364106594267e-11,1.1026628744089592e-10,2.973184178596462e-10,3.8120570750757886e-10,5.706877259869421e-10,6.705666027193175e-10,6.11805723331817e-10,6.239843373489741e-10,7.593641735201396e-10,1.2570583256706035e-09,1.4617668270556803e-09,8.512682743330587e-10,2.847592907752411e-10,5.221624285159082e-10,4.758628031077187e-10
22,-19.13978494623656,1.134449675001494e-11,-5.7699332627638774e-11,4.64251037493647e-11,-1.0796783793812413e-11,-5.445759957549038e-13,3.29035577957348e-11,1.0223096822256999e-10,2.717954960360703e-11,2.6497888520438123e-10,5.00473497389161e-10,4.69950263711109e-10,5.339812333925807e-10,6.343632782693165e-10,6.563219878291641e-10,7.593641735201396e-10,1.2570583256706035e-09,1.4617668270556803e-09,8.512682743330587e-10,2.847592907752411e-10,5.221624285159082e-10,4.758628031077187e-10
23,-19.100684261974585,1.0567158431252068e-11,-5.7699332627638774e-11,-4.7339213458899906e-11,-6.484720628787406e-12,2.83455570728048e-12,3.29035577957348e-11,5.5263170650819954e-11,2.1956137252859962e-10,4.268559825059414e-10,5.399775295807953e-10,5.29968436068658e-10,4.876242016428987e-10,7.823925859310448e-10,6.079839667806495e-10,7.593641735201396e-10,1.2570583256706035e-09,1.4617668270556803e-09,8.512682743330587e-10,2.847592907752411e-10,5.221624285159082e-10,4.758628031077187e-10
24,-19.06158357771261,2.797821923960224e-11,1.431456906610272e-11,-3.030239179946024e-11,4.363854350564427e-11,3.08488499736988e-12,-9.034440530500548e-14,4.060541832368771e-11,1.780926632224002e-10,5.784824404892419e-10,4.5418924307684913e-10,6.247453634826168e-10,6.459687699675263e-10,9.4735739149182e-10,5.932603383258945e-10,5.020055879249336e-10,1.2263725975429886e-09,1.6147663317766537e-09,1.0128266566487161e-09,4.886277146692633e-10,5.176257591212882e-10,1.7796718488207742e-10
25,-19.022482893450636,2.200199958571976e-11,1.560028287978591e-10,2.431331061533049e-11,5.353094216227981e-11,2.343119788206979e-11,2.864043117925081e-12,2.71742167753631e-11,2.8827644865442113e-10,6.30767382732264e-10,5.111244126129558e-10,4.0834071230121943e-10,1.287357266816981e-09,7.394953057207552e-10,5.603953651209027e-10,5.020055879249336e-10,1.2263725975429886e-09,1.6147663317766537e-09,1.0128266566487161e-09,4.886277146692633e-10,5.176257591212882e-10,1.7796718488207742e-10
26,-18.98338220918866,2.638182108924953e-13,2.1340665993531192e-10,-1.6222216273680845e-10,-3.123783282622752e-11,4.29838602654442e-11,3.596773886557452e-11,6.95325675134193e-11,2.7519250841169636e-10,7.510113941004303e-10,4.879128018258966e-10,4.5046316376093426e-10,5.831081995053295e-10,3.8214867723507237e-10,5.588240626038327e-10,5.020055879249336e-10,1.2263725975429886e-09,1.6147663317766537e-09,1.0128266566487161e-09,4.886277146692633e-10,5.176257591212882e-10,1.7796718488207742e-10
27,-18.944281524926687,2.6896909642817445e-11,2.908299328815606e-10,-1.2310491752905276e-10,1.008083575389816e-10,6.128048446107415e-11,5.265259377916923e-11,1.6338534694680107e-11,3.568290303306803e-10,6.149555433692748e-10,5.505917423903721e-10,5.520403898291354e-10,5.131628082515756e-10,3.0681650083210084e-10,3.5632837175305775e-10,5.020055879249336e-10,1.2263725975429886e-09,1.6147663317766537e-09,1.0128266566487161e-09,4.886277146692633e-10,5.176257591212882e-10,1.7796718488207742e-10
28,-18.905180840664716,-1.6646584020686825e-11,1.104579556066769e-10,-7.908397878023343e-11,1.165116581364705e-10,5.0439155855164507e-11,3.818619592254443e-11,-1.9357480824516702e-10,2.536946180584715e-10,5.379391339421751e-10,5.844112920693526e-10,5.081339500671707e-10,5.399919595904993e-10,3.303615703087656e-10,3.9736794513448456e-10,5.020055879249336e-10,1.2263725975429886e-09,1.6147663317766537e-09,1.0128266566487161e-09,4.886277146692633e-10,5.176257591212882e-10,1.7796718488207742e-10
29,-18.866080156402738,4.407301225865908e-11,3.125665457783161e-11,-2.9493683895829843e-11,1.3146710782499133e-10,6.541625055960385e-11,4.090782112361936e-11,6.724384258470966e-11,3.0597171790506345e-10,3.9278798571228736e-10,4.8092522674777e-10,4.770630034329161e-10,6.523593818407734e-10,4.988843142087081e-10,4.176104246930772e-10,6.389294350745819e-10,1.4020221974779718e-09,9.397267399213527e-10,1.1886425153876742e-09,3.520652451408357e-10,5.98315860658332e-10,4.6221075967824383e-10
30,-18.826979472140764,3.2106770333962207e-11,3.7792821326755224e-11,3.286647894505202e-10,1.780440403648748e-10,3.927409313294423e-11,6.242359214261417e-11,4.7718158046349406e-11,4.199110700644968e-10,4.900227201172811e-10,4.2336109703136134e-10,3.8259036099396237e-10,7.733659878228906e-10,3.437375613879964e-10,3.616452027282004e-10,6.389294350745819e-10,1.4020221974779718e-09,9.397267399213527e-10,1.1886425153876742e-09,3.520652451408357e-10,5.98315860658332e-10,4.6221075967824383e-10
31,-18.78787878787879,9.238970198397212e-12,6.617100277150116e-12,2.1238903059494678e-10,1.8781880307761807e-10,9.286463750877391e-11,6.053137877099415e-11,-5.840640307721759e-11,4.701453825300587e-10,5.066159758444609e-10,5.184968924987789e-10,2.370370546826122e-10,8.198563403093253e-10,5.105657203020923e-10,3.357411404544955e-10,6.389294350745819e-10,1.4020221974779718e-09,9.397267399213527e-10,1.1886425153876742e-09,3.520652451408357e-10,5.98315860658332e-10,4.6221075967824383e-10
32,-18.748778103616814,-1.5636169685344782e-11,8.112174709651081e-13,8.938010399642438e-11,2.2487318437162932e-10,1.0936127491145841e-10,1.0130870242047371e-10,-7.872511072636673e-12,4.1076307166195946e-10,6.031116428253043e-10,6.346242732172556e-10,2.0927058014235713e-10,8.187264078547594e-10,5.72413994253616e-10,3.6867167609183513e-10,6.389294350745819e-10,1.4020221974779718e-09,9.397267399213527e-10,1.1886425153876742e-09,3.520652451408357e-10,5.98315860658332e-10,4.6221075967824383e-10
33,-18.70967741935484,-3.7055322380696946e-11,6.214879457654986e-11,-9.381388115247309e-11,1.5344965826855392e-10,1.2472296072686825e-10,1.205169267600084e-10,1.1674693002340333e-10,4.722226764542726e-10,5.595458767570306e-10,5.306378630141806e-10,2.457606225989167e-10,7.643142940471837e-10,5.182387208142198e-10,4.4539854424754664e-10,6.389294350745819e-10,1.4020221974779718e-09,9.397267399213527e-10,1.1886425153876742e-09,3.520652451408357e-10,5.98315860658332e-10,4.6221075967824383e-10
34,-18.670576735092865,3.296315999734796e-12,2.403600348193037e-11,-1.223413818272234e-10,7.427753095336585e-11,1.280293149942385e-10,1.584596947022078e-10,1.9935935973497168e-10,3.918211751006524e-10,5.551541348457426e-10,5.963502424564e-10,1.7114931925990002e-10,7.479738771770028e-10,4.383428971714428e-10,2.496658222456441e-10,5.359110902664679e-10,1.1514325409521399e-09,9.774662329503366e-10,9.08987683497673e-10,3.9543997043473454e-10,4.4251191502957435e-10,3.0743573644030146e-10
35,-18.63147605083089,-8.879192427610914e-11,-5.401026942266924e-11,-6.41696232523464e-12,1.598813642948411e-11,2.1712583794318726e-10,1.3376367514757318e-10,4.89974097262313e-10,4.830053439354487e-10,5.269535052451933e-10,6.12381355218526e-10,2.691322182691415e-10,7.369722499921388e-10,2.94384106869981e-10,3.686964580647925e-10,5.359110902664679e-10,1.1514325409521399e-09,9.774662329503366e-10,9.08987683497673e-10,3.9543997043473454e-10,4.4251191502957435e-10,3.0743573644030146e-10
36,-18.592375366568913,-5.0603532483211896e-11,4.165253507470056e-12,-1.0195993500665443e-10,-1.2283702127785404e-11,1.7981987257712276e-10,1.970932209071623e-10,2.4542935978060197e-10,4.818634910384288e-10,5.115886824727456e-10,5.764964320565072e-10,2.819802592326737e-10,8.717002261861432e-10,4.4841284767986006e-10,3.273761268959457e-10,5.359110902664679e-10,1.1514325409521399e-09,9.774662329503366e-10,9.08987683497673e-10,3.9543997043473454e-10,4.4251191502957435e-10,3.0743573644030146e-10
37,-18.55327468230694,7.390046854354533e-12,4.1909138280569854e-11,-6.616096450897931e-11,-2.5569348794549755e-12,2.2588108913963716e-10,2.1051124723166706e-10,1.360693396519592e-10,3.824934289750424e-10,6.768499306111588e-10,5.950813427398568e-10,2.808255448054062e-10,7.68663373323239e-10,5.443739769311344e-10,3.8301322300124993e-10,5.359110902664679e-10,1.1514325409521399e-09,9.774662329503366e-10,9.08987683497673e-10,3.9543997043473454e-10,4.4251191502957435e-10,3.0743573644030146e-10
38,-18.514173998044967,1.0553983205727714e-11,1.7316010860585517e-13,3.938765104504773e-12,-7.673000511274229e-13,2.2063358494699208e-10,2.4144479508374165e-10,2.8816979206570113e-10,4.812511567374162e-10,6.900511931024989e-10,5.210933530571105e-10,1.7355818969898522e-10,6.087355820395988e-10,5.007831151937725e-10,3.742905961716301e-10,5.359110902664679e-10,1.1514325409521399e-09,9.774662329503366e-10,9.08987683497673e-10,3.9543997043473454e-10,4.4251191502957435e-10,3.0743573644030146e-10
39,-18.475073313782993,4.4667152202034015e-11,6.055521965300417e-11,-2.1931104323424178e-11,-5.2649770518261686e-11,1.992075309427473e-10,2.3787054455868795e-10,7.693077046033272e-11,4.4969649110121395e-10,4.05994581033575e-10,6.740414116593954e-10,1.4097428797669039e-10,8.217156156173883e-10,5.019243406993849e-10,3.3590959512541303e-10,5.836719109489878e-10,1.5051691575851499e-09,1.0384217285122862e-09,6.105738397256211e-10,3.5713645226528035e-10,4.100789010111145e-10,3.97047347976065e-10
40,-18.435972629521018,2.2324165225642193e-11,1.5374233650380006e-11,-4.614465966659833e-12,-1.369269841083911e-10,2.0482143188957707e-10,2.537059111099448e-10,3.067098442416753e-10,4.702852908795739e-10,5.683651219068826e-10,4.901754899982372e-10,2.0178360126908232e-10,8.340441762511844e-10,4.88274806837501e-10,4.728883390492185e-10,5.836719109489878e-10,1.5051691575851499e-09,1.0384217285122862e-09,6.105738397256211e-10,3.5713645226528035e-10,4.100789010111145e-10,3.97047347976065e-10
41,-18.396871945259043,-5.154650220857646e-12,4.362379980117493e-11,3.550409639804556e-11,6.427753462047458e-11,1.100903040696785e-10,2.5390793123625284e-10,2.5821685744475165e-10,4.97359752373406e-10,7.320666742756579e-10,5.590367483907178e-10,1.5053730598923296e-10,9.331127766010697e-10,4.5223868227688106e-10,3.289442924542731e-10,5.836719109489878e-10,1.5051691575851499e-09,1.0384217285122862e-09,6.105738397256211e-10,3.5713645226528035e-10,4.100789010111145e-10,3.97047347976065e-10
42,-18.35777126099707,4.408461900609178e-11,4.360999718680421e-12,7.162303666870183e-12,-1.2974774086668517e-11,7.453036980993908e-11,1.944838988205441e-10,5.453288669785301e-12,4.947604685539108e-10,5.634448024871254e-10,5.611874471446468e-10,1.4155619377952068e-10,8.285886917092565e-10,3.432256097593273e-10,4.2660502582529697e-10,5.836719109489878e-10,1.5051691575851499e-09,1.0384217285122862e-09,6.105738397256211e-10,3.5713645226528035e-10,4.100789010111145e-10,3.97047347976065e-10
43,-18.318670576735094,2.2404471362460047e-11,4.417464970929826e-12,1.504014756859981e-10,3.938859211979903e-11,6.690756063342911e-11,2.6724000489820356e-10,9.336529608554203e-11,4.5076838982347655e-10,6.94969316651051e-10,5.755073490390792e-10,2.63056557030709e-10,5.146525498471376e-10,3.4571729590273546e-10,3.5160975876586556e-10,5.836719109489878e-10,1.5051691575851499e-09,1.0384217285122862e-09,6.105738397256211e-10,3.5713645226528035e-10,4.100789010111145e-10,3.97047347976065e-10
44,-18.279569892473123,-5.43164365727505e-12,-6.06129396914788e-11,-1.0274417463260429e-10,-1.868843031332696e-11,5.453100453470934e-11,1.7917303173318222e-10,2.271295986253783e-10,4.1360452867813215e-10,4.004634957908972e-10,6.303464028991992e-10,1.4018346073712552e-10,1.1023595305255853e-09,4.065805648823438e-10,3.331700892611256e-10,6.770039552737362e-10,1.0198477971815517e-09,1.1221258197827006e-09,7.644228328113204e-10,2.465862700782213e-10,3.8689991459250504e-10,3.296698709576208e-10
45,-18.240469208211145,-2.0266634138437326e-11,3.5521035973719736e-11,8.487103983737387e-11,3.828532381181615e-11,3.6500394420324705e-11,1.7173969485073831e-10,1.790582190503683e-10,3.636211728940675e-10,4.970840137206562e-10,5.066065649690008e-10,1.8096015699434503e-10,9.006392958177302e-10,3.6213331347238735e-10,4.06372584533487e-10,6.770039552737362e-10,1.0198477971815517e-09,1.1221258197827006e-09,7.644228328113204e-10,2.465862700782213e-10,3.8689991459250504e-10,3.296698709576208e-10
46,-18.20136852394917,4.3640425681571994e-11,3.7873754854979526e-11,1.1328749218099358e-10,-5.211648757039914e-11,-5.8121567236700865e-12,2.0689935320511333e-10,1.5030924910561765e-10,3.1093219039450835e-10,6.589607973260864e-10,6.771579799371662e-10,1.5495539835242288e-10,4.891280595518642e-10,4.092796039832008e-10,3.3417893511667066e-10,6.770039552737362e-10,1.0198477971815517e-09,1.1221258197827006e-09,7.644228328113204e-10,2.465862700782213e-10,3.8689991459250504e-10,3.296698709576208e-10
47,-18.162267839687196,-8.05570944972751e-12,7.15226539923496e-11,-1.196247757539931e-11,-1.0477441419059676e-11,-6.05495731345987e-12,1.4557495132437197e-10,9.34600322332594e-11,3.023582553983709e-10,2.77989734314459e-10,6.176213307104446e-10,1.523972086875955e-10,5.099988718998622e-10,3.721803641838597e-10,3.6154732962344774e-10,6.770039552737362e-10,1.0198477971815517e-09,1.1221258197827006e-09,7.644228328113204e-10,2.465862700782213e-10,3.8689991459250504e-10,3.296698709576208e-10
48,-18.12316715542522,3.559945993631439e-11,2.5011597578385536e-11,5.6916347786209646e-11,-1.6554671135584533e-11,1.3465708093639749e-11,1.406122829638929e-10,1.233815972684885e-10,3.5433671679603543e-10,3.7453904328494033e-10,5.774547728812424e-10,1.530766739007529e-10,4.870601765030256e-10,5.075874918941243e-10,3.0490609310028595e-10,6.770039552737362e-10,1.0198477971815517e-09,1.1221258197827006e-09,7.644228328113204e-10,2.465862700782213e-10,3.8689991459250504e-10,3.296698709576208e-10
49,-18.084066471163244,-2.8687485556126255e-12,1.2669548023274703e-11,-5.418217475016453e-11,4.7372465218841224e-11,5.007213170190049e-12,1.1525750212397133e-10,6.748664317449945e-11,2.0881415267814453e-10,5.029244030713035e-10,5.309430890774052e-10,1.6851396041699786e-10,5.031938678076767e-10,4.3450639691580536e-10,3.107292291791284e-10,6.018568594229319e-10,1.2326314571585138e-09,1.263982220491798e-09,4.759475009860933e-10,2.8207907342581634e-10,5.549668584215174e-10,2.5672115562851674e-10
50,-18.044965786901273,-8.514019088161937e-12,4.543445225230917e-11,-1.1514017987603888e-10,4.4324910028546306e-11,-7.246123197615404e-11,1.2923077010378513e-10,4.250766996465042e-11,2.491140312448668e-10,6.413442657341688e-10,6.136311194871661e-10,1.6290162794911263e-10,5.531019365889114e-10,4.2001898143662854e-10,4.5918704537251636e-10,6.018568594229319e-10,1.2326314571585138e-09,1.263982220491798e-09,4.759475009860933e-10,2.8207907342581634e-10,5.549668584215174e-10,2.5672115562851674e-10
51,-18.005865102639298,8.39042292291504e-12,-2.188969647177513e-11,-9.689249223235959e-11,4.254437237861277e-11,-4.7802855926429406e-11,8.598528749865352e-11,4.206724099027989e-11,1.911844458615549e-10,5.70096409307885e-10,6.801685190177094e-10,1.3211928149870827e-10,4.1916102328457764e-10,4.3150150436065736e-10,3.5627912150497783e-10,6.018568594229319e-10,1.2326314571585138e-09,1.263982220491798e-09,4.759475009860933e-10,2.8207907342581634e-10,5.549668584215174e-10,2.5672115562851674e-10
52,-17.96676441837732,1.107064027148754e-11,1.0090340737345126e-11,-6.94535161602688e-11,-2.885813610165813e-11,1.1568475587350015e-11,1.0433837694806773e-10,9.931987072606471e-11,2.071123526877874e-10,6.300308248737441e-10,5.801889459172021e-10,1.523561145312231e-10,5.97542600385679e-10,3.884577281877496e-10,2.7865445582229374e-10,6.018568594229319e-10,1.2326314571585138e-09,1.263982220491798e-09,4.759475009860933e-10,2.8207907342581634e-10,5.549668584215174e-10,2.5672115562851674e-10
53,-17.92766373411535,1.4128861120834265e-12,1.4982741227959253e-11,4.233576463715513e-11,2.4007143473783014e-12,-4.538426091618024e-11,5.63498130780631e-11,-2.204027048629909e-12,1.8477407114993502e-10,5.968276875415447e-10,6.695831662270294e-10,1.7140435398767782e-10,5.019390844042812e-10,3.8861583089703336e-10,3.822763514474526e-10,6.018568594229319e-10,1.2326314571585138e-09,1.263982220491798e-09,4.759475009860933e-10,2.8207907342581634e-10,5.549668584215174e-10,2.5672115562851674e-10
54,-17.888563049853374,1.8969188099894725e-11,5.884683204988361e-11,-5.3044713593848425e-11,-7.509941408337338e-11,3.122842195102267e-11,-8.361876599977842e-12,5.847729833951428e-11,1.5305314671316785e-10,5.674801859110098e-10,4.1080102885958957e-10,-1.4337782559264738e-11,6.117752948341459e-10,4.5465978685318637e-10,3.034329773840982e-10,5.98333427624562e-10,1.1348650082854553e-09,1.1215492468089654e-09,4.874871165567633e-10,1.7384020227007263e-10,3.831179974148947e-10,3.674407335740296e-10
55,-17.8494623655914,-8.00206745923765e-12,9.313002419435062e-12,-2.278561182281997e-11,2.2983867598807733e-11,5.855195795093608e-11,4.490744322278426e-11,4.027478289763379e-11,1.46217086731648e-10,5.907633193535626e-10,7.05883108998627e-10,1.7291856385938522e-10,5.011633145652309e-10,3.1606362712246156e-10,4.016172691306274e-10,5.98333427624562e-10,1.1348650082854553e-09,1.1215492468089654e-09,4.874871165567633e-10,1.7384020227007263e-10,3.831179974148947e-10,3.674407335740296e-10
56,-17.810361681329425,1.3598401438132086e-11,1.5942023139294443e-11,1.1324043780411759e-10,2.1369275055864397e-11,-1.2853373792286533e-11,4.6289587141747915e-11,-1.0226484733300183e-12,1.6613175412509278e-10,5.569861186141101e-10,6.404997965038582e-10,1.845764427636501e-10,7.407582452159434e-10,3.8293009360011494e-10,3.793332569738199e-10,5.98333427624562e-10,1.1348650082854553e-09,1.1215492468089654e-09,4.874871165567633e-10,1.7384020227007263e-10,3.831179974148947e-10,3.674407335740296e-10
57,-17.77126099706745,8.170835826285044e-12,-1.628206944072506e-11,-1.2973582042398807e-10,-4.895600187389978e-11,2.7038072775658656e-11,-2.864168596513337e-11,-1.0381450486825969e-11,1.0568915128131117e-10,6.193108965627294e-10,5.930031077281057e-10,1.959551323611448e-10,8.026981183560134e-10,4.3745702008897043e-10,4.569328269882687e-10,5.98333427624562e-10,1.1348650082854553e-09,1.1215492468089654e-09,4.874871165567633e-10,1.7384020227007263e-10,3.831179974148947e-10,3.674407335740296e-10
58,-17.732160312805476,8.168012564524951e-12,4.42267232259595e-11,5.871319761955974e-11,1.4190031813320033e-11,3.308299182131312e-11,2.2240408432929125e-11,8.117193837500279e-12,1.319944305489408e-10,7.599692928169823e-10,6.771673908127968e-10,1.8742887913499502e-10,8.964351440249224e-10,4.3232401488173117e-10,5.013650209969433e-10,5.98333427624562e-10,1.1348650082854553e-09,1.1215492468089654e-09,4.874871165567633e-10,1.7384020227007263e-10,3.831179974148947e-10,3.674407335740296e-10
59,-17.693059628543498,-2.080023078072471e-11,-4.635797283721892e-11,3.164563743291435e-11,2.3296622362502273e-11,-1.8169263681083588e-12,3.763095426689428e-12,8.689375067118675e-12,9.80217972956022e-11,4.1623612317088437e-10,7.304326325897053e-10,1.2686173903842827e-10,4.498087942157558e-10,4.870400999683525e-10,4.5494650486034157e-10,5.067863126904533e-10,1.6371046133153582e-09,1.4698871578493661e-09,5.632910915206775e-10,2.7162547289217627e-10,3.493040942614804e-10,3.2201004567016576e-10
60,-17.65395894428152,4.773823458332158e-12,-3.270404723437433e-11,1.717051883069583e-10,-2.0809955353934774e-11,9.984311540543726e-12,-4.81836826872411e-13,5.6293975216707233e-11,8.660671897908139e-11,4.912621324254808e-10,6.591891679053199e-10,9.978225840907377e-11,4.765221917857767e-10,3.898144627424332e-10,3.8490575006900016e-10,5.067863126904533e-10,1.6371046133153582e-09,1.4698871578493661e-09,5.632910915206775e-10,2.7162547289217627e-10,3.493040942614804e-10,3.2201004567016576e-10
61,-17.61485826001955,1.8942837649697756e-11,-2.3525306637525168e-11,1.3136641145677323e-10,8.02339877646972e-12,4.697909062219945e-12,-1.1914168415027867e-11,-1.37825409019092e-11,9.092129171144128e-11,5.196867408616608e-10,5.550477919517035e-10,7.059599644869662e-11,4.49599872779106e-10,3.1105421808021426e-10,4.687014405283862e-10,5.067863126904533e-10,1.6371046133153582e-09,1.4698871578493661e-09,5.632910915206775e-10,2.7162547289217627e-10,3.493040942614804e-10,3.2201004567016576e-10
62,-17.575757575757574,-1.1329125653284678e-11,2.956520655038524e-11,-1.620176330407777e-10,-3.038112945733309e-11,-4.4876073637746784e-11,-3.4687859794284955e-11,-5.245622017569098e-12,6.367492489096667e-11,4.715203114428062e-10,6.471310130948378e-10,1.7416895552020016e-10,4.995575055047212e-10,4.266608636864804e-10,4.778629278525785e-10,5.067863126904533e-10,1.6371046133153582e-09,1.4698871578493661e-09,5.632910915206775e-10,2.7162547289217627e-10,3.493040942614804e-10,3.2201004567016576e-10
63,-17.5366568914956,3.683510789265997e-11,7.21751413630559e-12,1.9799227321609472e-11,2.0810269048360136e-11,-3.817678504717018e-12,-3.565655258167697e-11,4.9541985723010203e-11,3.5127033985669477e-11,5.221385876313402e-10,6.746245722458074e-10,1.9996792968532353e-10,5.866877828590519e-10,3.5288022696050097e-10,5.464506434630027e-10,5.067863126904533e-10,1.6371046133153582e-09,1.4698871578493661e-09,5.632910915206775e-10,2.7162547289217627e-10,3.493040942614804e-10,3.2201004567016576e-10
64,-17.497556207233625,7.056274468705008e-12,2.4556111203414635e-11,4.042033777237478e-11,-3.0479316259919336e-11,-2.008845489601486e-11,-2.1708380269927788e-11,7.511698104960394e-11,4.01151117106844e-11,4.2858601512327695e-10,5.997340795996801e-10,9.046141359491371e-11,4.66638576613365e-10,3.6127378684139125e-10,4.642356663960614e-10,6.064136053511166e-10,1.307121673897913e-09,1.4419293288386063e-09,6.04855791757407e-10,2.7885051572878147e-10,3.8528814531047007e-10,3.9472976303067484e-10
65,-17.45845552297165,1.842963123710446e-11,2.4535407277589575e-11,3.417026164166941e-11,1.683009609391031e-11,2.992470199499498e-11,4.5285133027248694e-11,2.1884049946549306e-11,3.374175310813407e-11,4.741942548764511e-10,5.666291290687039e-10,1.4221746463248306e-10,4.967229497965036e-10,4.322339841731531e-10,3.895123736383771e-10,6.064136053511166e-10,1.307121673897913e-09,1.4419293288386063e-09,6.04855791757407e-10,2.7885051572878147e-10,3.8528814531047007e-10,3.9472976303067484e-10
66,-17.419354838709676,3.784113048644464e-11,4.271157226671352e-11,-4.767110366947451e-11,4.285399019550393e-12,-7.622181783738627e-12,1.6180431986672429e-12,-2.888762351144963e-11,1.3692823889205844e-11,3.986161409257997e-10,6.42208184107575e-10,7.92034968992014e-11,6.517548899361909e-10,4.086660148989469e-10,3.817951420119877e-10,6.064136053511166e-10,1.307121673897913e-09,1.4419293288386063e-09,6.04855791757407e-10,2.7885051572878147e-10,3.8528814531047007e-10,3.9472976303067484e-10
67,-17.3802541544477,7.49419387914709e-13,4.271157226671352e-11,-1.1544070050089426e-10,1.3489235281224636e-11,-7.844278446509783e-12,1.6180431986672394e-12,-9.022582801099874e-11,4.205030141324056e-11,3.6642530010401765e-10,6.46900760340359e-10,1.4103483127522063e-10,5.018691302296088e-10,2.8734916372004336e-10,4.6362427318258634e-10,6.064136053511166e-10,1.307121673897913e-09,1.4419293288386063e-09,6.04855791757407e-10,2.7885051572878147e-10,3.8528814531047007e-10,3.9472976303067484e-10
68,-17.341153470185727,1.9175913666276918e-11,4.4977711103044675e-12,-7.300957231864605e-12,7.522395133530659e-11,-1.8347442924018695e-11,3.391303104268739e-11,5.0191336470506265e-14,3.9382318203167033e-11,5.753457956764575e-10,6.434325390132993e-10,1.8631337668987753e-10,6.005336903233829e-10,2.477654527816347e-10,2.5842044605068646e-10,6.064136053511166e-10,1.307121673897913e-09,1.4419293288386063e-09,6.04855791757407e-10,2.7885051572878147e-10,3.8528814531047007e-10,3.9472976303067484e-10
69,-17.302052785923753,6.681094230552516e-12,3.909967823981956e-11,-3.3007077421444102e-12,-1.9564896520509566e-11,4.08431997788113e-12,-4.467656307570561e-12,6.523618913954556e-12,9.964485962774643e-11,5.865516388606251e-10,5.054339698786057e-10,1.0945506997078362e-10,5.736113713167125e-10,4.029432614919362e-10,5.25515837161006e-10,6.064136053511166e-10,1.307121673897913e-09,1.4419293288386063e-09,6.04855791757407e-10,2.7885051572878147e-10,3.8528814531047007e-10,3.9472976303067484e-10
70,-17.262952101661778,2.293430365544985e-11,2.2666407397424268e-11,1.8457863870054937e-12,1.9036319012039954e-11,3.5627692564144716e-11,2.7372472552545505e-11,2.683354308167486e-11,5.063239250074428e-11,4.900911058147986e-10,5.389837411259354e-10,1.9118068151097883e-10,5.155403091050259e-10,3.0495502965249174e-10,4.374865074983366e-10,4.292777144735696e-10,1.3127318104945929e-09,1.6154144274049431e-09,5.10762093904198e-10,3.6021820030476024e-10,5.111134332577831e-10,2.768623114266317e-10
71,-17.223851417399807,9.924395633762353e-12,-1.55781359524453e-11,4.9016231476298996e-11,-1.7510188698474445e-11,7.931109457631159e-11,3.7367449752302456e-11,1.4084943703544028e-11,3.559538189088707e-11,5.237851771522633e-10,4.72265025394142e-10,1.34297271790969e-10,5.626069208692358e-10,3.550575898611839e-10,2.98840156432506e-10,4.292777144735696e-10,1.3127318104945929e-09,1.6154144274049431e-09,5.10762093904198e-10,3.6021820030476024e-10,5.111134332577831e-10,2.768623114266317e-10
72,-17.18475073313783,2.690255616804216e-11,4.048307694381544e-11,-1.2661454670793298e-10,-2.524781055541205e-11,4.86780673501149e-11,-8.343682240635226e-12,1.209284957142888e-10,3.7762392828401704e-11,4.251372429390569e-10,4.6108365048671685e-10,1.422306398580081e-10,5.200540787027864e-10,3.7695512872904746e-10,3.324071809524081e-10,4.292777144735696e-10,1.3127318104945929e-09,1.6154144274049431e-09,5.10762093904198e-10,3.6021820030476024e-10,5.111134332577831e-10,2.768623114266317e-10
73,-17.145650048875854,-4.0124836285593484e-12,-5.5637096103595604e-12,1.4163304926231766e-10,3.7115551983950106e-11,2.0668792220070228e-11,-8.381953134224592e-13,-3.1207718025879614e-11,6.1606728143866954e-12,4.016178965211821e-10,5.113022781601007e-10,2.1587921063252204e-10,4.5166179560667505e-10,3.830358091017235e-10,3.6314655107136533e-10,4.292777144735696e-10,1.3127318104945929e-09,1.6154144274049431e-09,5.10762093904198e-10,3.6021820030476024e-10,5.111134332577831e-10,2.768623114266317e-10
74,-17.106549364613883,-8.551348890977225e-13,2.1552159735974688e-11,-4.380072426163511e-11,-4.0402770805291966e-11,-2.732918252547969e-12,7.939014593031411e-12,8.790259653867873e-11,3.311781206079733e-11,3.999496619877497e-10,6.177675129769332e-10,1.651144384817104e-10,9.621127032277857e-10,2.9530888223915534e-10,2.458986487733565e-10,4.292777144735696e-10,1.3127318104945929e-09,1.6154144274049431e-09,5.10762093904198e-10,3.6021820030476024e-10,5.111134332577831e-10,2.768623114266317e-10
75,-17.067448680351905,2.975499254023988e-11,-3.460629887362923e-11,1.1057151350684462e-11,-7.047365506711638e-11,5.3694064004954105e-11,-1.1669485650845716e-12,-8.13977993669462e-12,2.4983051256982224e-11,4.895167287105636e-10,5.131900997905041e-10,2.4149875077019134e-10,7.272335623028891e-10,2.1762116369103253e-10,3.798336018570177e-10,4.854681700611537e-10,1.981457959657194e-09,1.4508131953358258e-09,6.74366400560481e-10,3.430646837872607e-10,5.022364680720135e-10,3.4468586394467073e-10
76,-17.02834799608993,3.8697833856191894e-11,2.1303085230404905e-11,-1.6769552794186244e-10,-8.547772761230827e-11,-4.194427221592793e-11,1.2476311379570116e-11,6.714345990494383e-12,-1.142637136662992e-11,3.202238614967106e-10,6.313351722216054e-10,1.1901150037116023e-10,7.561814154182732e-10,3.3445310529056083e-10,3.526706781312504e-10,4.854681700611537e-10,1.981457959657194e-09,1.4508131953358258e-09,6.74366400560481e-10,3.430646837872607e-10,5.022364680720135e-10,3.4468586394467073e-10
77,-16.989247311827956,4.105714034936213e-11,7.673000511615965e-11,-1.9836243432554535e-11,2.490211772705216e-11,5.050252241835278e-11,1.638872603132028e-11,-1.39665548885993e-10,-5.3233244800889076e-11,3.7770674398731504e-10,4.807056396525891e-10,2.1449581192937966e-10,9.690221680382963e-10,2.651714944571899e-10,3.3525114753591535e-10,4.854681700611537e-10,1.981457959657194e-09,1.4508131953358258e-09,6.74366400560481e-10,3.430646837872607e-10,5.022364680720135e-10,3.4468586394467073e-10
78,-16.95014662756598,-1.0137708812054982e-11,-3.5202948370698783e-12,1.5039143741836265e-10,8.938920117652127e-11,-7.151010615737886e-12,-2.2264249317497012e-11,-1.585795265147452e-11,1.672343950425204e-11,2.864758344717739e-10,4.214836273642114e-10,1.2994693773133156e-10,4.3145727324588326e-10,2.5244454009284887e-10,3.1114299400717097e-10,4.854681700611537e-10,1.981457959657194e-09,1.4508131953358258e-09,6.74366400560481e-10,3.430646837872607e-10,5.022364680720135e-10,3.4468586394467073e-10
79,-16.911045943304007,-8.219458682958292e-12,2.6568156390985086e-11,-1.3510817556554796e-10,-7.589871111077646e-11,3.308110964606771e-11,2.0806818394510202e-11,-1.0359178082395809e-10,1.7898230465340302e-11,4.137224783190073e-10,4.0859825659505346e-10,1.1745933330105553e-10,1.1275794221497916e-09,2.9390415221912144e-10,2.8198088662493376e-10,4.854681700611537e-10,1.981457959657194e-09,1.4508131953358258e-09,6.74366400560481e-10,3.430646837872607e-10,5.022364680720135e-10,3.4468586394467073e-10
80,-16.871945259042032,1.3985188422012218e-11,-1.9790443838494738e-11,9.964360484407879e-11,2.6814093937811505e-11,3.1686417893327444e-11,-5.411880818646399e-12,-3.9387651045047935e-12,1.1915736893802224e-11,3.483451260445703e-10,5.008515008894143e-10,1.4642098903345754e-10,1.1094023160727883e-09,3.0218195833102335e-10,2.3084469858782454e-10,5.045145273408284e-10,1.50039470673541e-09,1.7288117131325474e-09,6.17311399209277e-10,3.7136820562637983e-10,3.7754487692916e-10,2.767863970313713e-10
81,-16.832844574780058,-1.7704680126016906e-11,4.5866097743563886e-11,2.8534401984494624e-11,3.8490480889027846e-12,1.0670176148819956e-10,-2.998304942385472e-12,1.1157534021919839e-11,1.1353593929515472e-11,4.083667490569922e-10,5.0739613742558e-10,1.8378687030707075e-10,5.892676175363897e-10,3.565805832171145e-10,2.9773720181980105e-10,5.045145273408284e-10,1.50039470673541e-09,1.7288117131325474e-09,6.17311399209277e-10,3.7136820562637983e-10,3.7754487692916e-10,2.767863970313713e-10
82,-16.793743890518083,6.336028795304982e-12,-1.2645079747299819e-11,4.190474653815913e-11,9.724571334536804e-14,1.505740094109139e-14,1.9311743969341563e-11,-9.079612706725444e-12,1.3677766488350138e-11,3.21427826172058e-10,2.972136434454895e-10,5.97443158800448e-11,6.193115239548187e-10,2.5530575994841707e-10,2.7710887636571887e-10,5.045145273408284e-10,1.50039470673541e-09,1.7288117131325474e-09,6.17311399209277e-10,3.7136820562637983e-10,3.7754487692916e-10,2.767863970313713e-10
83,-16.75464320625611,2.501159757923697e-11,8.660515050439794e-12,1.3281129454598345e-10,5.8049417198408836e-11,-2.5809012432076223e-11,-1.0148060774626372e-11,1.74540371406504e-11,-6.666977917916158e-12,2.930204710068309e-10,4.950885944137392e-10,1.903158220504615e-10,1.0244089348544225e-09,2.391896356113601e-10,2.877770448613189e-10,5.045145273408284e-10,1.50039470673541e-09,1.7288117131325474e-09,6.17311399209277e-10,3.7136820562637983e-10,3.7754487692916e-10,2.767863970313713e-10
84,-16.715542521994134,2.5683847788224664e-11,-2.087332192275656e-12,7.204025214649914e-11,7.518066130858209e-11,1.7396944495969317e-11,3.666037930425697e-11,-3.297382566576918e-11,9.359429404902387e-12,4.4752195146322897e-10,5.33058340199334e-10,2.364937334692457e-10,6.917006058863743e-10,2.3721586131780583e-10,3.499989305696629e-10,5.045145273408284e-10,1.50039470673541e-09,1.7288117131325474e-09,6.17311399209277e-10,3.7136820562637983e-10,3.7754487692916e-10,2.767863970313713e-10
85,-16.67644183773216,-5.249323628834917e-11,-2.301900154235099e-12,-1.7062481979856267e-10,-1.29832438745078e-11,-1.1911658848033887e-11,2.240666723383524e-11,-3.06010302492396e-11,1.4132939167104907e-11,2.9299757120980133e-10,5.065356697066204e-10,1.9430101414017826e-10,6.732003930830194e-10,2.504676288408078e-10,3.203254989524659e-10,6.226291712736614e-10,1.3125768447444776e-09,1.3196626066238276e-09,5.233613740574381e-10,3.5016111132480016e-10,3.5048986457748536e-10,3.732917885837197e-10
86,-16.637341153470185,5.736242328409872e-12,9.0971796712559e-13,2.6173527010675427e-11,2.9041648174879416e-11,3.170963138631702e-11,-1.1591061688420376e-11,9.220148447988393e-11,1.8052568824729745e-11,3.6038320432165783e-10,2.7232438724808814e-10,1.4420064980107155e-10,7.845514407766214e-10,2.3879092818502565e-10,2.9288401331218844e-10,6.226291712736614e-10,1.3125768447444776e-09,1.3196626066238276e-09,5.233613740574381e-10,3.5016111132480016e-10,3.5048986457748536e-10,3.732917885837197e-10
87,-16.59824046920821,-2.557938706985703e-11,3.4620101489709966e-11,3.771753432205002e-11,5.6237823658884314e-11,-9.106590549864408e-12,-2.1412878778719667e-12,-2.3559813181134404e-11,8.615970239109587e-12,1.8927654769707505e-10,3.2467050018198514e-10,1.6661672791147512e-10,7.752440848822154e-10,2.38645059614241e-10,3.202282532382682e-10,6.226291712736614e-10,1.3125768447444776e-09,1.3196626066238276e-09,5.233613740574381e-10,3.5016111132480016e-10,3.5048986457748536e-10,3.732917885837197e-10
88,-16.559139784946236,-1.5144294591689478e-11,9.253400207590025e-12,-1.4155838965839602e-11,1.8984559196625e-11,-1.7736990798081283e-11,-1.4093727186659843e-11,2.626763576612972e-11,2.96411209459855e-11,4.484796648956192e-10,4.17367624105333e-10,1.610100419691562e-10,9.11411297639949e-10,2.5712770545000216e-10,2.609253074203014e-10,6.226291712736614e-10,1.3125768447444776e-09,1.3196626066238276e-09,5.233613740574381e-10,3.5016111132480016e-10,3.5048986457748536e-10,3.732917885837197e-10
89,-16.52003910068426,7.00796530730968e-12,-9.713278326675076e-12,1.210395440471229e-10,-3.64222841538594e-11,4.1067806008745606e-11,2.8821747383483582e-11,-9.05451704019528e-12,-3.834523971919529e-11,3.099405978107686e-10,4.518587966011264e-10,1.6779340104763815e-10,4.410102529914726e-10,1.7007773423351202e-10,2.909039651025985e-10,6.226291712736614e-10,1.3125768447444776e-09,1.3196626066238276e-09,5.233613740574381e-10,3.5016111132480016e-10,3.5048986457748536e-10,3.732917885837197e-10
90,-16.480938416422287,6.493190416624758e-12,-1.5026658646944127e-11,-5.440740838225304e-12,5.84591039793194e-11,-4.82150522746739e-12,-2.0175662342747636e-11,-2.741074344596491e-11,3.6238144688377175e-12,1.489308695362928e-10,4.0446186310588306e-10,2.2917991470696272e-10,4.3647421098834536e-10,3.0030762562227504e-10,2.390011044049171e-10,4.960121149983937e-10,1.8478028232751206e-09,1.8163177981158409e-09,6.679795530381511e-10,2.6712456482398126e-10,4.0477806852411e-10,4.3205015840337434e-10
91,-16.441837732160312,8.638242643964912e-12,3.67331567407745e-11,2.8155457395339546e-11,4.4647075665911956e-11,-1.328690145827541e-11,1.250203443938328e-11,8.73109661643436e-11,3.1438598178075125e-12,2.4200286000200417e-10,3.7154983552333403e-10,1.4268706732153851e-10,4.746202538422254e-10,2.343314279694187e-10,2.6756718967040914e-10,4.960121149983937e-10,1.8478028232751206e-09,1.8163177981158409e-09,6.679795530381511e-10,2.6712456482398126e-10,4.0477806852411e-10,4.3205015840337434e-10
92,-16.402737047898338,-8.381953134224592e-13,-2.8169887410410635e-13,1.4453850023359164e-11,-5.348859322309114e-11,1.2934934713623866e-11,5.691070125927868e-12,5.461695719760473e-11,1.1020448935869849e-11,1.5685859107921553e-10,3.1098645977666147e-10,1.923902927120627e-10,1.0038649935829349e-09,2.2433613707412845e-10,1.8961220225694747e-10,4.960121149983937e-10,1.8478028232751206e-09,1.8163177981158409e-09,6.679795530381511e-10,2.6712456482398126e-10,4.0477806852411e-10,4.3205015840337434e-10
93,-16.363636363636363,-3.535038543159715e-11,-1.533219840476441e-11,4.033313032495921e-11,-5.0941696609566516e-11,1.4057338467804232e-11,3.67086884648002e-12,-2.94359638590597e-11,1.7520540660875866e-11,8.744146363848395e-11,4.153135436740235e-10,2.4515926765265065e-10,4.4203446994442973e-10,2.5196834979120147e-10,2.2274883606926227e-10,4.960121149983937e-10,1.8478028232751206e-09,1.8163177981158409e-09,6.679795530381511e-10,2.6712456482398126e-10,4.0477806852411e-10,4.3205015840337434e-10
94,-16.32453567937439,-2.812910694769942e-12,1.825960808468517e-11,1.8042530557094442e-11,5.141004451478467e-11,-1.725954571395924e-12,2.70700697522746e-11,3.606874892906889e-11,2.8856881318842483e-12,7.140125369745443e-11,3.701140496140511e-10,3.1509462063953624e-10,4.515463555336465e-10,2.0824228514252344e-10,2.2960465888906936e-10,4.960121149983937e-10,1.8478028232751206e-09,1.8163177981158409e-09,6.679795530381511e-10,2.6712456482398126e-10,4.0477806852411e-10,4.3205015840337434e-10
95,-16.285434995112414,-4.629523366407657e-12,8.457240138930897e-12,2.7723811905789375e-11,4.8666774309729845e-12,1.795971485226025e-11,3.29430834717981e-11,-1.2407925684440399e-11,1.005081506076854e-12,1.438232736923106e-10,1.9782726919885882e-10,3.343295091253133e-10,4.786496770461193e-10,2.3184538835157674e-10,2.532083894900417e-10,3.7043966590850526e-10,1.8517867605797201e-09,1.5479679372975742e-09,7.085579935185303e-10,2.713211879171711e-10,2.688705959303067e-10,6.286634246595916e-10
96,-16.24633431085044,2.2370905906387168e-11,-1.3881668790329487e-11,4.5594437135389585e-11,-2.1697087219306472e-11,-8.829910809406409e-12,-3.761840643294743e-11,-2.4800793966574795e-11,-2.3977969750734734e-11,6.335181816435917e-11,2.338677855019739e-10,1.4420410045628486e-10,8.725334023658847e-10,3.115837366766478e-10,2.6190152890731156e-10,3.7043966590850526e-10,1.8517867605797201e-09,1.5479679372975742e-09,7.085579935185303e-10,2.713211879171711e-10,2.688705959303067e-10,6.286634246595916e-10
97,-16.207233626588465,-1.3121897441207321e-11,-4.256789956704966e-11,-6.235520644594878e-11,-8.877592578029983e-12,-6.477819319894912e-12,1.4775701966299854e-11,-8.009658898592912e-11,-2.7940262042654168e-11,6.355634785953629e-11,2.2133783213182826e-10,2.0889916425426948e-10,6.29786142110192e-10,2.4031454893253456e-10,3.942573370774725e-10,3.7043966590850526e-10,1.8517867605797201e-09,1.5479679372975742e-09,7.085579935185303e-10,2.713211879171711e-10,2.688705959303067e-10,6.286634246595916e-10
98,-16.16813294232649,-2.5050495864404672e-11,4.120645957510409e-11,4.2505160397314605e-11,-1.434625234625009e-11,3.498022432709159e-11,-1.3407360664950821e-11,-3.737184149368903e-11,-9.3575472305945e-12,1.1089085587989608e-10,2.67383677597357e-10,3.1477120021765144e-10,4.5503528078659063e-10,2.4770239991559906e-10,2.287874811967493e-10,3.7043966590850526e-10,1.8517867605797201e-09,1.5479679372975742e-09,7.085579935185303e-10,2.713211879171711e-10,2.688705959303067e-10,6.286634246595916e-10
99,-16.129032258064516,3.4026588940299654e-11,-8.688747676564502e-12,-5.691697517164361e-12,1.6379001459645064e-11,6.546205015366471e-12,-1.9988072223927213e-11,6.027979470149709e-12,-4.446638685530059e-12,1.516982943322806e-10,2.8110065606717493e-10,3.2846276932259295e-10,1.1802665224734403e-09,2.2600437160883977e-10,3.477876885185681e-10,3.7043966590850526e-10,1.8517867605797201e-09,1.5479679372975742e-09,7.085579935185303e-10,2.713211879171711e-10,2.688705959303067e-10,6.286634246595916e-10
100,-16.08993157380254,5.330006201519774e-12,1.8445316075983433e-13,9.878282342719301e-12,-3.4315189115615774e-12,-2.5216754665651653e-11,7.055019685207878e-12,-2.47945200354497e-12,1.6916048757657266e-11,1.9365825134158e-10,2.548672131487812e-10,2.192404616730266e-10,5.027543799206737e-10,1.9626098581552116e-10,2.3721586131814684e-10,5.900838541395517e-10,1.6720647611082026e-09,1.8257820019369459e-09,1.2066643420172389e-09,3.2995345200680086e-10,3.3325415974894586e-10,3.546055541407453e-10
101,-16.050830889540567,3.2411055302999315e-12,2.4131994414164078e-11,-2.610765088134476e-11,8.298823733089298e-12,1.1090403110456783e-11,1.5336590147515747e-11,-6.622746804079355e-12,-1.3546327926842996e-11,8.980923992034381e-11,2.0094007312682056e-10,2.3005387134740688e-10,1.2160554547042639e-09,2.583545699227205e-10,2.4429691775810413e-10,5.900838541395517e-10,1.6720647611082026e-09,1.8257820019369459e-09,1.2066643420172389e-09,3.2995345200680086e-10,3.3325415974894586e-10,3.546055541407453e-10
102,-16.011730205278592,3.292833976698706e-11,-1.9359425737795316e-11,-3.2357099623199364e-11,1.4758448694494818e-11,4.4719853103963925e-11,-2.614466699246019e-11,4.831229798801926e-11,4.377311902691819e-12,1.1200761310868095e-10,3.66509370591923e-10,2.1637579116318266e-10,7.440784021011837e-10,3.5190243699343785e-10,1.515505435863359e-10,5.900838541395517e-10,1.6720647611082026e-09,1.8257820019369459e-09,1.2066643420172389e-09,3.2995345200680086e-10,3.3325415974894586e-10,3.546055541407453e-10
103,-15.972629521016618,7.77244209582504e-12,2.9135443234205426e-11,4.702112586610944e-11,-1.2084191567277465e-11,7.139717565969658e-13,-3.042849753460749e-13,8.610700148814374e-11,8.006145505176213e-12,9.504890171655884e-11,2.7518247014508434e-10,2.1162361271889456e-10,8.692697107338152e-10,2.6248876754085614e-10,2.652188625307065e-10,5.900838541395517e-10,1.6720647611082026e-09,1.8257820019369459e-09,1.2066643420172389e-09,3.2995345200680086e-10,3.3325415974894586e-10,3.546055541407453e-10
104,-15.933528836754643,-1.0414702246767294e-11,3.80400136572501e-11,-1.4672182335469543e-11,-3.439110351940998e-11,1.5452657612974372e-12,-2.9606614403740233e-12,2.2594257352314694e-11,-6.39876796538091e-12,1.1240475205632615e-10,1.9863880036501604e-10,3.1407761869083454e-10,5.464870321822078e-10,3.383727349467365e-10,1.149817634701984e-10,5.900838541395517e-10,1.6720647611082026e-09,1.8257820019369459e-09,1.2066643420172389e-09,3.2995345200680086e-10,3.3325415974894586e-10,3.546055541407453e-10
105,-15.894428152492669,-4.9639231434647226e-12,1.430390340620966e-11,-6.188968180334461e-11,-2.8922757457551404e-12,2.66014081500752e-12,-8.353093116180953e-12,9.554234528915887e-11,8.732037704057118e-12,6.295562030510425e-11,2.3573521690200027e-10,3.3294297346453674e-10,5.744818773029235e-10,2.7271054684056075e-10,2.4611949065194925e-10,6.134560772037421e-10,1.513631416857045e-09,1.421349626241196e-09,1.1471738060797697e-09,3.4403086700834074e-10,3.0582208498489606e-10,6.224980464072621e-10
106,-15.855327468230696,-1.1620549098042619e-11,2.86956416520947e-11,4.77445085315589e-13,-3.480424095519218e-11,1.939581445733213e-11,-6.29901268436016e-13,5.914233354177408e-11,3.5937310367818343e-11,4.630213497552425e-11,2.540851693926721e-10,2.2939040462289838e-10,4.493238204304135e-10,3.101940640573843e-10,2.92416292799231e-10,6.134560772037421e-10,1.513631416857045e-09,1.421349626241196e-09,1.1471738060797697e-09,3.4403086700834074e-10,3.0582208498489606e-10,6.224980464072621e-10
107,-15.81622678396872,2.238219895257527e-12,-2.239662896603051e-11,2.6831033512634504e-11,8.786934478300143e-12,-1.0065245069962276e-11,-1.651420437164277e-11,5.84653778950994e-11,-1.0077165511990454e-11,8.198848866312402e-11,1.7333232868597851e-10,3.180273631487218e-10,6.861701480360848e-10,2.923438290570533e-10,2.6295366479128646e-10,6.134560772037421e-10,1.513631416857045e-09,1.421349626241196e-09,1.1471738060797697e-09,3.4403086700834074e-10,3.0582208498489606e-10,6.224980464072621e-10
108,-15.777126099706745,-8.380070960002494e-12,7.136078693248863e-11,-2.2862153613749444e-12,1.7131871501579137e-11,-2.612584524153964e-11,1.3830222671897256e-11,3.179181969991513e-11,1.6688619265452578e-13,6.876934550857159e-11,1.861985640082566e-10,3.8069657914194803e-10,6.472524133890595e-10,3.379285416219607e-10,3.313945707450085e-10,6.134560772037421e-10,1.513631416857045e-09,1.421349626241196e-09,1.1471738060797697e-09,3.4403086700834074e-10,3.0582208498489606e-10,6.224980464072621e-10
109,-15.73802541544477,-7.136580606370163e-13,2.7430192588974895e-11,-4.2833913648294694e-11,8.232947605465359e-12,3.878472760611293e-11,3.4789497249869586e-11,1.377250263427375e-11,-2.7110850212943344e-11,6.829095933657137e-11,2.7977685957647423e-10,3.053418166365423e-10,8.937486527582936e-10,2.9818453210383076e-10,2.6376049051984144e-10,6.134560772037421e-10,1.513631416857045e-09,1.421349626241196e-09,1.1471738060797697e-09,3.4403086700834074e-10,3.0582208498489606e-10,6.224980464072621e-10
110,-15.698924731182796,5.7174205768077116e-12,2.759896095687455e-11,5.0351321018899286e-11,1.686742589758003e-12,-9.057653997061952e-12,1.6967181180300886e-11,2.5427558276778978e-11,3.60276547731232e-11,-2.5950489260024706e-11,4.1736197758002266e-10,3.252706003447545e-10,1.2683551406521653e-09,1.9890355966301987e-10,3.0772025857787094e-10,5.706372209543425e-10,1.4297303245926062e-09,2.190108990493516e-09,1.1443474064633448e-09,3.793454911126599e-10,5.214490841522528e-10,3.770718235845501e-10
111,-15.659824046920821,-1.7583907222530124e-11,6.349204020830156e-12,5.245998452925874e-11,2.97374255723048e-11,1.483467678622568e-11,1.9947291763343727e-11,4.582970902487866e-11,1.7846470650181112e-11,-3.350585382825955e-11,2.333903404169147e-10,3.5368328833865017e-10,7.140806089729008e-10,3.2157024408822617e-10,3.430019446166731e-10,5.706372209543425e-10,1.4297303245926062e-09,2.190108990493516e-09,1.1443474064633448e-09,3.793454911126599e-10,5.214490841522528e-10,3.770718235845501e-10
112,-15.620723362658847,5.0368574289851654e-11,6.3492040208301635e-12,9.38960694652181e-11,3.749104591737911e-11,1.782482563639217e-11,1.9947291763343727e-11,1.6849231539085293e-11,-1.6403156040342325e-12,1.0404381654405599e-10,2.3043846246050818e-10,3.405265706585556e-10,5.522856999849559e-10,4.070950260778363e-10,2.8125279855425145e-10,5.706372209543425e-10,1.4297303245926062e-09,2.190108990493516e-09,1.1443474064633448e-09,3.793454911126599e-10,5.214490841522528e-10,3.770718235845501e-10
113,-15.581622678396872,1.0938574326077888e-12,6.23897129895602e-11,-5.197312857880236e-12,4.709515808714675e-11,1.1282384971346432e-11,2.2466896837769136e-12,-7.379067499352853e-11,6.543381752754111e-12,8.374047998995178e-11,1.4481267040680628e-10,3.6185412416553215e-10,7.184337662949809e-10,3.6456226044588966e-10,3.1700471467590314e-10,5.706372209543425e-10,1.4297303245926062e-09,2.190108990493516e-09,1.1443474064633448e-09,3.793454911126599e-10,5.214490841522528e-10,3.770718235845501e-10
114,-15.5425219941349,-2.8470408031092814e-11,5.669738806819658e-12,1.3858706255096775e-10,-5.122653243729214e-12,-1.1544007302846732e-13,-8.545074976729443e-12,6.659574695812402e-11,-2.3903623834420184e-12,6.37179012232665e-11,2.142081528338345e-10,5.537459541705805e-10,7.660242501300757e-10,4.5386048982527224e-10,2.994923301053711e-10,5.706372209543425e-10,1.4297303245926062e-09,2.190108990493516e-09,1.1443474064633448e-09,3.793454911126599e-10,5.214490841522528e-10,3.770718235845501e-10
115,-15.503421309872923,-2.213249705985983e-11,-4.563396281196484e-11,-6.546581450381426e-11,8.849987344165082e-12,-3.0592246765613087e-11,2.5901239012285632e-11,-1.6218075496693191e-12,1.097715890837765e-11,1.2635449284719057e-10,1.895839696304815e-10,3.389684433674367e-10,6.463266969333537e-10,3.452608684394604e-10,4.387582304789418e-10,5.706372209543425e-10,1.4297303245926062e-09,2.190108990493516e-09,1.1443474064633448e-09,3.793454911126599e-10,5.214490841522528e-10,3.770718235845501e-10
116,-15.464320625610949,-1.6728458637301944e-11,3.1643755257839425e-11,-5.1393418633533655e-11,-2.6927965531555046e-11,2.6277046641504653e-11,1.4057965859552795e-11,3.923080310621997e-11,-7.2353947996027456e-12,7.40855490931592e-11,2.08339844552169e-10,4.1610970374336547e-10,8.44859154404813e-10,2.941714210840339e-10,3.019422947008285e-10,4.189740605570796e-10,1.4775563940104908e-09,1.3576718780876172e-09,7.836749745698399e-10,3.130088569277406e-10,3.907332778893999e-10,3.5656991755747487e-10
117,-15.425219941348974,1.5350392764959842e-11,2.2057210056859695e-11,-5.875523285664387e-12,-3.1513885172547496e-12,1.8370029026965357e-12,-3.848169741443449e-11,2.8860645669844558e-11,1.6675757734861318e-11,1.3692572932472293e-10,2.0335019834872058e-10,3.289973070527588e-10,9.972569904850556e-10,3.732048948323497e-10,2.457358406268116e-10,4.189740605570796e-10,1.4775563940104908e-09,1.3576718780876172e-09,7.836749745698399e-10,3.130088569277406e-10,3.907332778893999e-10,3.5656991755747487e-10
118,-15.386119257087,1.5867363526850133e-11,1.4046672808080438e-11,-1.6201135912499773e-10,-1.773259905601225e-11,1.6003507526385302e-11,-3.008782383749955e-11,4.7518020094435025e-11,-1.640692039066263e-11,1.7598650928022746e-10,1.5696336549320155e-10,4.0526900253014193e-10,9.742640257058865e-10,3.4705489501045364e-10,2.343458579788669e-10,4.189740605570796e-10,1.4775563940104908e-09,1.3576718780876172e-09,7.836749745698399e-10,3.130088569277406e-10,3.907332778893999e-10,3.5656991755747487e-10
119,-15.347018572825025,-1.7661076402309677e-11,-4.345126708312434e-11,5.354725434569419e-11,1.0618604554804467e-12,-7.154774965887978e-12,-2.1846406444367697e-11,-1.18225692275898e-11,2.6638110565827246e-11,1.0242545964925858e-10,6.178155084421128e-10,5.873757178598765e-10,5.754317483391733e-10,2.5644510327861356e-10,2.713522438067614e-10,4.189740605570796e-10,1.4775563940104908e-09,1.3576718780876172e-09,7.836749745698399e-10,3.130088569277406e-10,3.907332778893999e-10,3.5656991755747487e-10
120,-15.30791788856305,-2.8459428675919358e-11,-4.584037468306937e-11,5.953068900630484e-11,7.256632008763403e-11,1.2712838051193327e-11,6.576947208655936e-12,3.92427235472236e-11,9.792643375699014e-12,1.056781719269911e-10,1.6824480937709547e-10,5.020673860073014e-10,5.334539106672497e-10,2.439499701479523e-10,2.426271147448745e-10,4.189740605570796e-10,1.4775563940104908e-09,1.3576718780876172e-09,7.836749745698399e-10,3.130088569277406e-10,3.907332778893999e-10,3.5656991755747487e-10
121,-15.268817204301076,-1.9439731876317134e-11,5.082500175235944e-11,-2.8322343588164297e-11,-3.4911211234071704e-12,3.718613355028503e-11,1.9581522401248153e-11,-3.015871909979527e-11,3.0651221585709556e-11,3.276427683592211e-11,1.989546920867716e-10,4.167204695650065e-10,5.323393493092604e-10,3.0417737763819596e-10,2.2793140522096712e-10,4.956902630554534e-10,1.5703902893258044e-09,1.8291705445170606e-09,8.372335219676886e-10,3.9714773064729984e-10,4.985028600540932e-10,3.436073776096455e-10
122,-15.229716520039103,-4.048464542275935e-11,6.02082720435337e-11,-9.248820248695404e-11,-1.832705269381201e-11,1.7079484294927687e-11,6.986633989906896e-12,6.11669265643136e-11,-1.2013296303874148e-11,1.206019383353658e-10,1.617462861310346e-10,5.164095603076972e-10,4.868180033062627e-10,3.59558811624912e-10,4.018004675077197e-10,4.956902630554534e-10,1.5703902893258044e-09,1.8291705445170606e-09,8.372335219676886e-10,3.9714773064729984e-10,4.985028600540932e-10,3.436073776096455e-10
123,-15.190615835777127,-2.3139774437312404e-11,-3.971389476443779e-13,-1.6950241604285016e-11,4.234360703443694e-11,2.804064471491205e-11,2.227616975986573e-11,2.803186123265001e-11,-2.8016176438936778e-12,7.909903618083431e-11,1.8958146006365798e-10,5.840041148550956e-10,6.894871679627564e-10,3.727732493415211e-10,3.185612734867983e-10,4.956902630554534e-10,1.5703902893258044e-09,1.8291705445170606e-09,8.372335219676886e-10,3.9714773064729984e-10,4.985028600540932e-10,3.436073776096455e-10
124,-15.151515151515152,1.5205778977757438e-11,-3.071207858207478e-11,2.249970942330072e-10,3.7278046434364665e-11,-2.5447007421494363e-12,3.076854383381315e-11,3.67268828249945e-11,-5.059914074080263e-12,1.1566624781802576e-10,1.69555116946056e-10,4.828039511989282e-10,9.431228112012644e-10,4.095678904700681e-10,2.768074146524737e-10,4.956902630554534e-10,1.5703902893258044e-09,1.8291705445170606e-09,8.372335219676886e-10,3.9714773064729984e-10,4.985028600540932e-10,3.436073776096455e-10
125,-15.112414467253178,1.5329688839134233e-11,6.758388888784372e-11,-3.899239426224999e-12,2.011731490587732e-12,3.798292101154609e-11,2.3940012552763678e-11,7.72256445599634e-11,3.107471098525621e-12,8.343807719087377e-11,2.0495161566724628e-10,4.835081983841055e-10,1.0474508361861553e-09,4.134200755183098e-10,2.053107974158974e-10,4.956902630554534e-10,1.5703902893258044e-09,1.8291705445170606e-09,8.372335219676886e-10,3.9714773064729984e-10,4.985028600540932e-10,3.436073776096455e-10
126,-15.073313782991203,1.2304406054462196e-11,4.1418517971434456e-11,-8.880729535919436e-12,7.204025215503056e-12,-1.3930605344155269e-11,-2.5911277269350665e-13,2.4928781875085232e-11,1.896197309580999e-11,8.214063115062634e-11,1.764777569823047e-10,5.933475457722867e-10,6.821018265465118e-10,3.3948259086705533e-10,3.7819140407850494e-10,4.024178209425495e-10,1.121514740265355e-09,2.1608794385038566e-09,8.457390712663085e-10,3.1988632476091046e-10,4.767524445412785e-10,6.822715360016511e-10
127,-15.034213098729229,-6.373358601527413e-12,2.6434521958954467e-11,4.424805454404439e-11,1.661022667170051e-10,3.516342270418407e-11,1.6867425899620792e-11,2.484659356233912e-11,-2.5536410737642323e-11,1.2064616945048088e-10,1.769768470809822e-10,5.531718907635837e-10,5.202128088033155e-10,3.278770991692719e-10,3.1716062151185045e-10,4.024178209425495e-10,1.121514740265355e-09,2.1608794385038566e-09,8.457390712663085e-10,3.1988632476091046e-10,4.767524445412785e-10,6.822715360016511e-10
128,-14.995112414467254,-3.898110120924211e-11,-4.1582267202960153e-11,-4.015306883505497e-14,-7.237276974592668e-12,1.7127166064233294e-11,3.6295864725658516e-11,4.568666372600062e-12,-1.0227112129054984e-11,1.3805628917214583e-10,1.8408644984447328e-10,5.636330199974383e-10,5.111893476539555e-10,2.6656555881843723e-10,3.193238681002383e-10,4.024178209425495e-10,1.121514740265355e-09,2.1608794385038566e-09,8.457390712663085e-10,3.1988632476091046e-10,4.767524445412785e-10,6.822715360016511e-10
129,-14.95601173020528,2.0566527373589715e-11,3.052888021095367e-12,-5.250013759979836e-12,2.2372788085728922e-12,-2.7232564203030625e-11,6.9966722570304076e-12,-6.782668947763458e-11,6.476878232272342e-12,1.328301162975856e-10,1.877397517234445e-10,5.957940597131273e-10,7.56119931031556e-10,2.6435463046168194e-10,3.270636858275284e-10,4.024178209425495e-10,1.121514740265355e-09,2.1608794385038566e-09,8.457390712663085e-10,3.1988632476091046e-10,4.767524445412785e-10,6.822715360016511e-10
130,-14.916911045943307,-1.7017999912095164e-12,-2.1036443756900046e-12,3.3919304959319106e-11,1.3956642100609868e-11,8.985503951610812e-12,4.423111496836922e-12,-1.2604299284492626e-12,2.3784105714855426e-11,8.204840457109883e-11,1.9704585283441316e-10,6.459847684558341e-10,4.790653240486163e-10,3.2314938900129986e-10,2.6239214921985657e-10,4.024178209425495e-10,1.121514740265355e-09,2.1608794385038566e-09,8.457390712663085e-10,3.1988632476091046e-10,4.767524445412785e-10,6.822715360016511e-10
131,-14.87781036168133,1.7750479720077227e-11,-2.901874837785007e-11,4.100255727133426e-11,-7.223160662382583e-12,1.0591626707738896e-11,-2.997552072304305e-11,5.892902036262971e-11,-3.895412336567625e-11,1.181152713250935e-10,2.9027531861663663e-10,6.427006865934048e-10,4.695317934457373e-10,3.453835235170852e-10,3.3974735016471805e-10,5.035100732242832e-10,1.4125937476524855e-09,1.6621551091797626e-09,8.166243319579291e-10,3.8063352627497514e-10,5.018035677962381e-10,5.073867265496082e-10
132,-14.838709677419356,-2.0782977509772898e-11,4.573058113645946e-11,-2.0848853638249114e-11,-2.0932610430791934e-11,2.5503472673403662e-11,1.2864039451158333e-11,-4.041469124714896e-11,1.986949519249676e-12,2.028981626275151e-10,1.4315039609327962e-10,4.279761903890025e-10,8.762005068622999e-10,2.613644816114303e-10,3.458412057633455e-10,5.035100732242832e-10,1.4125937476524855e-09,1.6621551091797626e-09,8.166243319579291e-10,3.8063352627497514e-10,5.018035677962381e-10,5.073867265496082e-10
133,-14.799608993157381,-2.73705903771293e-11,1.9700099433189184e-11,-9.069574439089999e-12,-2.8317010759922294e-11,3.4733031996596577e-11,1.7159163039314845e-12,-3.2875325169609833e-11,2.753465330751263e-11,1.396859391165407e-10,2.616496311398109e-10,5.99395601776513e-10,6.674738753259346e-10,3.3113984971387214e-10,2.7540801746119395e-10,5.035100732242832e-10,1.4125937476524855e-09,1.6621551091797626e-09,8.166243319579291e-10,3.8063352627497514e-10,5.018035677962381e-10,5.073867265496082e-10
134,-14.760508308895407,-2.4968621246937567e-11,1.5452657611270693e-11,6.93412130463242e-11,1.9305470052026705e-11,-4.9200057244799854e-12,-1.923833914022327e-11,1.206913416582488e-11,-1.5708947122629606e-11,1.2616909859974567e-10,1.604121376774214e-10,6.602532242313227e-10,6.011403780989147e-10,3.180298727155453e-10,3.2626940793309057e-10,5.035100732242832e-10,1.4125937476524855e-09,1.6621551091797626e-09,8.166243319579291e-10,3.8063352627497514e-10,5.018035677962381e-10,5.073867265496082e-10
135,-14.721407624633432,-3.093354785207511e-12,-1.7120892147259594e-11,1.7903249599839084e-11,-9.376996373689734e-12,-6.211867977517863e-11,5.6979714348204375e-12,1.6450837808624716e-11,-7.662648548447692e-12,1.0926622506846614e-10,1.764488969641754e-10,6.011905694351289e-10,8.090786919620689e-10,3.3173336226362305e-10,2.318431924813093e-10,5.035100732242832e-10,1.4125937476524855e-09,1.6621551091797626e-09,8.166243319579291e-10,3.8063352627497514e-10,5.018035677962381e-10,5.073867265496082e-10
136,-14.682306940371458,4.122214436625919e-11,-4.8967922316609036e-11,6.324108352935928e-11,1.8807007345610066e-11,5.353533390469e-12,6.54244066521638e-12,3.347762120213458e-11,7.509878668598614e-13,1.4484278520860302e-10,2.1347253606370444e-10,5.79874308978773e-10,9.835716952962264e-10,3.42136457765004e-10,2.1353119718809735e-10,4.606071464887692e-10,1.574181617378789e-09,1.9412590911548193e-09,1.1379900463516603e-09,3.0586976675403074e-10,4.978804874862981e-10,4.5038505349276363e-10
137,-14.643206256109483,-7.973207440852036e-12,-4.531462043806381e-11,-1.439863954539661e-12,2.292301060414705e-11,-1.4103765454295007e-12,-4.097306986154194e-11,-7.151512529204885e-11,-6.280190933695154e-12,1.8355285320278264e-10,1.5539708211011944e-10,6.614248782340947e-10,6.663320224288812e-10,3.5258566655657487e-10,2.9492429112588353e-10,4.606071464887692e-10,1.574181617378789e-09,1.9412590911548193e-09,1.1379900463516603e-09,3.0586976675403074e-10,4.978804874862981e-10,4.5038505349276363e-10
138,-14.60410557184751,-2.7881287235177067e-12,3.423801994436936e-11,5.20986069080387e-11,3.7502338974646665e-12,1.54137593267842e-11,3.460190713104903e-11,1.1447388988585591e-11,3.2030228545930526e-11,2.083370212889598e-10,1.9191880784818788e-10,6.232283303482967e-10,6.271479600045149e-10,2.4062636260835115e-10,2.779150747020138e-10,4.606071464887692e-10,1.574181617378789e-09,1.9412590911548193e-09,1.1379900463516603e-09,3.0586976675403074e-10,4.978804874862981e-10,4.5038505349276363e-10
139,-14.565004887585534,4.0135188244249385e-11,-1.2027726312469076e-11,3.752304289365473e-11,8.189030185627115e-12,2.9517524780738063e-11,2.50831202329402e-12,5.893090253940917e-11,1.2851177921422258e-11,6.173440235880415e-11,2.082291099169132e-10,5.875087249006694e-10,5.421366981227153e-10,2.926371346775679e-10,3.483338329941204e-10,4.606071464887692e-10,1.574181617378789e-09,1.9412590911548193e-09,1.1379900463516603e-09,3.0586976675403074e-10,4.978804874862981e-10,4.5038505349276363e-10
140,-14.52590420332356,-1.7506424347472083e-11,-3.121273715714e-11,-2.3191534251874554e-11,-3.028984396534233e-11,1.3717919557270308e-11,1.1452408122402349e-11,-7.573182491709885e-11,1.1200510354219934e-11,1.3482867256179566e-10,2.099738862392297e-10,4.806567030999571e-10,5.951149081960649e-10,2.850472635664902e-10,3.622086004768365e-10,4.606071464887692e-10,1.574181617378789e-09,1.9412590911548193e-09,1.1379900463516603e-09,3.0586976675403074e-10,4.978804874862981e-10,4.5038505349276363e-10
141,-14.486803519061585,2.5735607602787086e-11,2.8194983066801075e-12,-2.311938421870544e-12,-4.201265791139977e-11,3.4157713806358524e-11,-9.906514968845212e-13,5.821944034912416e-11,2.3934052331579075e-11,1.5128358841755314e-10,1.8878875064850646e-10,4.58939225650273e-10,8.469533879050802e-10,3.6476082991937115e-10,2.674828054856065e-10,5.009540794315132e-10,1.5254690434852347e-09,1.5189410328288694e-09,6.218750464472072e-10,2.4399388756676635e-10,6.417319938055862e-10,4.889238435517085e-10
142,-14.447702834799607,1.3354346065527488e-11,-1.360812599684653e-12,2.6350451391032297e-13,4.566282283205389e-11,-1.1682660876881371e-11,2.5302079937139147e-11,4.893090620566509e-11,-6.5214230430910366e-12,2.6197587482533155e-10,2.0779244529252275e-10,4.839756052017856e-10,6.509797474887867e-10,3.2641559020009075e-10,4.2819891444241436e-10,5.009540794315132e-10,1.5254690434852347e-09,1.5189410328288694e-09,6.218750464472072e-10,2.4399388756676635e-10,6.417319938055862e-10,4.889238435517085e-10
143,-14.408602150537634,-4.6024827843829485e-11,-1.6366767320804797e-11,1.8656747032329546e-11,9.815543178097784e-13,6.419471891546868e-12,1.2072271123714788e-11,2.587990769385985e-11,-2.2699972854349692e-11,2.346432416449795e-10,2.300667328772282e-10,5.823788566519169e-10,5.259352485143327e-10,3.078535793142824e-10,2.99387555691726e-10,5.009540794315132e-10,1.5254690434852347e-09,1.5189410328288694e-09,6.218750464472072e-10,2.4399388756676635e-10,6.417319938055862e-10,4.889238435517085e-10
144,-14.369501466275661,3.962919684349759e-12,-8.501784950175578e-12,-8.233261301594716e-12,3.1683280912256313e-13,1.8204397615931645e-11,1.801178836346423e-11,5.967059735411327e-11,6.386847522331878e-13,2.2454568590175979e-10,2.44762756097436e-10,6.697280937101061e-10,8.01608966361946e-10,2.989543417216965e-10,3.1315347071409086e-10,5.009540794315132e-10,1.5254690434852347e-09,1.5189410328288694e-09,6.218750464472072e-10,2.4399388756676635e-10,6.417319938055862e-10,4.889238435517085e-10
145,-14.330400782013685,-9.971136315359856e-12,-1.3138837017735394e-11,4.899615494273483e-11,3.2341728525616835e-11,1.3055393920299413e-11,2.4073646985134617e-11,5.662900238517516e-11,1.4800170242701003e-11,2.404086576887568e-10,2.689185913954861e-10,5.2451483370172e-10,9.080343618054766e-10,3.3778424153054724e-10,3.346090121281283e-10,5.009540794315132e-10,1.5254690434852347e-09,1.5189410328288694e-09,6.218750464472072e-10,2.4399388756676635e-10,6.417319938055862e-10,4.889238435517085e-10
146,-14.29130009775171,-3.78216813442872e-11,-5.243551625157932e-11,-7.041844460365019e-12,2.6350451467725418e-12,9.937257162986967e-12,-3.0478688867659125e-12,4.245308688576923e-11,-2.1604233247519667e-12,3.43501662108463e-10,3.1412059502245254e-10,4.5905309724427114e-10,7.49255324727631e-10,3.457458422249048e-10,3.5351138301200785e-10,5.254041614401728e-10,1.6350210454749382e-09,1.4551252585008508e-09,5.597074301199076e-10,2.826079646304159e-10,4.863276966901037e-10,5.194357841801633e-10
147,-14.252199413489736,5.563082218952288e-12,2.022146193578512e-11,1.7700602078884373e-11,-2.4167755740589522e-11,2.7991708162109657e-11,1.1074090926359866e-11,2.6069379989290254e-11,-2.7519595906656922e-11,2.1347849628514457e-10,3.3943271322671505e-10,5.856187073994019e-10,7.150521250229285e-10,3.1569472080196443e-10,3.544741155782153e-10,5.254041614401728e-10,1.6350210454749382e-09,1.4551252585008508e-09,5.597074301199076e-10,2.826079646304159e-10,4.863276966901037e-10,5.194357841801633e-10
148,-14.213098729227761,-3.8552592675877125e-11,2.950685912305982e-11,5.028544488274934e-12,-1.291423078728713e-11,-3.989019178444808e-11,-9.775390103808941e-12,-4.9321771235823834e-11,9.950432388597113e-12,4.1404338917440954e-10,3.291155703883148e-10,5.929394274703216e-10,9.364147391269672e-10,3.1383105375208807e-10,3.413641385797179e-10,5.254041614401728e-10,1.6350210454749382e-09,1.4551252585008508e-09,5.597074301199076e-10,2.826079646304159e-10,4.863276966901037e-10,5.194357841801633e-10
149,-14.173998044965789,4.169645249027407e-12,1.2993282144703384e-12,7.856198887514496e-12,1.3351522803767673e-11,2.3586791024615213e-11,7.832358003629397e-12,4.312314122440409e-11,3.5068059166084936e-12,3.2508050065834336e-10,3.5379715993247815e-10,6.626683685868697e-10,1.0124417518406787e-09,3.522559722173752e-10,3.448530638336254e-10,5.254041614401728e-10,1.6350210454749382e-09,1.4551252585008508e-09,5.597074301199076e-10,2.826079646304159e-10,4.863276966901037e-10,5.194357841801633e-10
150,-14.13489736070381,-1.856828480209971e-11,1.2936816892445075e-12,-1.1244114077075587e-11,1.0539866890959177e-11,-3.620050117750452e-13,1.085324904742637e-11,1.6387471253445823e-12,1.5857325259896857e-11,3.490409034419953e-10,2.785198803022148e-10,6.141095056603597e-10,8.289996332737487e-10,2.77754148730288e-10,2.9106049933165883e-10,5.254041614401728e-10,1.6350210454749382e-09,1.4551252585008508e-09,5.597074301199076e-10,2.826079646304159e-10,4.863276966901037e-10,5.194357841801633e-10
151,-14.095796676441838,-1.3936251870062424e-11,5.885561553299835e-12,-3.215821645409898e-11,-6.954009621542451e-12,1.700294250723729e-11,-2.4726134354811714e-11,-7.777837664998419e-11,-2.1606742814172648e-11,3.208220794829558e-10,3.132140140134734e-10,5.202422962132701e-10,7.395301259598983e-10,2.7272278097871865e-10,3.096977972218309e-10,5.384219118574378e-10,1.3917800279484013e-09,1.5249332509708898e-09,7.46089192504745e-10,3.292664580924908e-10,6.866846092318758e-10,3.746707955436003e-10
152,-14.056695992179865,-3.4729895038877234e-11,-5.918436878568403e-11,-2.001818702598074e-11,-1.0091595521013028e-11,1.1899111014086774e-11,9.521923856340372e-12,9.365703322728377e-11,4.4795767501103846e-13,3.3834544340780796e-10,2.444578437304268e-10,6.760202050862556e-10,6.820877102332533e-10,2.9098238906442637e-10,4.4643781860297923e-10,5.384219118574378e-10,1.3917800279484013e-09,1.5249332509708898e-09,7.46089192504745e-10,3.292664580924908e-10,6.866846092318758e-10,3.746707955436003e-10
153,-14.017595307917889,3.978635845799977e-11,1.3739250875185245e-11,-5.7546249054303816e-11,-2.5516647899269987e-11,1.0475559242961865e-11,7.523053894806891e-12,3.1545254768503736e-12,-4.7470652020065353e-11,3.2707999801179573e-10,3.4910834805000596e-10,4.258766240593369e-10,5.94795879515704e-10,3.2962438505841186e-10,3.33595774530173e-10,5.384219118574378e-10,1.3917800279484013e-09,1.5249332509708898e-09,7.46089192504745e-10,3.292664580924908e-10,6.866846092318758e-10,3.746707955436003e-10
154,-13.978494623655914,-2.631155318511458e-11,-4.0284821158449e-12,-1.7184258709255558e-11,2.6951492719991938e-11,1.1421038537364325e-11,9.625443487170383e-12,1.368284836113789e-10,-3.186428344081359e-11,3.90325786979695e-10,4.0893202898035395e-10,6.57512149886641e-10,8.443719847485421e-10,3.481920424697009e-10,3.558120283825753e-10,5.384219118574378e-10,1.3917800279484013e-09,1.5249332509708898e-09,7.46089192504745e-10,3.292664580924908e-10,6.866846092318758e-10,3.746707955436003e-10
155,-13.93939393939394,4.5355400898306965e-11,2.4566776863309893e-11,-9.241479771706634e-13,-3.990524918215191e-12,4.445509380604549e-11,-8.752114238559903e-12,4.1078471668300405e-11,2.688373441133072e-13,4.2137195164099193e-10,4.657683843231647e-10,6.514562514862404e-10,1.0429571431228977e-09,2.2230213317732178e-10,3.2073706790845076e-10,5.384219118574378e-10,1.3917800279484013e-09,1.5249332509708898e-09,7.46089192504745e-10,3.292664580924908e-10,6.866846092318758e-10,3.746707955436003e-10
156,-13.900293255131965,-9.632031100614976e-12,2.45667768633099e-11,4.8704417802694295e-12,5.843055765621197e-11,-3.2177665595745605e-11,-8.752114238559906e-12,-8.951562060523333e-11,-1.0287341732392838e-11,3.1627913617170334e-10,3.995804419709522e-10,4.438724139344931e-10,9.795190585992576e-10,3.0364283990845627e-10,2.7254962086934637e-10,5.384219118574378e-10,1.3917800279484013e-09,1.5249332509708898e-09,7.46089192504745e-10,3.292664580924908e-10,6.866846092318758e-10,3.746707955436003e-10
157,-13.861192570869992,4.3777197073196864e-11,-2.2715971341633856e-11,3.1045850966018666e-11,5.1312485106161654e-11,-1.518915309735982e-12,3.3933734968853e-11,-5.86623788908294e-11,-3.359337497069622e-11,5.259346211228655e-10,3.383862238683916e-10,6.051851723997944e-10,6.428854534495274e-10,2.9421471111152607e-10,3.511683887022528e-10,3.9658621507586944e-10,1.3690044543932167e-09,1.8134813602334859e-09,8.179255423474743e-10,3.072211684800462e-10,5.423412278172281e-10,3.4851797245875054e-10
158,-13.822091886608014,2.5373602591012302e-11,-2.958151873380186e-12,2.0136136665150096e-11,2.4040395225192823e-11,4.040967211350229e-11,-2.1958709543648974e-13,7.691069392676968e-11,-7.350207481138404e-12,4.379432486569743e-10,3.8623456569277647e-10,5.87019986765075e-10,1.1894860435297655e-09,2.704967952211077e-10,3.6471722619617503e-10,3.9658621507586944e-10,1.3690044543932167e-09,1.8134813602334859e-09,8.179255423474743e-10,3.072211684800462e-10,5.423412278172281e-10,3.4851797245875054e-10
159,-13.782991202346041,6.1107951734497284e-12,2.5450771769938767e-11,3.23690200659086e-11,8.541938024125264e-13,-2.7216252017569628e-12,-1.657757093363775e-11,7.572617838335482e-12,-7.958777431659904e-12,4.987368771590637e-10,3.193762553073422e-10,4.235668815096096e-10,1.1936879994517094e-09,2.6319772016380617e-10,3.866596235705615e-10,3.9658621507586944e-10,1.3690044543932167e-09,1.8134813602334859e-09,8.179255423474743e-10,3.072211684800462e-10,5.423412278172281e-10,3.4851797245875054e-10
160,-13.743890518084068,-5.891364926760402e-11,2.054958779791555e-11,1.2125599419779903e-11,-1.0526691667139922e-11,3.3546634289352513e-12,6.494758895791566e-11,8.739064491145843e-11,2.2044348526100707e-11,3.2222179037036594e-10,4.4717876820238304e-10,4.854578180969623e-10,1.1355225147889492e-09,2.7319897128028085e-10,2.7815379724467134e-10,3.9658621507586944e-10,1.3690044543932167e-09,1.8134813602334859e-09,8.179255423474743e-10,3.072211684800462e-10,5.423412278172281e-10,3.4851797245875054e-10
161,-13.704789833822092,-9.460753165380023e-12,2.5259417301140218e-11,2.8727011236110506e-11,5.2643810296054786e-11,-1.877030493096541e-11,2.3933111244041685e-11,-2.6871813975433896e-11,4.633475934422977e-11,4.51028129988089e-10,5.623211439492173e-10,5.631455366451702e-10,8.460421014583623e-10,2.7714934312991653e-10,2.4034654590957676e-10,3.9658621507586944e-10,1.3690044543932167e-09,1.8134813602334859e-09,8.179255423474743e-10,3.072211684800462e-10,5.423412278172281e-10,3.4851797245875054e-10
162,-13.665689149560118,1.2493564651204496e-11,1.0997549138840522e-11,2.2541556450215108e-11,1.5471165667594935e-11,2.07616461920282e-11,2.484910312848109e-11,-6.938324829534001e-12,-1.945949471520154e-11,5.205177211709133e-10,4.4855087385404387e-10,3.3193036325798905e-10,1.214393180390635e-09,2.740757511833375e-10,2.920486412613787e-10,4.137064798291644e-10,1.4808345156517355e-09,1.754022193881737e-09,9.975088882522917e-10,2.8926521797640105e-10,5.663935434842774e-10,4.537434812733838e-10
163,-13.626588465298143,-2.9514387822506915e-11,-9.291671101350168e-12,6.471419924469418e-11,-2.5509119198116994e-11,-1.3439357641737408e-11,9.533216906960937e-12,1.75255597952047e-11,-2.386284337332395e-12,7.509508508016445e-10,5.217938358916179e-10,5.78952670568938e-10,1.0570445963924134e-09,2.6148525451398e-10,2.758694640583713e-10,4.137064798291644e-10,1.4808345156517355e-09,1.754022193881737e-09,9.975088882522917e-10,2.8926521797640105e-10,5.663935434842774e-10,4.537434812733838e-10
164,-13.587487781036168,5.6480937943096785e-12,1.659325572718023e-11,2.620364181187504e-11,3.01373877825621e-11,2.5484650922312624e-11,9.983056757217394e-12,-5.339981729587941e-11,1.7380632311701868e-11,4.879705218625812e-10,7.02311995432699e-10,6.555738232243195e-10,1.1739195143234744e-09,2.0312716059883776e-10,3.0713364733735336e-10,4.137064798291644e-10,1.4808345156517355e-09,1.754022193881737e-09,9.975088882522917e-10,2.8926521797640105e-10,5.663935434842774e-10,4.537434812733838e-10
165,-13.548387096774196,3.799860580474713e-11,-8.946605666954641e-12,-1.1150005323324727e-11,1.3860023776966957e-11,3.357486691547968e-11,-1.6307792501833564e-11,1.401153887221029e-11,1.4150192439762201e-11,6.576166106050937e-10,4.87861669401957e-10,5.859932602453798e-10,9.94742404544609e-10,1.9971791409187488e-10,2.819071681000261e-10,4.137064798291644e-10,1.4808345156517355e-09,1.754022193881737e-09,9.975088882522917e-10,2.8926521797640105e-10,5.663935434842774e-10,4.537434812733838e-10
166,-13.509286412512218,-6.386847529150827e-13,7.784676234665843e-12,-2.5402462608545377e-11,-2.7826390449081824e-11,7.1886541179199875e-12,7.591439590278668e-13,8.545702368648429e-11,4.793554927100714e-11,6.776150347919337e-10,4.593620876573644e-10,2.4084249904942647e-10,9.3292110843608e-10,1.5250637484467343e-10,2.876537623904963e-10,4.137064798291644e-10,1.4808345156517355e-09,1.754022193881737e-09,9.975088882522917e-10,2.8926521797640105e-10,5.663935434842774e-10,4.537434812733838e-10
167,-13.470185728250243,1.1537733397299187e-12,-3.372920527333454e-11,-3.1181367530483015e-13,1.791579743310473e-11,1.197063366795986e-11,2.0296121549934574e-12,-3.852436004889988e-11,2.4002751722924913e-11,6.910280419817683e-10,5.591286612752148e-10,7.291816135364597e-10,9.620185944725435e-10,2.777234065369985e-10,3.4587822187326747e-10,4.4924821973041424e-10,1.4543510571408304e-09,1.5383173981440448e-09,1.2661812284057578e-09,3.243370414926358e-10,5.632697602025929e-10,5.076251353969885e-10
168,-13.431085043988269,4.3508673424617105e-11,2.4207908809424577e-11,2.3876645991109775e-11,3.695650818584534e-12,3.4405533527749425e-11,-2.004955661052336e-11,-9.599030296553359e-11,5.089966136565696e-11,6.898491729746558e-10,5.728964584727057e-10,6.263568190687774e-10,9.125660120667904e-10,2.2969719916498273e-10,3.5021506701227286e-10,4.4924821973041424e-10,1.4543510571408304e-09,1.5383173981440448e-09,1.2661812284057578e-09,3.243370414926358e-10,5.632697602025929e-10,5.076251353969885e-10
169,-13.391984359726296,9.761587486364767e-12,-2.4574932954164807e-11,-1.1987573243635117e-11,2.7815724790039926e-11,5.2418576691249246e-12,1.601040883522656e-11,1.1835117060854329e-11,-4.3186507785548814e-12,7.311691904471172e-10,7.510101393171991e-10,6.701183313485177e-10,1.1564055612751905e-09,2.4024773171626385e-10,2.825590280779547e-10,4.4924821973041424e-10,1.4543510571408304e-09,1.5383173981440448e-09,1.2661812284057578e-09,3.243370414926358e-10,5.632697602025929e-10,5.076251353969885e-10
170,-13.352883675464318,-3.314510359929933e-11,2.167136415966476e-11,-6.098874730739651e-12,1.0696714817002968e-11,-1.7519530560501918e-09,2.1309986539263104e-11,2.7253895520775578e-11,1.465336058446401e-11,9.027714865157604e-10,5.674030167328209e-10,6.462774466847706e-10,1.1457697034525073e-09,2.1125627487742792e-10,2.9543592905867873e-10,4.4924821973041424e-10,1.4543510571408304e-09,1.5383173981440448e-09,1.2661812284057578e-09,3.243370414926358e-10,5.632697602025929e-10,5.076251353969885e-10
171,-13.313782991202345,2.1678892859964943e-11,3.0648084626114484e-11,2.139342963570937e-11,-7.94779807733914e-12,1.3867866174249863e-11,1.7912033083294817e-12,-7.623624784572406e-11,2.0996604384280014e-11,6.476577084277215e-10,4.513001042908093e-10,4.830376546077683e-10,1.1764610781069667e-09,1.847379961266128e-10,2.541830424989591e-10,4.4924821973041424e-10,1.4543510571408304e-09,1.5383173981440448e-09,1.2661812284057578e-09,3.243370414926358e-10,5.632697602025929e-10,5.076251353969885e-10
172,-13.27468230694037,-3.176233229012225e-11,-1.1667603475769753e-11,2.0449832517234358e-11,5.101165078347183e-11,2.3796967245699743e-11,-4.776960416580524e-12,-8.795655222529795e-11,1.727617159341948e-11,8.978012894546401e-10,7.734955442096209e-10,4.0638199540886213e-10,1.1554462793633443e-09,1.7528163470304623e-10,2.5091464542836683e-10,4.5047916224821927e-10,1.340956280978857e-09,1.4343799244934308e-09,1.0031008304904817e-09,3.272374733292456e-10,6.177430447005318e-10,5.310174349947432e-10
173,-13.235581622678394,-2.7591432257427203e-11,1.7785299960669745e-11,1.7324794449324873e-11,6.224760876969193e-11,-6.337910970379918e-12,2.904949057124145e-11,2.4242415353034908e-11,3.1071574025747276e-11,8.266001737106359e-10,6.429685828499806e-10,3.9341129936830175e-10,1.0741287861250289e-09,2.913054957907781e-10,2.520019152471035e-10,4.5047916224821927e-10,1.340956280978857e-09,1.4343799244934308e-09,1.0031008304904817e-09,3.272374733292456e-10,6.177430447005318e-10,5.310174349947432e-10
174,-13.196480938416421,-6.817018643393656e-11,1.969257073288956e-11,1.7039331225069852e-11,-3.403129437798719e-11,6.3397931454548e-12,2.251708817321646e-12,1.9108469057149528e-11,2.393907146522615e-11,7.337022844430275e-10,6.472044179239652e-10,5.847152633490801e-10,1.1825756376315043e-09,2.1359550483728864e-10,3.3051622236240966e-10,4.5047916224821927e-10,1.340956280978857e-09,1.4343799244934308e-09,1.0031008304904817e-09,3.272374733292456e-10,6.177430447005318e-10,5.310174349947432e-10
175,-13.157380254154447,-8.32737005619728e-12,2.788756113901958e-11,1.651922350528901e-11,8.085510555649477e-12,3.2939319120454596e-11,-1.8908958496966094e-11,3.884056546831997e-11,6.023681836595979e-11,9.574276556956854e-10,5.000070316590015e-10,2.7580421532147204e-10,1.1726001095748427e-09,1.9871722432778155e-10,2.2194295142781847e-10,4.5047916224821927e-10,1.340956280978857e-09,1.4343799244934308e-09,1.0031008304904817e-09,3.272374733292456e-10,6.177430447005318e-10,5.310174349947432e-10
176,-13.118279569892472,-5.0468329571384016e-11,-1.475750760781018e-11,1.7939638316819813e-11,-5.032026512930942e-11,8.83994906629968e-13,2.7712518854947667e-11,2.1794960325765565e-11,2.6736611063010336e-11,7.398202946219264e-10,7.055954499034225e-10,3.856780692534335e-10,7.255189007820285e-10,1.9648559204477516e-10,2.2527942049817854e-10,4.5047916224821927e-10,1.340956280978857e-09,1.4343799244934308e-09,1.0031008304904817e-09,3.272374733292456e-10,6.177430447005318e-10,5.310174349947432e-10
177,-13.0791788856305,2.0763842062892008e-11,1.959908936798947e-11,-2.4024710433185468e-11,3.290104822669472e-11,1.7536852845654975e-11,-2.1505732750183423e-11,1.0382768010229791e-10,3.1113295573953607e-11,9.182413974003698e-10,7.668818945864485e-10,4.257326376637975e-10,8.655906857951673e-10,2.0892488731399727e-10,2.780333380373138e-10,4.161012339560395e-10,1.6100966553405589e-09,1.2367772615229739e-09,9.624257716873119e-10,2.9388219350869104e-10,5.700631575479428e-10,4.166941191131897e-10
178,-13.040078201368521,3.0632399840070798e-12,6.507934122800015e-12,-1.5758197370794407e-11,-4.3762767063152074e-11,2.699666490730233e-12,-3.1005697896840927e-12,4.1899100012934406e-11,9.084976905773883e-11,1.0619991086602476e-09,8.057886498785232e-10,8.175763988654349e-10,1.0443650101015036e-09,2.055724197560111e-10,3.466034866815079e-10,4.161012339560395e-10,1.6100966553405589e-09,1.2367772615229739e-09,9.624257716873119e-10,2.9388219350869104e-10,5.700631575479428e-10,4.166941191131897e-10
179,-13.000977517106548,-1.3115937219852139e-11,1.9826205164920176e-11,-6.837314764334293e-12,1.1129615091924876e-10,3.0975583095985103e-11,2.610012218164122e-11,4.8193720956588967e-11,3.516373639997296e-11,8.63557936681943e-10,7.114069792361537e-10,6.116667560697543e-10,1.138935525645977e-09,1.9042216494390395e-10,2.61478039509469e-10,4.161012339560395e-10,1.6100966553405589e-09,1.2367772615229739e-09,9.624257716873119e-10,2.9388219350869104e-10,5.700631575479428e-10,4.166941191131897e-10
180,-12.961876832844574,2.8284637347694376e-10,7.614025691690159e-12,1.7380004918760297e-11,-2.819655155256486e-11,1.7487916293705467e-11,-7.172969325315712e-12,1.6505420887504855e-11,2.7771179979050586e-11,9.29823989300697e-10,7.995445339675875e-10,4.15672725423186e-10,7.790492155529002e-10,1.7498581951579341e-10,2.6931635773462385e-10,4.161012339560395e-10,1.6100966553405589e-09,1.2367772615229739e-09,9.624257716873119e-10,2.9388219350869104e-10,5.700631575479428e-10,4.166941191131897e-10
181,-12.922776148582598,2.1989514491339718e-10,2.5628951008107124e-12,2.7736987126203437e-12,7.716917935370889e-13,-4.774450849740247e-12,-1.2687114991363493e-11,8.66804374903489e-12,1.0103986507644581e-10,9.890356496264181e-10,5.820146557690223e-10,1.9961439446104466e-10,9.676055175759785e-10,2.8506796749274146e-10,2.370765803600394e-10,4.161012339560395e-10,1.6100966553405589e-09,1.2367772615229739e-09,9.624257716873119e-10,2.9388219350869104e-10,5.700631575479428e-10,4.166941191131897e-10
182,-12.883675464320625,2.885876349306457e-11,1.3522173345889985e-11,-2.750485219460545e-12,-3.735647039781158e-11,-2.313193204685093e-12,5.9031285211329816e-12,4.909904718130494e-11,7.69025378334417e-11,1.0326309031056786e-09,7.831774529499366e-10,2.691384921870527e-10,9.16287699641233e-10,2.0522108040319329e-10,2.800962019531877e-10,4.607181948216041e-10,1.2443329397873387e-09,1.3455117721259322e-09,8.739146051986233e-10,3.7097985016355506e-10,5.867982037980071e-10,5.181477490178481e-10
183,-12.84457478005865,-4.060416354087454e-11,2.790387332413956e-11,-4.648972503443211e-13,6.230313294122258e-12,2.3091778971195022e-11,-5.431329961478985e-12,8.578954128250061e-12,9.49165220679405e-11,8.820412099091967e-10,7.680507253265996e-10,2.4513354459317855e-10,8.907917556682146e-10,1.9138458381423726e-10,2.0234950858479785e-10,4.607181948216041e-10,1.2443329397873387e-09,1.3455117721259322e-09,8.739146051986233e-10,3.7097985016355506e-10,5.867982037980071e-10,5.181477490178481e-10
184,-12.805474095796676,5.951437682630231e-12,1.8282194173647967e-12,1.4507805709979482e-11,-8.758388155192173e-12,-7.056901860964829e-12,1.518852570597485e-11,-2.2623117370700314e-11,8.477849956069357e-11,8.164383103187358e-10,7.859869129900045e-10,2.152217041279193e-10,9.162717011528399e-10,1.454071240442653e-10,3.536751322465166e-10,4.607181948216041e-10,1.2443329397873387e-09,1.3455117721259322e-09,8.739146051986233e-10,3.7097985016355506e-10,5.867982037980071e-10,5.181477490178481e-10
185,-12.766373411534703,-1.259081036540214e-11,6.791515171980129e-12,2.0089082296804455e-12,1.5421288034072952e-12,1.5308357674457729e-13,2.190412648078007e-11,2.5266318609180023e-11,7.060164297358072e-11,9.39158950430136e-10,8.192600044970042e-10,1.33592083518169e-10,7.937308087638302e-10,1.8329530890869307e-10,3.0991424735895125e-10,4.607181948216041e-10,1.2443329397873387e-09,1.3455117721259322e-09,8.739146051986233e-10,3.7097985016355506e-10,5.867982037980071e-10,5.181477490178481e-10
186,-12.727272727272727,-2.4721742613424864e-11,-1.6512949586091146e-12,1.252650271586955e-11,1.6955260737249368e-11,-2.7511126117198086e-12,2.3169575543197965e-12,-2.33082291082299e-11,1.8753773159543143e-10,9.708456820193377e-10,7.871441369837971e-10,2.0430289264771923e-10,9.94992733833591e-10,2.028950256691133e-10,2.243502533874469e-10,4.607181948216041e-10,1.2443329397873387e-09,1.3455117721259322e-09,8.739146051986233e-10,3.7097985016355506e-10,5.867982037980071e-10,5.181477490178481e-10
187,-12.688172043010752,1.3340857143872417e-11,3.524435623428396e-11,-1.1674504783810676e-11,-4.082280954826225e-11,1.7397571888403184e-12,2.4179676182447014e-12,-3.63454286702092e-11,1.9373981226232057e-10,1.0126770237283785e-09,8.753303145720141e-10,3.9593247292150224e-10,1.1220229275438744e-09,1.4637550313561255e-10,3.8489822136835905e-10,4.4199996340235433e-10,1.4434476167574458e-09,1.5207109048189095e-09,7.316259316077152e-10,2.8971568521840594e-10,4.702169051829088e-10,3.9719102067573e-10
188,-12.649071358748778,2.1461187939262118e-11,-1.7532461103244515e-11,3.7076340001799677e-11,-5.83035108377969e-11,5.534473157130408e-11,1.1935499732756313e-11,-3.5882413594939775e-11,1.994327645634941e-10,1.0883624216604362e-09,9.104435459400095e-10,2.9407731232874937e-10,1.0496859191235229e-09,2.05118501859986e-10,2.8342796558483733e-10,4.4199996340235433e-10,1.4434476167574458e-09,1.5207109048189095e-09,7.316259316077152e-10,2.8971568521840594e-10,4.702169051829088e-10,3.9719102067573e-10
189,-12.609970674486801,-3.1786800565244593e-11,-1.465461536753445e-11,6.437164337592886e-11,2.9299819859694915e-11,-2.0968058061939737e-11,9.727080942885815e-12,3.402470676522503e-11,2.6521007904690947e-10,9.389961422841022e-10,7.004175861895756e-10,2.1186892287414423e-10,9.0004358739703e-10,2.2056990468895229e-10,2.825270311009127e-10,4.4199996340235433e-10,1.4434476167574458e-09,1.5207109048189095e-09,7.316259316077152e-10,2.8971568521840594e-10,4.702169051829088e-10,3.9719102067573e-10
190,-12.570869990224828,-1.3342111928392301e-11,2.1796403325575635e-10,2.71528854572793e-11,-9.680653961549809e-13,2.0492495151699865e-11,-1.6639055320291882e-11,7.837816311517422e-11,3.179589774533355e-10,1.0653164422838985e-09,7.712240725536112e-10,4.849537088648082e-10,1.1784753191651449e-09,2.1656965519906192e-10,3.0036001282977973e-10,4.4199996340235433e-10,1.4434476167574458e-09,1.5207109048189095e-09,7.316259316077152e-10,2.8971568521840594e-10,4.702169051829088e-10,3.9719102067573e-10
191,-12.531769305962854,-2.7818861747929652e-11,2.450654725920466e-10,2.7486030450669006e-11,-1.5995351440472461e-12,4.7474730066004323e-11,2.1742886813435103e-11,4.466150567680985e-11,2.639477669430434e-10,1.0040513289180196e-09,9.050024914071888e-10,1.5462821357953546e-10,1.134634441835272e-09,1.952330045124142e-10,2.093075962523647e-10,4.4199996340235433e-10,1.4434476167574458e-09,1.5207109048189095e-09,7.316259316077152e-10,2.8971568521840594e-10,4.702169051829088e-10,3.9719102067573e-10
192,-12.49266862170088,2.8794142146547887e-12,2.1618976952330736e-10,2.918500717841501e-11,3.083034191652176e-11,-7.263941122624914e-12,-9.599720427442295e-12,1.6076912355844675e-11,2.558726083507323e-10,1.1355178093511769e-09,9.239004705493409e-10,2.2778710512921249e-10,1.0693747255055805e-09,1.9400519895215816e-10,2.7587699275884185e-10,4.034599185588895e-10,1.1242225628503506e-09,1.363711150608217e-09,7.189494822729904e-10,2.7201508313781645e-10,5.634956212150026e-10,5.520714457195776e-10
193,-12.453567937438907,-4.856011770224901e-12,-1.0281695206144774e-11,7.602732641239618e-12,8.935908637532084e-11,3.1518904308924344e-11,2.2466896837155437e-11,1.2249697497130328e-10,2.2532302422086285e-10,9.514542593036484e-10,9.329835339104267e-10,2.8265250944123496e-10,1.0348176768812244e-09,2.020646727521208e-10,2.510187924507747e-10,4.034599185588895e-10,1.1242225628503506e-09,1.363711150608217e-09,7.189494822729904e-10,2.7201508313781645e-10,5.634956212150026e-10,5.520714457195776e-10
194,-12.41446725317693,-1.737875013594465e-11,4.110231255201437e-11,1.8068881061002648e-13,1.0301144349922072e-10,7.260678685259902e-11,5.268584554033936e-11,6.628016893266828e-11,2.7754899164387354e-10,1.1463895664540756e-09,9.583116506031678e-10,3.0699844442492933e-10,1.1408001337833911e-09,2.0106021863753654e-10,2.516113639129882e-10,4.034599185588895e-10,1.1242225628503506e-09,1.363711150608217e-09,7.189494822729904e-10,2.7201508313781645e-10,5.634956212150026e-10,5.520714457195776e-10
195,-12.375366568914956,-8.967309592779996e-12,1.5894968760714474e-11,1.657305371328725e-10,1.4559000872531334e-10,3.986133176657453e-11,5.3423030789799473e-11,6.607752141341919e-11,2.830556086095529e-10,8.959796576498672e-10,8.077693254807139e-10,2.1112546370766935e-10,1.0642555229157853e-09,1.9379753229892013e-10,3.2390037686816e-10,4.034599185588895e-10,1.1242225628503506e-09,1.363711150608217e-09,7.189494822729904e-10,2.7201508313781645e-10,5.634956212150026e-10,5.520714457195776e-10
196,-12.336265884652981,1.7956891589477517e-11,1.1550281225450086e-12,2.5907011015792216e-10,2.0987413095854983e-10,1.0815354588681353e-10,5.2118683441996205e-11,2.67856103547831e-10,4.658668848203391e-10,1.028867493982603e-09,9.701884892118026e-10,1.9508839072512646e-10,1.1302850488633427e-09,2.684107178130116e-10,3.0155927206752475e-10,4.034599185588895e-10,1.1242225628503506e-09,1.363711150608217e-09,7.189494822729904e-10,2.7201508313781645e-10,5.634956212150026e-10,5.520714457195776e-10
197,-12.297165200391005,5.887130033097367e-12,-7.037452717954836e-12,2.6837056474409163e-10,1.9610351049849732e-10,1.1277365837699328e-10,8.161550429654986e-11,2.206624449636721e-10,6.367643063120566e-10,8.519430341090404e-10,9.443653604664934e-10,2.525665677788104e-10,1.1401834077406504e-09,2.0977970850756142e-10,3.2044125272102765e-10,4.5056386012829894e-10,1.341753068439777e-09,1.51014374638851e-09,5.133983938346385e-10,3.2916607542125564e-10,5.810952132303926e-10,4.690411731345389e-10
198,-12.258064516129032,1.9842203653909705e-11,1.2140029426414808e-11,2.915551976947522e-11,1.0472955567384622e-10,1.8097678287474264e-10,1.0176732575449319e-10,1.8369150676777722e-10,6.891085370708789e-10,9.758714032455117e-10,9.35505021159416e-10,1.817026750739643e-10,9.6235519012038e-10,2.8019407505811057e-10,2.9686920540173485e-10,4.5056386012829894e-10,1.341753068439777e-09,1.51014374638851e-09,5.133983938346385e-10,3.2916607542125564e-10,5.810952132303926e-10,4.690411731345389e-10
199,-12.218963831867057,1.4346879737657361e-11,-4.344248359830454e-11,2.097307719490409e-11,7.22893266503641e-11,2.8852552315999107e-10,9.380321549339043e-11,3.888247523326594e-10,6.444567559663418e-10,8.29722388513887e-10,1.0299845649072623e-09,1.7408990416577143e-10,1.0526977129873928e-09,1.7445504613611844e-10,3.988197295325874e-10,4.5056386012829894e-10,1.341753068439777e-09,1.51014374638851e-09,5.133983938346385e-10,3.2916607542125564e-10,5.810952132303926e-10,4.690411731345389e-10
200,-12.179863147605083,1.9413381425267225e-11,3.3352142857547587e-12,1.857706828691924e-11,-3.855008311109942e-12,3.146400753510807e-10,1.6796907072419193e-10,2.6627758602829575e-10,6.333541187176416e-10,9.758218393017278e-10,9.931343996133208e-10,1.7700257014088034e-10,1.0429311063672957e-09,1.9769865390004963e-10,3.012926305938494e-10,4.5056386012829894e-10,1.341753068439777e-09,1.51014374638851e-09,5.133983938346385e-10,3.2916607542125564e-10,5.810952132303926e-10,4.690411731345389e-10
201,-12.14076246334311,-1.242894330554229e-11,3.3352142857547587e-12,6.349831413089975e-12,-1.9405225330150503e-12,3.110338278494109e-10,1.6796907072419193e-10,3.637391225323848e-10,6.701782472560663e-10,8.811892119786712e-10,9.027714865160164e-10,2.1704992354664836e-10,1.0674931777922358e-09,2.5697305339559087e-10,3.8377236695964696e-10,4.5056386012829894e-10,1.341753068439777e-09,1.51014374638851e-09,5.133983938346385e-10,3.2916607542125564e-10,5.810952132303926e-10,4.690411731345389e-10
202,-12.101661779081134,2.3878528162773948e-12,1.4670300160394626e-11,-5.155905004524446e-12,2.1834799697617085e-11,3.465987812438206e-10,1.664947002251998e-10,2.627779951153464e-10,7.861277624271424e-10,7.362275360422522e-10,9.868416608453377e-10,2.9111570980100856e-10,9.03114042385122e-10,2.4288152207996555e-10,2.883774587190244e-10,4.5056386012829894e-10,1.341753068439777e-09,1.51014374638851e-09,5.133983938346385e-10,3.2916607542125564e-10,5.810952132303926e-10,4.690411731345389e-10
203,-12.06256109481916,3.993097224520193e-11,7.265823297700094e-12,-2.95043495557251e-11,5.1862393931864184e-11,3.1052062143937585e-10,2.8865664802625455e-10,3.5378743536173976e-10,7.117972168746083e-10,8.849497978384517e-10,9.193452930993335e-10,2.1593724436371712e-10,1.1095375189845473e-09,2.2012226070981552e-10,2.676606710337746e-10,4.726574589038437e-10,1.220561695600429e-09,2.2012257440570685e-09,7.172806203481507e-10,2.0597018609463727e-10,5.017075768674136e-10,3.120646324170058e-10
204,-12.023460410557185,-3.207195009422197e-11,-2.1022641140819866e-11,5.345377298259046e-13,-5.030740359479756e-12,2.005514039684623e-10,2.696228385806632e-10,3.802370147195901e-10,7.100025629119516e-10,8.171460081581034e-10,8.351810100146425e-10,2.493627920541361e-10,1.0194638334618185e-09,1.7154865407806822e-10,2.470608919013506e-10,4.726574589038437e-10,1.220561695600429e-09,2.2012257440570685e-09,7.172806203481507e-10,2.0597018609463727e-10,5.017075768674136e-10,3.120646324170058e-10
205,-11.984359726295208,1.7455291924317362e-11,1.9092156873735174e-11,4.093166201074431e-11,-3.778435153721196e-11,1.3026722119592346e-10,2.3643820930373173e-10,3.835508976889645e-10,7.549511002913642e-10,6.922887856072011e-10,1.0862961070916509e-09,2.1525056414621916e-10,9.446677632665939e-10,2.0150221609144837e-10,3.0293827902774585e-10,4.726574589038437e-10,1.220561695600429e-09,2.2012257440570685e-09,7.172806203481507e-10,2.0597018609463727e-10,5.017075768674136e-10,3.120646324170058e-10
206,-11.945259042033236,-1.4516902889224943e-11,5.9865716167950236e-12,2.7541240920104433e-11,-2.0923826946824678e-11,1.3138397842300323e-10,4.0855559395930965e-10,4.162599640546003e-10,7.757350188888445e-10,8.116717018658519e-10,1.0034700505066823e-09,1.9639901198996112e-10,9.383734560195805e-10,1.8409115528224608e-10,3.271113675970043e-10,4.726574589038437e-10,1.220561695600429e-09,2.2012257440570685e-09,7.172806203481507e-10,2.0597018609463727e-10,5.017075768674136e-10,3.120646324170058e-10
207,-11.906158357771261,-2.150573274965453e-11,2.8930286147619416e-11,2.431142843854993e-12,2.0212364757392197e-11,1.461050973121279e-10,3.903725276612753e-10,3.8524109093189015e-10,8.087442921851648e-10,7.159671758197655e-10,9.809037120848742e-10,2.1181716305864392e-10,1.0460727703135573e-09,1.7447543636641015e-10,2.449434449080461e-10,4.726574589038437e-10,1.220561695600429e-09,2.2012257440570685e-09,7.172806203481507e-10,2.0597018609463727e-10,5.017075768674136e-10,3.120646324170058e-10
208,-11.867057673509287,4.8569528586149e-12,-1.104774047530993e-11,8.369405297550968e-13,-2.9173714173983423e-13,1.2191538286119341e-10,4.31752774737364e-10,4.182644805435745e-10,7.977288623827715e-10,6.325102768789088e-10,1.0530004294835382e-09,1.880672501916095e-10,9.469222953466305e-10,1.6400709212804452e-10,3.0624275112012613e-10,3.927528517772697e-10,1.667343638552823e-09,1.990214465638334e-09,5.925582870118374e-10,2.9244923086389605e-10,5.912840544656022e-10,3.2807127690111073e-10
209,-11.827956989247314,-6.286778547224755e-12,-1.0072773769409501e-11,1.0614840201240118e-11,-9.887693219800571e-13,1.2727769973682322e-10,4.185323767994682e-10,4.1821742616499506e-10,7.360396322275575e-10,8.017724019000688e-10,1.0725107429264466e-09,2.6769611866483666e-10,8.86291474992024e-10,2.2656557348601524e-10,3.1721677307018724e-10,3.927528517772697e-10,1.667343638552823e-09,1.990214465638334e-09,5.925582870118374e-10,2.9244923086389605e-10,5.912840544656022e-10,3.2807127690111073e-10
210,-11.788856304985337,1.965555462194492e-11,5.3918042845698906e-12,3.624441860159594e-12,-2.3167065976752204e-11,6.982995118038414e-11,3.874275510135397e-10,3.1649652739627613e-10,7.165252407385394e-10,5.11966999668106e-10,1.0677820916707665e-09,2.1758885301837186e-10,8.645313349068518e-10,2.280220633215495e-10,3.6202665688349664e-10,3.927528517772697e-10,1.667343638552823e-09,1.990214465638334e-09,5.925582870118374e-10,2.9244923086389605e-10,5.912840544656022e-10,3.2807127690111073e-10
211,-11.749755620723363,-3.163340329492703e-11,-2.2436154644309744e-11,2.2084187893350038e-12,-1.62262315798821e-11,2.977412798711968e-11,2.829135043891059e-10,2.885029370590919e-10,7.013351465531306e-10,6.828010545979141e-10,1.0675392910823406e-09,2.1553383149952486e-10,7.655151217641299e-10,2.1849417924393936e-10,2.708845232926957e-10,3.927528517772697e-10,1.667343638552823e-09,1.990214465638334e-09,5.925582870118374e-10,2.9244923086389605e-10,5.912840544656022e-10,3.2807127690111073e-10
212,-11.710654936461388,1.001693590856737e-11,3.657128968261974e-11,2.273291091901476e-11,-2.730565533704227e-11,4.881107438971436e-11,2.6221334258381e-10,2.3036631241497148e-10,6.54323745258782e-10,7.850059860645398e-10,1.0078200708703603e-09,1.7713808674841168e-10,5.430777856752107e-10,1.6886435868253376e-10,3.1102724023724514e-10,3.927528517772697e-10,1.667343638552823e-09,1.990214465638334e-09,5.925582870118374e-10,2.9244923086389605e-10,5.912840544656022e-10,3.2807127690111073e-10
213,-11.671554252199412,2.2770554420514683e-11,1.6889384601099971e-12,1.0033248092834799e-11,7.25798090127002e-12,3.8000487978969503e-11,2.828827621957481e-10,1.5594322658601295e-10,6.41850257141739e-10,5.209556405781187e-10,1.0807584342367225e-09,2.668638835725135e-10,7.761698013379894e-10,2.0175254538034485e-10,3.467079473993638e-10,4.020928320400147e-10,1.4729914919897454e-09,1.9194666403980944e-09,6.758639845534957e-10,2.8117061024150644e-10,5.542641797160525e-10,1.6898230832136262e-10
214,-11.63245356793744,2.179339184511467e-11,6.849235207045191e-12,-4.204026314696919e-11,2.404384587921189e-11,3.32442314877196e-11,1.55844726089205e-10,2.474106627747119e-10,5.452993796908636e-10,6.651854640940458e-10,9.830719778058858e-10,2.0219548392187937e-10,6.227013213189421e-10,2.0437817965191276e-10,2.8468525855463e-10,4.020928320400147e-10,1.4729914919897454e-09,1.9194666403980944e-09,6.758639845534957e-10,2.8117061024150644e-10,5.542641797160525e-10,1.6898230832136262e-10
215,-11.593352883675465,-2.3782850930932036e-11,3.473365938817477e-11,8.487354940129956e-12,-3.588209989795704e-11,5.978352786202415e-11,1.6764972834799027e-10,8.323103792750855e-11,4.448834556617546e-10,5.897064780317291e-10,8.679942234043048e-10,1.9420282733827266e-10,5.647403663508482e-10,2.0179677649537457e-10,2.966969863791329e-10,4.020928320400147e-10,1.4729914919897454e-09,1.9194666403980944e-09,6.758639845534957e-10,2.8117061024150644e-10,5.542641797160525e-10,1.6898230832136262e-10
216,-11.55425219941349,3.942153018361195e-11,-2.6250068799899163e-12,1.3451278083594947e-11,-2.2912658640381973e-11,2.139782137641473e-11,2.2004383674701602e-10,8.846850385422389e-11,4.7249182749426e-10,7.101361973444076e-10,9.185080388733633e-10,2.7418962277725066e-10,4.368967592993665e-10,2.131804852265164e-10,2.6051499324738723e-10,4.020928320400147e-10,1.4729914919897454e-09,1.9194666403980944e-09,6.758639845534957e-10,2.8117061024150644e-10,5.542641797160525e-10,1.6898230832136262e-10
217,-11.515151515151517,1.5855443084139778e-11,5.075598866854892e-12,1.399710885705167e-12,-2.265134999852982e-11,2.472738913864958e-11,2.0894025841074435e-10,3.679150417150899e-11,3.311000103407409e-10,5.675667659669319e-10,1.1104870763249742e-09,2.5116434732551465e-10,4.176308149242041e-10,2.24456282585015e-10,2.9370119100357094e-10,4.020928320400147e-10,1.4729914919897454e-09,1.9194666403980944e-09,6.758639845534957e-10,2.8117061024150644e-10,5.542641797160525e-10,1.6898230832136262e-10
218,-11.476050830889541,-1.7116500404849686e-11,-1.4539175295699822e-11,-7.19179107751507e-12,1.4762526740775093e-11,-1.2269272117739785e-11,1.129957550395774e-10,4.4496501657354356e-11,2.99153852282886e-10,5.382164410747228e-10,1.01650881854684e-09,1.8911154367906922e-10,6.207783657533339e-10,2.157634568623406e-10,3.485957690297675e-10,3.7811768555291555e-10,1.5530598483495494e-09,1.4901914354901553e-09,7.920205389853793e-10,3.0438598537982414e-10,6.623167155376661e-10,3.6718287558364014e-10
219,-11.436950146627566,1.665724967802752e-12,9.50749384612526e-12,-2.054205909761482e-11,-7.824515607370164e-12,-1.0127984240549994e-11,1.1167572289923131e-10,8.198817496699437e-11,3.042821520524378e-10,4.384279087473969e-10,7.775064593583409e-10,3.2544407415025666e-10,8.966908061433399e-10,2.0674877919664106e-10,3.8737171315216854e-10,3.7811768555291555e-10,1.5530598483495494e-09,1.4901914354901553e-09,7.920205389853793e-10,3.0438598537982414e-10,6.623167155376661e-10,3.6718287558364014e-10
220,-11.397849462365592,-5.631781609189959e-12,-1.459626794021014e-11,2.9264685925529306e-11,2.185362144836724e-11,-1.0212682118924925e-11,1.0537169108072998e-10,1.7813532586794447e-11,2.795538218265915e-10,4.057765624168273e-10,8.533825843679617e-10,2.48407588188314e-10,9.264031360473243e-10,2.569269401054008e-10,3.9716968935721847e-10,3.7811768555291555e-10,1.5530598483495494e-09,1.4901914354901553e-09,7.920205389853793e-10,3.0438598537982414e-10,6.623167155376661e-10,3.6718287558364014e-10
221,-11.358748778103616,3.0555544352162e-11,1.9881415634354478e-11,-1.8495507366435142e-11,1.7946539621447222e-12,1.004956027795506e-11,6.78630781956882e-11,-2.0862028865479085e-11,2.655011887965598e-10,4.148175905338326e-10,5.115846044259542e-10,2.2574118079003674e-10,7.440486009953464e-10,2.5952873349231613e-10,3.544452555604272e-10,3.7811768555291555e-10,1.5530598483495494e-09,1.4901914354901553e-09,7.920205389853793e-10,3.0438598537982414e-10,6.623167155376661e-10,3.6718287558364014e-10
222,-11.319648093841643,3.176170489871456e-11,-2.2569161684079442e-11,-1.5919437038395e-11,3.7684909952662047e-11,-2.1795587709499437e-12,2.002320615911519e-11,1.3847162246720251e-11,1.8555109577205604e-10,2.787689548077849e-10,6.024353145712306e-10,2.6436184546627825e-10,5.649888134647209e-10,2.620815903264287e-10,3.082158980220169e-10,3.7811768555291555e-10,1.5530598483495494e-09,1.4901914354901553e-09,7.920205389853793e-10,3.0438598537982414e-10,6.623167155376661e-10,3.6718287558364014e-10
223,-11.280547409579668,2.1422289653242164e-11,-1.4229243793764823e-11,1.2342676947370068e-11,1.4663398852354802e-11,1.2528384890945015e-11,3.3935617143928106e-11,-3.388479841570986e-11,1.732322597095946e-10,3.502972553247621e-10,4.740270549882635e-10,2.8255463633563e-10,7.257955805224863e-10,2.2361244074619702e-10,3.73823189354291e-10,4.15647629755292e-10,1.2473500664803034e-09,1.3058706548465426e-09,9.486934221201676e-10,3.94091705667974e-10,6.56368414814631e-10,4.172386951106494e-10
224,-11.241446725317694,1.9500588870977268e-11,2.4074274377394504e-11,2.1345120474314866e-11,-3.909340432403955e-11,9.518786896574707e-12,3.012797690650511e-11,3.9494307620129236e-11,1.804039742514987e-10,3.7071885521442254e-10,6.458599175071749e-10,2.960071692031907e-10,7.194981363168837e-10,2.151473582112634e-10,3.057916564866282e-10,4.15647629755292e-10,1.2473500664803034e-09,1.3058706548465426e-09,9.486934221201676e-10,3.94091705667974e-10,6.56368414814631e-10,4.172386951106494e-10
225,-11.202346041055721,1.398330624693744e-11,2.4207281417164754e-11,1.9442241444504667e-11,4.009691735048923e-11,2.002634311853963e-11,1.6654740112906342e-11,-6.048056005419501e-12,1.1921352049900266e-10,3.5190620134358767e-10,5.821633476023684e-10,2.664347476485764e-10,5.101742278805929e-10,2.387714790422716e-10,3.144549947993395e-10,4.15647629755292e-10,1.2473500664803034e-09,1.3058706548465426e-09,9.486934221201676e-10,3.94091705667974e-10,6.56368414814631e-10,4.172386951106494e-10
226,-11.163245356793745,9.470164040754827e-12,3.6221832505814576e-11,7.278371130964632e-12,1.4217009655777381e-11,-1.6314066418704665e-11,2.1854562536245854e-11,7.673627903193856e-11,1.4783356145043278e-10,3.1877082231528185e-10,7.534601039123053e-10,3.6759318975655424e-10,6.588494352988091e-10,2.004456884658306e-10,3.460203260943284e-10,4.15647629755292e-10,1.2473500664803034e-09,1.3058706548465426e-09,9.486934221201676e-10,3.94091705667974e-10,6.56368414814631e-10,4.172386951106494e-10
227,-11.12414467253177,1.089653907449238e-11,5.185894327784455e-11,-1.7526814578019248e-11,1.8509623679497212e-11,1.3364070637884601e-11,1.262751277970577e-11,6.7149733827542014e-12,4.4305460885196e-11,3.9070159460882833e-10,8.213435723381489e-10,2.2189370117948253e-10,9.033740962455237e-10,2.6447728553939197e-10,3.098706436352437e-10,4.15647629755292e-10,1.2473500664803034e-09,1.3058706548465426e-09,9.486934221201676e-10,3.94091705667974e-10,6.56368414814631e-10,4.172386951106494e-10
228,-11.085043988269796,-1.4581837930164793e-11,2.622497312654645e-12,-3.2678324173879826e-11,2.6438913699659568e-11,1.6123966725899786e-12,1.3399831964480404e-11,-1.3455042433744207e-11,6.895097540646332e-11,6.048739861156412e-10,4.661548576114175e-10,6.056180726738134e-10,5.701346802018495e-10,2.64651073040598e-10,3.4531419673407604e-10,4.33720275113928e-10,1.5133014088230796e-09,1.229564139129079e-09,1.0423109296710467e-09,3.2480005656841736e-10,6.295637317530467e-10,3.303995275046908e-10
229,-11.04594330400782,3.2175783421182197e-11,-1.828219417365341e-12,3.5947662330304454e-11,8.793835786339686e-12,-2.2087324858059586e-11,9.776017495557293e-12,1.8194359349319936e-11,1.0665847146079263e-10,4.851544742092391e-10,5.356444487937301e-10,4.0847497412576503e-10,4.2240965751588525e-10,3.1483582156232493e-10,3.056517481371984e-10,4.33720275113928e-10,1.5133014088230796e-09,1.229564139129079e-09,1.0423109296710467e-09,3.2480005656841736e-10,6.295637317530467e-10,3.303995275046908e-10
230,-11.006842619745846,-2.16315247869596e-11,5.518600147103932e-11,-6.2513309152249695e-12,4.233168659172714e-11,-1.685613285053473e-11,3.5516644231309563e-12,4.5916289080034395e-11,1.0473520219932672e-10,4.921941227979726e-10,4.6148737704686863e-10,4.328598073949713e-10,3.975197739268036e-10,2.903443317037714e-10,2.3199878562257606e-10,4.33720275113928e-10,1.5133014088230796e-09,1.229564139129079e-09,1.0423109296710467e-09,3.2480005656841736e-10,6.295637317530467e-10,3.303995275046908e-10
231,-10.96774193548387,1.70067068573871e-11,-1.198380889348475e-11,2.727083509644975e-11,4.339354705317343e-12,2.5346624798024844e-13,1.705564341018984e-11,-1.5057400838692465e-12,3.67802111192692e-11,5.294649542279969e-10,5.502068375813964e-10,4.0117213471814355e-10,4.385257818527717e-10,2.660780754661266e-10,2.48393471875081e-10,4.33720275113928e-10,1.5133014088230796e-09,1.229564139129079e-09,1.0423109296710467e-09,3.2480005656841736e-10,6.295637317530467e-10,3.303995275046908e-10
232,-10.928641251221896,1.3400145659587264e-11,9.348136355304658e-12,6.56628155012488e-12,-4.814290223297388e-12,-1.77344812302349e-11,4.3873501699004565e-12,8.05257249098468e-12,8.261117492713407e-11,3.0426019334294525e-10,3.909826660911935e-10,4.953075541174697e-10,5.404687772837429e-10,3.013170988703358e-10,3.73121138040063e-10,4.33720275113928e-10,1.5133014088230796e-09,1.229564139129079e-09,1.0423109296710467e-09,3.2480005656841736e-10,6.295637317530467e-10,3.303995275046908e-10
233,-10.88954056695992,-1.7276798984912146e-11,-1.0615467591794858e-11,-1.6891266784699783e-11,1.528639881155773e-11,-2.919692762112454e-11,-2.8772183438932695e-11,2.103518897408495e-11,1.0030581678551656e-10,3.106445312991338e-10,5.701716963123341e-10,5.057802900978532e-10,5.5899816380116e-10,2.890525321901129e-10,2.8243354973737654e-10,4.477613013967829e-10,1.4680219223210553e-09,1.6125089764338344e-09,1.1101401287143113e-09,3.0845148360644334e-10,4.967618480824383e-10,2.567155091015864e-10
234,-10.850439882697946,1.095425911211491e-11,1.9455416659799625e-12,3.767800864547422e-11,-7.999683370695381e-11,1.656627788386979e-11,-1.4533528769451761e-11,4.6432632449664314e-11,7.65192015037522e-11,2.1651444472920075e-10,7.492964188841211e-10,8.054806005529333e-10,5.01186528058084e-10,3.429363821847517e-10,2.880499602506889e-10,4.477613013967829e-10,1.4680219223210553e-09,1.6125089764338344e-09,1.1101401287143113e-09,3.0845148360644334e-10,4.967618480824383e-10,2.567155091015864e-10
235,-10.811339198435972,-1.473366672238988e-11,2.7314752517139706e-11,3.538489197264762e-12,-2.141570204047999e-11,1.6999178157939607e-11,-9.046988338188377e-13,1.102553080857238e-10,5.6547441464177607e-11,2.416402275982251e-10,5.390499309504579e-10,4.752187855256405e-10,4.3264806269567164e-10,2.5614395526175437e-10,3.387962243453462e-10,4.477613013967829e-10,1.4680219223210553e-09,1.6125089764338344e-09,1.1101401287143113e-09,3.0845148360644334e-10,4.967618480824383e-10,2.567155091015864e-10
236,-10.772238514173997,-4.959217704924915e-12,-6.349831411384906e-12,8.725763787510108e-12,2.226550410048206e-11,-7.322288549949778e-12,3.177111577238278e-12,2.5514765722489996e-11,6.004295433016567e-11,1.7843333691643132e-10,8.188688257709274e-10,3.9756776939192366e-10,4.176229725279531e-10,3.2158969323080993e-10,3.705670264226237e-10,4.477613013967829e-10,1.4680219223210553e-09,1.6125089764338344e-09,1.1101401287143113e-09,3.0845148360644334e-10,4.967618480824383e-10,2.567155091015864e-10
237,-10.733137829912023,3.749763352928944e-11,7.243237196800113e-12,-2.5750037611979615e-11,-2.7885365267814506e-11,4.6019181316899415e-12,-5.047366240047886e-12,-8.714470737060119e-12,7.11568846295715e-11,2.83711232937802e-10,6.572693492981297e-10,5.43465200051001e-10,3.8277042241198424e-10,3.615492117985227e-10,3.032460146571969e-10,4.477613013967829e-10,1.4680219223210553e-09,1.6125089764338344e-09,1.1101401287143113e-09,3.0845148360644334e-10,4.967618480824383e-10,2.567155091015864e-10
238,-10.694037145650048,1.7812277803127364e-11,1.6494755229314662e-11,2.3647020628549977e-11,-6.26952527542014e-12,-8.356857465989887e-12,-1.6612704868655366e-11,1.0974335645680182e-11,3.355290820581653e-11,1.8152386843902608e-10,5.294552296565768e-10,7.770995958399582e-10,4.888545167699612e-10,3.2128133020952504e-10,3.870194327116428e-10,3.5139958254444017e-10,1.589299247822276e-09,1.5611971187206142e-09,1.1315567718424985e-09,1.7939952013699975e-10,4.747240871684183e-10,2.406743580721666e-10
239,-10.654936461388074,1.5674440579104794e-11,1.1050877433199927e-11,6.185454787599938e-12,-2.967123574769705e-11,1.196812410062487e-11,-1.7854940438103856e-11,1.948051233314662e-12,4.367116787477607e-11,2.4686169503543845e-10,5.307498524330184e-10,5.015654726459517e-10,5.691393232672007e-10,2.722999189717381e-10,3.907110054843742e-10,3.5139958254444017e-10,1.589299247822276e-09,1.5611971187206142e-09,1.1315567718424985e-09,1.7939952013699975e-10,4.747240871684183e-10,2.406743580721666e-10
240,-10.6158357771261,9.475810566832246e-12,3.2183312120629705e-11,1.2053449372964696e-11,1.5898105716897191e-12,-1.0759767676899868e-12,6.336656187563429e-13,3.0715215539964784e-11,2.0284514802843203e-11,2.313431612944124e-10,5.773085906147539e-10,4.93302096543131e-10,3.9315344137892363e-10,2.1990141883079685e-10,4.1614828833308495e-10,3.5139958254444017e-10,1.589299247822276e-09,1.5611971187206142e-09,1.1315567718424985e-09,1.7939952013699975e-10,4.747240871684183e-10,2.406743580721666e-10
241,-10.576735092864123,-5.931674843489924e-12,9.387034641325171e-12,-5.75945582156994e-12,8.250514573399877e-12,3.423111863632928e-11,1.9404597941299807e-11,2.937071512198939e-11,1.525502922634879e-11,2.6825857532550914e-10,5.023136372501905e-10,8.583998358063235e-10,5.319695019011408e-10,2.822105119874085e-10,3.9623801268025993e-10,3.5139958254444017e-10,1.589299247822276e-09,1.5611971187206142e-09,1.1315567718424985e-09,1.7939952013699975e-10,4.747240871684183e-10,2.406743580721666e-10
242,-10.53763440860215,1.428978709314745e-11,1.7729462098975074e-11,3.062863548480958e-11,1.0279499336644768e-11,4.744775222269444e-11,7.790950151468072e-12,3.696717384574447e-11,1.3413634581924307e-11,1.8950805523453948e-10,5.592086537170873e-10,3.9780492345525254e-10,4.0276759181551014e-10,3.451811896932832e-10,3.6989540360598166e-10,3.5139958254444017e-10,1.589299247822276e-09,1.5611971187206142e-09,1.1315567718424985e-09,1.7939952013699975e-10,4.747240871684183e-10,2.406743580721666e-10
243,-10.498533724340176,5.467091288422282e-12,2.142040747902007e-11,1.0049560277954792e-11,5.005330995967409e-12,-1.6989767294499825e-12,-1.2170771620897828e-11,2.4409301545859682e-11,5.2741683402511585e-12,1.0253995863517592e-10,4.6291720273494167e-10,8.273031661125714e-10,3.722722770677515e-10,3.3351797795915606e-10,3.8978873968287583e-10,3.78197991690074e-10,1.2656498276338237e-09,1.2673789191641325e-09,6.750966845016864e-10,2.0906259979247755e-10,6.071583193006623e-10,9.37392215383237e-11
244,-10.459433040078201,3.861344967224205e-11,1.635296470472517e-11,-5.5580630851348394e-12,2.4840947036262114e-11,-1.3744897400409684e-11,-1.645836651011833e-11,-6.849235207045189e-12,-2.4822752676918955e-12,1.513435043254427e-10,6.94045796067249e-10,4.4717782711481145e-10,3.687886846442093e-10,3.499026259443669e-10,3.6623049498060077e-10,3.78197991690074e-10,1.2656498276338237e-09,1.2673789191641325e-09,6.750966845016864e-10,2.0906259979247755e-10,6.071583193006623e-10,9.37392215383237e-11
245,-10.420332355816226,1.8886686091872206e-11,1.6352964704725172e-11,-1.5169076563795097e-11,3.833363296895152e-12,1.3826458322599724e-11,-1.645836651011833e-11,-8.573934995284611e-12,9.330883083244147e-12,1.670995058256293e-10,3.8977776032804595e-10,6.798830557934544e-10,6.260434369137943e-10,3.073137087549958e-10,3.4680864376749616e-10,3.78197991690074e-10,1.2656498276338237e-09,1.2673789191641325e-09,6.750966845016864e-10,2.0906259979247755e-10,6.071583193006623e-10,9.37392215383237e-11
246,-10.381231671554252,-9.813974693187397e-12,2.9101564082854917e-11,-1.0946103019554922e-11,2.0792074689869793e-11,1.2414199600219846e-11,5.327810330655967e-12,3.303342787761477e-11,1.2969441257148539e-11,1.1566216977157549e-10,5.338679891904164e-10,8.328919713910385e-10,5.527402452728572e-10,3.582412890514405e-10,3.58331947152364e-10,3.78197991690074e-10,1.2656498276338237e-09,1.2673789191641325e-09,6.750966845016864e-10,2.0906259979247755e-10,6.071583193006623e-10,9.37392215383237e-11
247,-10.342130987292277,-6.8776560513594e-11,1.1249133213448448e-12,4.419974538265097e-12,-2.6918240960049496e-12,1.152204860273497e-11,1.8416456011068312e-11,3.1499455165914656e-11,1.7746401673797236e-11,1.424618337006214e-10,3.544992112467033e-10,9.054429203818233e-10,3.467932726708003e-10,3.006878249934948e-10,4.349781954756395e-10,3.78197991690074e-10,1.2656498276338237e-09,1.2673789191641325e-09,6.750966845016864e-10,2.0906259979247755e-10,6.071583193006623e-10,9.37392215383237e-11
248,-10.303030303030303,-1.6184823728232222e-11,-1.183699923592979e-11,-3.184201103638508e-11,1.2241980579152521e-11,4.921887899554752e-12,2.746093478260524e-11,3.888134592941427e-11,3.3352142860959776e-12,1.3737023634571419e-10,4.0568182626990536e-10,7.594642424974186e-10,3.4744576004050285e-10,2.386974468214664e-10,4.025991371436294e-10,3.78197991690074e-10,1.2656498276338237e-09,1.2673789191641325e-09,6.750966845016864e-10,2.0906259979247755e-10,6.071583193006623e-10,9.37392215383237e-11
249,-10.263929618768326,-7.861531717462532e-12,9.363193754199931e-12,-3.7800350025349245e-12,6.802808221577582e-12,1.2653863230414819e-11,3.8573923994473386e-11,-3.0058336425148778e-12,2.883304043410414e-11,1.5397854947247089e-10,3.1590991615551107e-10,8.192825905982026e-10,3.361831379078873e-10,4.109374865547776e-10,4.1297901915202084e-10,3.433476374455448e-10,1.4260092644094857e-09,1.2817192112891978e-09,5.957830803585517e-10,2.856025052224813e-10,4.151526177023832e-10,1.579195104454529e-10
250,-10.224828934506354,2.0806818394339822e-11,1.3288783633179816e-11,-4.5455156178134236e-11,-6.701170765822297e-12,-7.528700419348937e-13,5.0482445884105895e-11,1.5092534776274802e-11,1.3313251910007525e-12,7.382737740766196e-11,2.975505527892171e-10,1.0515721722744699e-09,4.291726263641464e-10,2.8939006892551226e-10,3.481399689584116e-10,3.433476374455448e-10,1.4260092644094857e-09,1.2817192112891978e-09,5.957830803585517e-10,2.856025052224813e-10,4.151526177023832e-10,1.579195104454529e-10
251,-10.185728250244379,-1.0196056239379847e-11,1.2424237867854743e-11,-1.3201576185764797e-11,5.165347249512946e-11,2.6438913699659568e-11,3.379759096999861e-12,6.081307764339428e-11,1.8395438389113265e-11,1.1138178988686606e-10,4.402755773087437e-10,8.247772871215129e-10,3.6867418565859894e-10,2.8140745060924223e-10,3.223017828121615e-10,3.433476374455448e-10,1.4260092644094857e-09,1.2817192112891978e-09,5.957830803585517e-10,2.856025052224813e-10,4.151526177023832e-10,1.579195104454529e-10
252,-10.146627565982405,-2.520232465577708e-11,1.4586229672574684e-11,-2.3141342915404594e-11,1.3098370251064793e-11,-3.636550520377446e-11,-6.449586692063316e-13,2.5085629800275113e-11,5.875523286261639e-12,1.293415047392116e-10,3.421857080136466e-10,5.893999971854253e-10,4.1661757732595936e-10,3.1753987979651347e-10,3.4303394159439717e-10,3.433476374455448e-10,1.4260092644094857e-09,1.2817192112891978e-09,5.957830803585517e-10,2.856025052224813e-10,4.151526177023832e-10,1.579195104454529e-10
253,-10.10752688172043,8.892336283352287e-12,2.0885869749194714e-11,-1.0282949990664951e-11,1.847825409377743e-11,-6.6321576777499124e-12,-4.748100398348883e-12,1.4025341491700092e-11,6.142164759425702e-12,1.2437099398264309e-10,3.4458987301451275e-10,8.95676627457592e-10,3.4788963966942996e-10,3.2560249055482645e-10,3.3670544149939227e-10,3.433476374455448e-10,1.4260092644094857e-09,1.2817192112891978e-09,5.957830803585517e-10,2.856025052224813e-10,4.151526177023832e-10,1.579195104454529e-10
254,-10.068426197458455,-7.221592181732362e-12,5.6095092061244226e-12,4.877970480569604e-12,-1.8986441372552168e-11,-1.9465454935959672e-11,5.436349095132961e-12,2.090406410768451e-11,2.878535866496912e-11,1.1325769107490046e-10,2.897122345642924e-10,6.999084578236896e-10,4.360510352855076e-10,3.53833862347131e-10,3.563804452641765e-10,3.238345007394268e-10,1.1881562868171982e-09,1.4444301121614296e-09,9.384895234843576e-10,2.1273221385563123e-10,5.024064912220462e-10,9.189531732809874e-11
255,-10.029325513196481,8.26055284018251e-12,2.1868365153689687e-11,-6.086954289734925e-12,-3.2122455127676947e-12,1.588304831970975e-11,6.783986470315965e-12,-1.0618604551389932e-11,2.4705116732941915e-11,2.0170737317794813e-10,3.686017219170862e-10,8.179198958221637e-10,3.583024597422428e-10,3.4945404087765e-10,3.044562532496033e-10,3.238345007394268e-10,1.1881562868171982e-09,1.4444301121614296e-09,9.384895234843576e-10,2.1273221385563123e-10,5.024064912220462e-10,9.189531732809874e-11
256,-9.990224828934506,-2.880700367850202e-11,-6.098247340184926e-12,2.3885429475929573e-11,1.8723564249197123e-11,-3.1525805616964455e-11,-1.2552853167090264e-11,-3.6213676413254587e-11,9.141097093474406e-12,8.173031697788266e-11,2.834863130127505e-10,7.269891932349213e-10,3.467838617952888e-10,3.4742505611442203e-10,2.834442777686785e-10,3.238345007394268e-10,1.1881562868171982e-09,1.4444301121614296e-09,9.384895234843576e-10,2.1273221385563123e-10,5.024064912220462e-10,9.189531732809874e-11
257,-9.95112414467253,2.0442303816082315e-11,3.1217756291809436e-11,1.531400404627462e-11,-1.3295998638202623e-11,-1.4253712071444788e-11,5.537359159139395e-12,-4.6706175231209546e-11,-8.210361504053436e-12,1.4978380855512324e-10,3.2198212674025604e-10,8.54685990628115e-10,2.9328962204737277e-10,3.545274438733084e-10,3.3099084418468586e-10,3.238345007394268e-10,1.1881562868171982e-09,1.4444301121614296e-09,9.384895234843576e-10,2.1273221385563123e-10,5.024064912220462e-10,9.189531732809874e-11
258,-9.912023460410557,-2.259425735316724e-11,-6.8793500099498876e-12,2.6187329626755062e-11,3.0488413439164796e-11,-2.5334704304139512e-11,3.0974328311464226e-12,7.888823257755014e-12,1.978040557051877e-11,2.018372432601691e-10,2.391598345054973e-10,6.944855976501262e-10,3.7151438789215247e-10,3.322167675697484e-10,3.055610900362748e-10,3.238345007394268e-10,1.1881562868171982e-09,1.4444301121614296e-09,9.384895234843576e-10,2.1273221385563123e-10,5.024064912220462e-10,9.189531732809874e-11
259,-9.872922776148583,2.5045790425864584e-11,-2.1711517228499825e-11,4.643953375599625e-12,-2.0351332019369623e-11,2.891648353494774e-12,-2.4467021582118145e-11,4.3015857241719814e-11,-1.7726325139294528e-11,1.2207787731305758e-10,2.1275668213214322e-10,8.122727431153913e-10,3.365303992146637e-10,3.7897344783347165e-10,3.284263806041637e-10,3.668710619079942e-10,1.4034319466316525e-09,8.598359354118815e-10,7.56522089111878e-10,1.79668043785409e-10,5.819980298884541e-10,1.8121017258745254e-10
260,-9.833822091886608,7.888697778620891e-11,3.562957473240219e-12,1.3633849069279885e-11,2.995701266808198e-11,4.0877078931864466e-11,6.079425589434463e-13,-6.227552770053956e-11,5.579708099008926e-12,1.1009030406891121e-10,2.0665937587929973e-10,9.365311202875333e-10,3.297141020717723e-10,2.857693914151544e-10,3.369265970743705e-10,3.668710619079942e-10,1.4034319466316525e-09,8.598359354118815e-10,7.56522089111878e-10,1.79668043785409e-10,5.819980298884541e-10,1.8121017258745254e-10
261,-9.794721407624634,6.147811284395062e-12,3.026537568339942e-12,-1.3062295230215095e-11,-1.2568224263649886e-11,6.560635023195077e-12,-1.3834614413795765e-11,8.046925965759962e-12,5.336593814538179e-12,1.4358015940886287e-10,2.2662737156869865e-10,7.182038272363338e-10,4.720739846208906e-10,3.3637104172249586e-10,3.210830744317472e-10,3.668710619079942e-10,1.4034319466316525e-09,8.598359354118815e-10,7.56522089111878e-10,1.79668043785409e-10,5.819980298884541e-10,1.8121017258745254e-10
262,-9.755620723362659,-4.2209345210146914e-11,5.888698512894911e-12,2.420477183959735e-12,5.3513375196052035e-12,-8.164248214374868e-12,-3.8850603734931465e-11,-6.116002525456925e-11,-1.8780029502299717e-11,1.52806895469699e-10,1.939440282613426e-10,7.97096137851723e-10,3.8296773710221166e-10,2.968939873735013e-10,3.2214368010338924e-10,3.668710619079942e-10,1.4034319466316525e-09,8.598359354118815e-10,7.56522089111878e-10,1.79668043785409e-10,5.819980298884541e-10,1.8121017258745254e-10
263,-9.716520039100685,4.07525416782269e-11,1.2216571215640191e-11,2.4001496938319487e-11,-2.2055955272339798e-11,5.858019057808411e-11,-6.356105329722382e-12,1.4430008339992058e-14,1.5087201946242052e-11,8.591313745303188e-11,3.1620824090974927e-10,8.368539499872116e-10,3.920868754861424e-10,3.6446219146938657e-10,3.054058105902004e-10,3.668710619079942e-10,1.4034319466316525e-09,8.598359354118815e-10,7.56522089111878e-10,1.79668043785409e-10,5.819980298884541e-10,1.8121017258745254e-10
264,-9.67741935483871,-4.001629751583694e-11,5.0592239431909084e-11,5.35917991603501e-12,-2.833959685996947e-11,8.52437105107501e-12,3.5654670406431487e-11,5.0703915155299536e-11,2.185268036125592e-11,1.28601809922972e-10,3.046065135622098e-10,8.6666446669259e-10,3.6008989870043563e-10,3.337733263817081e-10,2.96396465754022e-10,3.919893160764627e-10,1.2941792104851825e-09,1.0039346340620059e-09,9.772215501882003e-10,2.5369022631640263e-10,5.517075585313637e-10,2.0034373731403086e-10
265,-9.638318670576734,-1.3165814862749474e-12,3.224981564221964e-11,4.17874242895445e-11,2.153961190185761e-11,3.998430054041442e-11,-3.029988223263615e-11,9.860966332029877e-11,-2.8329872289316937e-12,1.6155336318439671e-12,2.2218449723327587e-10,8.740460437587663e-10,3.274692945631982e-10,3.835935603246063e-10,3.198998136823952e-10,3.919893160764627e-10,1.2941792104851825e-09,1.0039346340620059e-09,9.772215501882003e-10,2.5369022631640263e-10,5.517075585313637e-10,2.0034373731403086e-10
266,-9.59921798631476,-2.6380252575352122e-11,-3.72796149099006e-12,-2.3319522160384432e-11,2.5252515958995384e-13,-8.382580524779868e-12,-6.562517199633913e-12,1.1043976125160108e-11,-1.8806693649650316e-11,9.828091006838092e-11,2.499057995719837e-10,1.0440497457714966e-09,3.140509545434841e-10,3.519943498777561e-10,2.841159005853207e-10,3.919893160764627e-10,1.2941792104851825e-09,1.0039346340620059e-09,9.772215501882003e-10,2.5369022631640263e-10,5.517075585313637e-10,2.0034373731403086e-10
267,-9.560117302052786,-1.3173657255769738e-11,3.793837620149454e-11,-1.2557244909329532e-11,3.78172896018773e-11,-1.4442556969498473e-12,3.187839975404658e-11,3.8729517135484246e-11,-6.960597234390198e-12,1.2695114235585484e-10,2.689254927043105e-10,7.014016500736977e-10,3.7146639242694725e-10,2.3166815019582215e-10,3.6325195287675867e-10,3.919893160764627e-10,1.2941792104851825e-09,1.0039346340620059e-09,9.772215501882003e-10,2.5369022631640263e-10,5.517075585313637e-10,2.0034373731403086e-10
268,-9.521016617790812,-3.1366761820569645e-11,1.2017060654279998e-11,3.0731527723379685e-11,5.8764643740549165e-12,-1.927347307490161e-12,1.747662324206129e-11,-2.3676508039194858e-11,7.309113325277175e-13,1.2509029856867613e-10,2.3342327848123864e-10,8.478750263148298e-10,4.3175967604605195e-10,2.240284014444727e-10,3.162703526881621e-10,3.919893160764627e-10,1.2941792104851825e-09,1.0039346340620059e-09,9.772215501882003e-10,2.5369022631640263e-10,5.517075585313637e-10,2.0034373731403086e-10
269,-9.481915933528837,-6.990398340227418e-12,1.601542796892473e-11,-1.2545951858879537e-11,7.368715537122188e-12,2.1481264473679927e-11,-1.101135175611336e-11,7.262058945845202e-12,2.1399076160934704e-11,1.3252928197557774e-10,2.561367402572519e-10,5.137124033822563e-10,2.9976869615057713e-10,2.691350415326319e-10,3.826154566616006e-10,4.822841571739997e-10,1.370060982019943e-09,8.816459531373941e-10,9.597857074060406e-10,2.4319772749759534e-10,4.74970652108188e-10,1.5759452154513442e-10
270,-9.442815249266863,-1.3912097289364772e-11,2.958967482635957e-11,-9.28602457782998e-12,1.0433837694500186e-11,3.060855894953951e-11,1.9228300873099685e-11,-1.6160167234408772e-10,3.296033674360311e-11,1.0718955853625659e-10,2.2968747459356298e-10,9.673708730796012e-10,4.910626218640357e-10,3.210793100816313e-10,3.063010985485591e-10,4.822841571739997e-10,1.370060982019943e-09,8.816459531373941e-10,9.597857074060406e-10,2.4319772749759534e-10,4.74970652108188e-10,1.5759452154513442e-10
271,-9.403714565004888,-8.539867625830636e-11,1.0122337715324733e-11,-1.607628496528995e-11,-1.6940517032779762e-11,-2.0390230206501188e-13,-1.454168486150031e-11,3.993348181168466e-11,2.4087135906704453e-11,1.0655714770082657e-10,2.8680019598091484e-10,7.272975562562488e-10,3.7348377044364615e-10,2.507508961941222e-10,3.240804382865099e-10,4.822841571739997e-10,1.370060982019943e-09,8.816459531373941e-10,9.597857074060406e-10,2.4319772749759534e-10,4.74970652108188e-10,1.5759452154513442e-10
272,-9.364613880742914,3.1360174205250283e-12,2.1409114428570088e-11,2.3465077035124854e-11,2.855887026217343e-12,-2.960159526906937e-11,2.2429253335076234e-11,-1.3462571135749475e-11,3.6659751912508556e-11,7.008780916983627e-11,2.5234321633298525e-10,7.976548301621007e-10,3.2050995211220274e-10,2.3586916503025417e-10,4.0847748369241826e-10,4.822841571739997e-10,1.370060982019943e-09,8.816459531373941e-10,9.597857074060406e-10,2.4319772749759534e-10,4.74970652108188e-10,1.5759452154513442e-10
273,-9.325513196480937,6.738688789381906e-11,-1.2594888410829864e-11,2.471923304949865e-12,-4.628582278869917e-12,-1.1727205687614796e-11,-7.76710926690037e-12,-4.6640299091648896e-12,-2.342492396569302e-11,1.27334478685459e-10,2.1608248554270226e-10,9.78601498235447e-10,3.6713111576831033e-10,2.445886549002108e-10,2.8721866624598843e-10,4.822841571739997e-10,1.370060982019943e-09,8.816459531373941e-10,9.597857074060406e-10,2.4319772749759534e-10,4.74970652108188e-10,1.5759452154513442e-10
274,-9.286412512218964,1.727899485696978e-11,2.2497639029524613e-11,-2.0415953364179835e-11,2.240698092979476e-11,6.906955243814769e-12,-2.6313435360019114e-11,1.2752991118834834e-11,2.5456418295676187e-11,1.33206237621656e-10,2.0238934795765626e-10,1.169272423989132e-09,3.960093284050669e-10,3.06826225402796e-10,3.083846663896611e-10,4.3536906050588466e-10,1.4304712741918312e-09,9.349773847384838e-10,1.101570585460072e-09,2.150077635577931e-10,4.452184828300492e-10,1.652625029231033e-10
275,-9.24731182795699,-3.755566725707502e-12,5.5417509017199456e-12,-2.856514417795464e-11,1.7106148441937442e-11,4.621367274699919e-12,-1.2287466477423283e-11,1.4465770466070068e-11,2.229750107761021e-12,1.4959559104455422e-10,2.467500193124747e-10,1.216185324786468e-09,5.795596720404277e-10,3.1059935909669425e-10,3.108286707636784e-10,4.3536906050588466e-10,1.4304712741918312e-09,9.349773847384838e-10,1.101570585460072e-09,2.150077635577931e-10,4.452184828300492e-10,1.652625029231033e-10
276,-9.208211143695015,2.568416148350217e-11,9.353155488269562e-12,2.539618869276482e-11,1.0158726434009969e-11,2.5374857374679657e-11,8.54507497689969e-13,6.194238270714931e-11,1.5391173225628547e-11,1.7493594187545345e-10,2.7131209073741494e-10,1.0863425340775445e-09,3.3292728867202603e-10,2.565423489923421e-10,2.71400239271515e-10,4.3536906050588466e-10,1.4304712741918312e-09,9.349773847384838e-10,1.101570585460072e-09,2.150077635577931e-10,4.452184828300492e-10,1.652625029231033e-10
277,-9.16911045943304,1.1788376378404836e-11,-4.666853172800412e-11,-1.201643326201963e-11,-3.124410667123725e-13,3.996485139570112e-12,3.454544187794653e-11,-1.4723001064199845e-11,-4.246500732847912e-12,1.5169484367843103e-10,2.481124003927244e-10,1.1770298086846126e-09,5.774199526418859e-10,3.068670058634307e-10,2.5999990466031655e-10,4.3536906050588466e-10,1.4304712741918312e-09,9.349773847384838e-10,1.101570585460072e-09,2.150077635577931e-10,4.452184828300492e-10,1.652625029231033e-10
278,-9.130009775171066,1.4545449210627288e-11,3.4002120664325036e-11,2.675825607015153e-12,6.2359598184949886e-12,3.364262521988471e-11,-1.517660526409504e-12,-2.874520559459921e-11,-1.391774381424875e-11,1.5811086491561694e-10,2.160498611741331e-10,1.1834853555989703e-09,4.4829050629777683e-10,2.6027595700903454e-10,3.2688299701802644e-10,4.3536906050588466e-10,1.4304712741918312e-09,9.349773847384838e-10,1.101570585460072e-09,2.150077635577931e-10,4.452184828300492e-10,1.652625029231033e-10
279,-9.090909090909092,-5.8918354699325105e-12,-1.974401686069561e-12,2.6212425298400996e-12,3.318996210667474e-11,1.2289348653009859e-11,1.3721683907420338e-11,-1.1558437319715127e-11,-2.9114739308294336e-11,1.0837438776497981e-10,2.4899357203776494e-10,8.546241925456616e-10,3.319187565114092e-10,2.2664682071144697e-10,3.329410912893763e-10,3.339831889058017e-10,1.685547408777006e-09,1.2244251737002286e-09,3.185299039026132e-10,2.1805124070266052e-10,4.831819546996082e-10,1.2998113057906734e-10
280,-9.051808406647117,-1.128803149605991e-11,-8.74270336318482e-12,1.640817517416003e-11,1.2000748470012284e-11,-4.372292769129866e-12,-1.9573366309029243e-11,2.2411058976074486e-11,-2.2536851011930447e-11,1.9737962521972205e-10,2.555592261958259e-10,1.1083906469538807e-09,4.2682743618326063e-10,2.81467052820857e-10,3.479084614206061e-10,3.339831889058017e-10,1.685547408777006e-09,1.2244251737002286e-09,3.185299039026132e-10,2.1805124070266052e-10,4.831819546996082e-10,1.2998113057906734e-10
281,-9.01270772238514,-8.876024099937522e-12,2.2781220078704727e-11,-3.274420030320939e-11,1.0004701770579922e-11,-1.4618854041109847e-11,-1.2678331507583327e-11,2.9169322385554296e-11,3.33844535339613e-11,1.917820364572449e-10,2.568140095991106e-10,1.1253236352863602e-09,2.7136134098600643e-10,2.3409835195223335e-10,3.6558302674440043e-10,3.339831889058017e-10,1.685547408777006e-09,1.2244251737002286e-09,3.185299039026132e-10,2.1805124070266052e-10,4.831819546996082e-10,1.2998113057906734e-10
282,-8.973607038123166,-3.798041144455197e-11,1.5788312171995118e-11,-1.3736113917294705e-11,-3.68489105104444e-11,2.920006458071963e-11,1.0651856310991344e-11,5.564901654801437e-11,-2.7672993177826864e-11,2.0124028005597175e-10,2.4969813291864596e-10,1.035249322371968e-09,4.1900574383840087e-10,3.213054847900315e-10,3.5341790164889796e-10,3.339831889058017e-10,1.685547408777006e-09,1.2244251737002286e-09,3.185299039026132e-10,2.1805124070266052e-10,4.831819546996082e-10,1.2998113057906734e-10
283,-8.934506353861192,-6.518286084007477e-12,1.9781660345153918e-12,1.9008713778174508e-11,-1.7739186669627244e-11,1.565028599925968e-11,1.1268582353902337e-11,1.1115498779714952e-11,-3.504421828074979e-11,2.3399953775935517e-10,2.4063357761277676e-10,1.0154249993822087e-09,4.088172162989119e-10,3.473635717277237e-10,4.024846381580531e-10,3.339831889058017e-10,1.685547408777006e-09,1.2244251737002286e-09,3.185299039026132e-10,2.1805124070266052e-10,4.831819546996082e-10,1.2998113057906734e-10
284,-8.895405669599219,-2.9590929600649614e-12,-1.062989760183992e-11,-2.3854059890209792e-11,8.24079000360096e-13,-2.712653500622979e-11,-2.9706997074974585e-12,-1.6994159023269335e-11,2.0762273583776735e-11,2.431124022262185e-10,2.7209444818948337e-10,1.1906150348968788e-09,4.829808756588512e-10,2.853935837858997e-10,2.7816948203676407e-10,3.428225105907533e-10,1.656016081378824e-09,1.1398634379727005e-09,2.2209478021927617e-10,2.3191910687639902e-10,4.136870306875185e-10,1.3835304544633936e-10
285,-8.85630498533724,2.3230432537894644e-11,9.852559283929859e-12,7.4132603458098e-12,-4.474243920162234e-12,3.96994647067144e-11,1.005081506076985e-12,1.5647149034550182e-12,-2.0528256478124617e-12,2.8963757495178783e-10,2.952116365253841e-10,1.2067399427176476e-09,3.9260541472754e-10,3.6610031120251417e-10,3.2121419929738e-10,3.428225105907533e-10,1.656016081378824e-09,1.1398634379727005e-09,2.2209478021927617e-10,2.3191910687639902e-10,4.136870306875185e-10,1.3835304544633936e-10
286,-8.817204301075268,1.0441680090929996e-11,2.7329182515249138e-12,4.976470976729535e-12,-1.607440278850968e-11,-1.5898733112569646e-11,-6.629020719859925e-12,2.1455541413184588e-11,1.8311995292786004e-11,2.565665035728266e-10,2.9659503522758887e-10,8.443892380201765e-10,5.095038598473623e-10,3.2492898556314333e-10,3.6566709723247623e-10,3.428225105907533e-10,1.656016081378824e-09,1.1398634379727005e-09,2.2209478021927617e-10,2.3191910687639902e-10,4.136870306875185e-10,1.3835304544633936e-10
287,-8.778103616813294,-2.68028008873622e-11,-4.66434360614745e-11,4.408806965925944e-11,6.882173270857703e-12,2.3278741699289555e-11,7.424553397623919e-12,2.627014533346443e-11,3.137993704711755e-11,1.700840081505708e-10,3.1864785354174023e-10,1.1177892883408476e-09,4.0778107890358576e-10,4.915742597966944e-10,2.779081733930361e-10,3.428225105907533e-10,1.656016081378824e-09,1.1398634379727005e-09,2.2209478021927617e-10,2.3191910687639902e-10,4.136870306875185e-10,1.3835304544633936e-10
288,-8.739002932551319,-2.0013795293800007e-12,1.7964106594499776e-11,2.270530568514768e-12,-1.9137956467794664e-11,1.6058090605094787e-11,3.1815033192222107e-11,1.650353871242994e-11,-1.9632341129040497e-11,3.2568969800135483e-10,4.291989768156286e-10,1.1324175532573326e-09,5.384272446866095e-10,4.84947434947724e-10,3.4614611813052516e-10,3.428225105907533e-10,1.656016081378824e-09,1.1398634379727005e-09,2.2209478021927617e-10,2.3191910687639902e-10,4.136870306875185e-10,1.3835304544633936e-10
289,-8.699902248289344,-1.0431641824147497e-11,3.1613013064379456e-11,-1.675763234585107e-12,1.03971352805373e-11,1.3777521770649923e-12,3.1557802593239668e-12,4.0306152483354696e-11,9.515963635241155e-12,3.3197710393979103e-10,3.4870211192312465e-10,1.1380719209686157e-09,3.094223722643584e-10,4.240110748343257e-10,4.163026266917072e-10,3.4066302835370967e-10,1.6273380066950056e-09,1.1084097824003346e-09,4.148583709951837e-10,2.1580831536903372e-10,3.037711415114764e-10,1.530258551735574e-10
290,-8.66080156402737,-1.0625505858577343e-11,3.161301306437946e-11,5.881922681601927e-11,3.001881075027957e-11,-7.918938058954895e-12,3.155780259323969e-12,3.5792696580189495e-11,2.40965467822499e-11,2.614168688185085e-10,3.3941451886728735e-10,1.1688542674199585e-09,4.1200969897296554e-10,2.6603666761382014e-10,3.0688237696006703e-10,3.4066302835370967e-10,1.6273380066950056e-09,1.1084097824003346e-09,4.148583709951837e-10,2.1580831536903372e-10,3.037711415114764e-10,1.530258551735574e-10
291,-8.621700879765395,-2.7435839114199612e-11,6.388666959031417e-11,-3.179621145085071e-12,-3.239129246982697e-11,2.1325043940750613e-12,-4.344060142493433e-12,1.941149925274861e-12,-5.061168857491955e-12,3.4576591875923715e-10,3.572158173149865e-10,1.049172085319864e-09,4.470376050695331e-10,2.290920798687199e-10,3.834687093759641e-10,3.4066302835370967e-10,1.6273380066950056e-09,1.1084097824003346e-09,4.148583709951837e-10,2.1580831536903372e-10,3.037711415114764e-10,1.530258551735574e-10
292,-8.582600195503423,8.275296552324129e-13,-5.18664719798498e-12,-1.6075657573030133e-11,-2.7587981601702215e-11,6.0235877277400815e-12,-4.578077247292965e-12,-5.433212136220044e-12,3.088210173176663e-11,2.845343708503688e-10,2.525675088662626e-10,1.2353094786369893e-09,3.9441889044120225e-10,3.512107376423611e-10,4.752893670920442e-10,3.4066302835370967e-10,1.6273380066950056e-09,1.1084097824003346e-09,4.148583709951837e-10,2.1580831536903372e-10,3.037711415114764e-10,1.530258551735574e-10
293,-8.543499511241444,-6.2453706947224714e-12,1.1127419222424758e-11,-1.0910341699948715e-12,1.76240602922173e-11,-9.733354860240064e-12,2.6525493755326147e-11,2.558126924407939e-11,1.5992214475850084e-11,3.0300101819765123e-10,4.6073795765903887e-10,1.1171537405471013e-09,5.277007287628408e-10,4.455823700174532e-10,4.382133407854369e-10,3.4066302835370967e-10,1.6273380066950056e-09,1.1084097824003346e-09,4.148583709951837e-10,2.1580831536903372e-10,3.037711415114764e-10,1.530258551735574e-10
294,-8.504398826979472,1.9384835103012325e-11,3.5094409617134456e-11,-4.7533077493329194e-11,-1.054896407190986e-11,1.3212869237919603e-11,-2.0346312885552247e-11,2.0794897951629887e-11,8.332075494225862e-12,2.7225035502730647e-10,3.592328816358625e-10,1.1475129112956232e-09,6.993092987484577e-10,3.9979312775788834e-10,4.151444616104198e-10,3.4066302835370967e-10,1.6273380066950056e-09,1.1084097824003346e-09,4.148583709951837e-10,2.1580831536903372e-10,3.037711415114764e-10,1.530258551735574e-10
295,-8.465298142717497,8.683728542747469e-12,5.1791184976848e-12,3.452662012821949e-11,4.701359716239996e-12,2.339606394790473e-11,-1.6249445075594205e-13,1.55467663684295e-11,1.307672523812858e-11,4.5115486311179854e-10,3.621279806432923e-10,1.0251241613943717e-09,2.7653920469993856e-10,3.258311748301132e-10,3.9123864190539185e-10,3.983874566502656e-10,1.5112278792485896e-09,1.0330562746794485e-09,2.2795712828026847e-10,1.4530517289263598e-10,3.8835985508214427e-10,1.3275482929219865e-10
296,-8.426197458455523,-6.015023831063421e-11,-4.625696277372482e-11,3.5585657308300293e-12,4.672813394837368e-12,1.3788187427134748e-11,2.156596235358923e-11,-7.313254109760401e-11,-1.0475245547087618e-11,2.830769399273652e-10,4.382779621306731e-10,1.138062823789115e-09,6.396484259647574e-10,2.8243009908294725e-10,4.4094343577520196e-10,3.983874566502656e-10,1.5112278792485896e-09,1.0330562746794485e-09,2.2795712828026847e-10,1.4530517289263598e-10,3.8835985508214427e-10,1.3275482929219865e-10
297,-8.387096774193548,3.291641932427698e-11,3.626888688268944e-11,-9.235205849097403e-13,1.695337856217488e-11,2.1515143626734715e-11,-8.971701338600273e-14,5.2161973470034086e-11,-6.505110858908673e-12,3.280254773067352e-10,5.083071101762873e-10,1.1433068773275695e-09,4.2281495255521213e-10,2.530960863749628e-10,3.9067869481171334e-10,3.983874566502656e-10,1.5112278792485896e-09,1.0330562746794485e-09,2.2795712828026847e-10,1.4530517289263598e-10,3.8835985508214427e-10,1.3275482929219865e-10
298,-8.347996089931573,1.7655743572362315e-11,1.7984810520324865e-11,-3.275549335365993e-11,-4.877343088309927e-12,1.6364257755174883e-11,2.2234761907874996e-12,2.4642691258569846e-11,2.1413192474252945e-11,3.0467866360796693e-10,4.5794324132395254e-10,1.1038715445266841e-09,4.89793722147322e-10,2.473152992357683e-10,3.8956789780377187e-10,3.983874566502656e-10,1.5112278792485896e-09,1.0330562746794485e-09,2.2795712828026847e-10,1.4530517289263598e-10,3.8835985508214427e-10,1.3275482929219865e-10
299,-8.308895405669599,-1.8631337668817195e-11,-1.7915797433104726e-11,1.4287591222794764e-11,-2.7238210722800163e-12,-9.47612426211001e-12,-8.489864507123872e-12,3.348514990243475e-11,3.5083430262132514e-11,3.3676535740700056e-10,4.864387450225977e-10,8.833985718556285e-10,5.436731804001474e-10,1.9650472749175142e-10,3.963136133803277e-10,3.983874566502656e-10,1.5112278792485896e-09,1.0330562746794485e-09,2.2795712828026847e-10,1.4530517289263598e-10,3.8835985508214427e-10,1.3275482929219865e-10
300,-8.269794721407624,-2.6646894050050805e-11,1.3130053532915043e-11,2.2032741779179725e-11,1.121117601326238e-11,2.3771871577464767e-11,-3.153019735954513e-11,9.27460604756391e-11,-6.355477938314906e-13,4.5416540219231553e-10,4.421044241191872e-10,9.910963176703192e-10,6.279538446454048e-10,3.8367229798310975e-10,4.441738756472266e-10,4.2192029198860183e-10,1.628417747813698e-09,1.4411519905208668e-09,2.4078666118798714e-10,1.5262746144292706e-10,2.3062040605384805e-10,1.4418339653003354e-10
301,-8.23069403714565,4.941023346520227e-12,8.77971947412988e-12,-6.343557495604897e-12,-1.3313251910007382e-11,3.2643190234600084e-12,6.1308717088904474e-12,2.4003379115099484e-11,3.038991294181106e-11,4.707984972914331e-10,5.325134505064089e-10,1.1482842893928597e-09,4.6196733169858086e-10,3.19428956210269e-10,3.9591678812898325e-10,4.2192029198860183e-10,1.628417747813698e-09,1.4411519905208668e-09,2.4078666118798714e-10,1.5262746144292706e-10,2.3062040605384805e-10,1.4418339653003354e-10
302,-8.191593352883675,7.084193399526822e-11,2.923206155528934e-11,6.447704518183422e-11,-1.2234138183574417e-12,1.9180619103964735e-11,1.912289906736523e-11,-3.0526998029054586e-11,2.7487912625744637e-11,5.444273052255795e-10,6.007181434837935e-10,9.210232522054645e-10,6.890912837990738e-10,3.8959581673456817e-10,4.1913937827078895e-10,4.2192029198860183e-10,1.628417747813698e-09,1.4411519905208668e-09,2.4078666118798714e-10,1.5262746144292706e-10,2.3062040605384805e-10,1.4418339653003354e-10
303,-8.1524926686217,-3.0909079574991395e-11,-9.30735589420978e-12,1.982495038210453e-11,1.7873448493917404e-11,3.6148427676184546e-11,2.244682030267022e-11,8.348073981169536e-12,1.8294114629317765e-11,4.0694100141516505e-10,5.090201408453468e-10,1.1062822971404177e-09,6.468913494648135e-10,4.162398875215417e-10,3.8484081502754847e-10,4.2192029198860183e-10,1.628417747813698e-09,1.4411519905208668e-09,2.4078666118798714e-10,1.5262746144292706e-10,2.3062040605384805e-10,1.4418339653003354e-10
304,-8.113391984359726,-1.9984307873692006e-11,1.8578950461995255e-11,3.2479441004779444e-11,-1.0600096495917402e-11,1.9448515361137217e-11,2.0170015817352274e-11,6.505424555464752e-12,9.490240575428118e-12,5.298470357743599e-10,4.548125567326078e-10,1.1354958506415987e-09,6.009540427636254e-10,4.197181471157289e-10,3.739938398971893e-10,4.2192029198860183e-10,1.628417747813698e-09,1.4411519905208668e-09,2.4078666118798714e-10,1.5262746144292706e-10,2.3062040605384805e-10,1.4418339653003354e-10
305,-8.074291300097752,4.718205183732354e-11,1.1424175495424695e-11,8.703805077164858e-12,1.0218014949724962e-11,-2.6369273221543967e-11,1.815044192965276e-11,4.56051027952843e-11,-1.6342299045341266e-11,7.106415613600587e-10,5.597836582117238e-10,1.238678258379243e-09,6.445483551548025e-10,4.134492492325435e-10,3.9357661708174706e-10,3.648841123888296e-10,1.7192759866584217e-09,1.1237005729537902e-09,2.2762021893655787e-10,1.353202339603438e-10,2.733589561642135e-10,1.738709444619981e-10
306,-8.035190615835777,2.7324790783325427e-11,-1.526820445221483e-11,9.249761336232914e-11,8.270904803094914e-12,-8.486727548722409e-12,3.981239521360149e-11,1.5234952691419583e-11,1.301994628915181e-11,6.589642479801916e-10,4.539357768294656e-10,1.1409190245109509e-09,6.658988084588944e-10,4.411344765484004e-10,3.8879934296928377e-10,3.648841123888296e-10,1.7192759866584217e-09,1.1237005729537902e-09,2.2762021893655787e-10,1.353202339603438e-10,2.733589561642135e-10,1.738709444619981e-10
307,-7.9960899315738025,6.662648915166937e-11,3.1793074482729666e-11,1.8520603044900344e-12,3.1626815682164576e-11,8.991150476665577e-12,2.6019188652137644e-11,2.179935206647012e-11,2.7843330024757145e-11,5.972449030233685e-10,5.51812646641906e-10,6.318828851771686e-10,6.937154743363011e-10,4.3559241195157355e-10,3.672992567443766e-10,3.648841123888296e-10,1.7192759866584217e-09,1.1237005729537902e-09,2.2762021893655787e-10,1.353202339603438e-10,2.733589561642135e-10,1.738709444619981e-10
308,-7.956989247311828,3.5968366256982094e-12,-9.269085000449641e-12,-4.3221014326599146e-12,1.5419092156049932e-11,1.269589847517733e-11,5.443877795432926e-12,4.7606482319549856e-12,-4.0467078454312986e-11,7.574998790794185e-10,6.311293877434423e-10,3.7754142627429584e-10,7.611892559811493e-10,4.491879901270336e-10,3.3914756369824925e-10,3.648841123888296e-10,1.7192759866584217e-09,1.1237005729537902e-09,2.2762021893655787e-10,1.353202339603438e-10,2.733589561642135e-10,1.738709444619981e-10
309,-7.9178885630498534,7.076978394956209e-12,5.763220170015229e-12,3.18200523243342e-11,3.858113899898454e-11,4.947610959367784e-12,-4.920005724479916e-12,-2.805570211465945e-11,1.4573054446623596e-11,9.693769580456453e-10,4.423243249105829e-10,9.109112664535637e-10,6.887807249067543e-10,4.443664848996088e-10,4.09992634652081e-10,3.648841123888296e-10,1.7192759866584217e-09,1.1237005729537902e-09,2.2762021893655787e-10,1.353202339603438e-10,2.733589561642135e-10,1.738709444619981e-10
310,-7.878787878787879,-1.1442307116086948e-10,3.257856889319917e-11,-3.829598946745052e-12,2.6479066770199577e-11,-3.832735905657839e-12,-3.220401604730705e-11,4.340923185115164e-12,2.647592981060472e-12,9.465304892290182e-10,5.012495809241706e-10,1.0451178801434388e-09,6.475607764105064e-10,4.132663645513509e-10,4.3346555408292817e-10,4.1039824338723106e-10,1.5884397211916212e-09,1.3462075495219933e-09,2.0897664712941222e-10,1.357280385665198e-10,2.4048990491311176e-10,1.3580583513753667e-10
311,-7.839687194525904,1.653177133685095e-13,-1.7416393637444992e-11,-1.2871568150265099e-11,-9.281005443159859e-12,1.5130178277604075e-11,-2.349205487758219e-11,5.252774283195923e-11,-8.285021116498382e-12,9.34525976408941e-10,5.649370536493401e-10,1.0038728359792115e-09,5.956660718060239e-10,3.833360160310454e-10,3.856341518343035e-10,4.1039824338723106e-10,1.5884397211916212e-09,1.3462075495219933e-09,2.0897664712941222e-10,1.357280385665198e-10,2.4048990491311176e-10,1.3580583513753667e-10
312,-7.80058651026393,-3.1962156546333384e-11,1.6836683705819663e-11,1.9045729887415027e-11,1.6746652998349775e-11,8.057591624802413e-12,-1.108601136906965e-12,3.734674582545434e-11,6.507620425646961e-12,8.485733132787376e-10,6.030564323558694e-10,4.693187939630458e-10,6.849790448903454e-10,4.375765382081767e-10,3.897733685862055e-10,4.1039824338723106e-10,1.5884397211916212e-09,1.3462075495219933e-09,2.0897664712941222e-10,1.357280385665198e-10,2.4048990491311176e-10,1.3580583513753667e-10
313,-7.761485826001955,-1.834775662006335e-11,3.140220945256984e-11,-1.9866985624309413e-11,1.6821626305219715e-11,5.408116467983712e-13,-1.0180685143161315e-11,1.66697975129949e-11,-1.109855920284627e-11,1.053111477814668e-09,5.22056399318766e-10,6.433895626818435e-10,5.75696507637356e-10,3.845657037662997e-10,3.9748809064588274e-10,4.1039824338723106e-10,1.5884397211916212e-09,1.3462075495219933e-09,2.0897664712941222e-10,1.357280385665198e-10,2.4048990491311176e-10,1.3580583513753667e-10
314,-7.722385141739981,-8.238594130604684e-12,2.079489795162989e-11,2.297382933202455e-11,1.6156904797384748e-11,6.0593490548469895e-12,-7.994852454385407e-12,8.991777868754606e-12,7.939641985631697e-13,4.2565170413429383e-10,6.615145952475659e-10,7.655709596256627e-10,4.5017707314467477e-10,3.644615640776381e-10,3.004798446443655e-10,4.1039824338723106e-10,1.5884397211916212e-09,1.3462075495219933e-09,2.0897664712941222e-10,1.357280385665198e-10,2.4048990491311176e-10,1.3580583513753667e-10
315,-7.683284457478006,-5.268521814599816e-12,-8.432144470694544e-12,2.8009902522304755e-11,3.233953265441202e-11,2.6496006345363167e-11,4.020263285201292e-11,6.306541384659843e-12,2.9346246846014454e-12,1.0256185460552763e-09,7.44240269160191e-10,4.909688268046085e-10,4.0866287794046e-10,2.9949546706447165e-10,3.613788749513963e-10,4.41898953336813e-10,1.4380865546656538e-09,1.3778293460694881e-09,2.039349274145892e-10,1.1680653223541886e-10,2.9449076346023563e-10,1.149061627710685e-10
316,-7.644183773216032,4.121524305881627e-11,-8.354975292620068e-12,-3.004202424343936e-11,1.4623559478797267e-11,5.615155729647423e-13,2.923080677298613e-11,1.0588489748484689e-11,5.120771069115285e-11,9.713595158229114e-10,8.674035341172513e-10,4.471248125160528e-10,5.682835609861417e-10,4.175398431274235e-10,3.4197459070608166e-10,4.41898953336813e-10,1.4380865546656538e-09,1.3778293460694881e-09,2.039349274145892e-10,1.1680653223541886e-10,2.9449076346023563e-10,1.149061627710685e-10
317,-7.605083088954057,1.1914168420825059e-12,-8.531899751375188e-12,1.508437868371481e-11,3.191572956043951e-11,4.8304769287548826e-11,2.2358985464529697e-11,-3.739756455418467e-11,1.7644764218042306e-11,1.2575991373185102e-09,7.840162756551077e-10,7.987157495295912e-10,6.274820460857409e-10,3.22544269704969e-10,4.1071915424265914e-10,4.41898953336813e-10,1.4380865546656538e-09,1.3778293460694881e-09,2.039349274145892e-10,1.1680653223541886e-10,2.9449076346023563e-10,1.149061627710685e-10
318,-7.5659824046920825,3.764663905804935e-12,-1.6013545793849815e-11,-2.1166941232744637e-11,1.9036632708169847e-11,-9.826836223264569e-12,2.7389412128561605e-11,4.4020311356559504e-11,5.861720668732356e-12,9.86950199609644e-10,8.979531182470355e-10,8.90544563337822e-10,6.544231868435879e-10,3.5667908371421227e-10,4.3458387979109805e-10,4.41898953336813e-10,1.4380865546656538e-09,1.3778293460694881e-09,2.039349274145892e-10,1.1680653223541886e-10,2.9449076346023563e-10,1.149061627710685e-10
319,-7.526881720430108,2.502006736707474e-11,2.0352586802184716e-11,-3.073340989845459e-11,1.1867741428537361e-11,3.376559399270155e-11,-1.2121835068095373e-11,4.9897089426744594e-11,3.505802089819387e-11,1.032012608583055e-09,8.322645796893835e-10,7.609041064526834e-10,6.108922410140304e-10,4.223936590274835e-10,3.9044655988205703e-10,4.41898953336813e-10,1.4380865546656538e-09,1.3778293460694881e-09,2.039349274145892e-10,1.1680653223541886e-10,2.9449076346023563e-10,1.149061627710685e-10
320,-7.487781036168133,3.500845695423936e-11,5.207288384754446e-11,1.0402781804910305e-11,-8.676827240674739e-13,8.592756746205548e-12,9.277241092839326e-12,1.9277237426754826e-11,7.871099441359322e-11,1.2204406090029423e-09,7.361789131853239e-10,6.145173102663226e-10,6.328227179463033e-10,3.241218461389272e-10,3.543611850723172e-10,4.5221201812901903e-10,1.7431626709169962e-09,1.0214194133959452e-09,1.8176541424412575e-10,1.1272033008246308e-10,2.568485161428911e-10,8.1181976630699e-11
321,-7.448680351906159,-2.04937499353671e-11,6.601540963423887e-11,6.980924725285398e-11,6.634980941214957e-12,-1.9906511302760248e-11,-7.863727588837857e-12,-1.0210172553294456e-11,1.361251775145061e-11,1.2552947275982187e-09,8.322805781777767e-10,5.320902748036392e-10,5.4211254354212e-10,2.570034818930913e-10,3.5088292547808303e-10,4.5221201812901903e-10,1.7431626709169962e-09,1.0214194133959452e-09,1.8176541424412575e-10,1.1272033008246308e-10,2.568485161428911e-10,8.1181976630699e-11
322,-7.409579667644184,-1.5590683782300248e-12,2.7436466506459428e-11,-2.2273032801634774e-11,3.6327861702274516e-11,2.510445155102472e-11,-2.1180743848824667e-12,-1.2118698110034451e-11,1.875054209225138e-11,1.2969946307462642e-09,1.049310425189965e-09,6.483183518903161e-10,5.035461482482023e-10,2.908653805121119e-10,3.590383902084052e-10,4.5221201812901903e-10,1.7431626709169962e-09,1.0214194133959452e-09,1.8176541424412575e-10,1.1272033008246308e-10,2.568485161428911e-10,8.1181976630699e-11
323,-7.37047898338221,-3.839323518249915e-12,-1.3734231742219785e-11,-8.83994907652965e-12,-2.0801799260522253e-11,-5.0517579821167695e-12,-1.3157658767802838e-11,4.753558706066446e-11,4.153678130554098e-11,1.2298969704265944e-09,1.0513372140822693e-09,8.119301872462086e-10,3.8452806026419436e-10,2.973714324583876e-10,3.9871589620605354e-10,4.5221201812901903e-10,1.7431626709169962e-09,1.0214194133959452e-09,1.8176541424412575e-10,1.1272033008246308e-10,2.568485161428911e-10,8.1181976630699e-11
324,-7.331378299120235,-1.0633348256371359e-11,1.9447887969729675e-11,8.72074463920166e-13,9.170898199567363e-12,2.0895908016318354e-11,2.635672538691486e-12,7.116566811353918e-11,3.855667072266851e-11,1.1965398084316468e-09,1.0434813288896996e-09,4.700057878763328e-10,6.217749774713344e-10,2.9619256345101935e-10,3.2776416866289643e-10,4.5221201812901903e-10,1.7431626709169962e-09,1.0214194133959452e-09,1.8176541424412575e-10,1.1272033008246308e-10,2.568485161428911e-10,8.1181976630699e-11
325,-7.292277614858261,6.332201705988599e-11,5.020388397420032e-12,-5.478384339724544e-12,2.383021900478976e-11,-3.1149997987402732e-12,-3.0363876186209116e-11,-3.519228272273965e-11,6.332766358425844e-11,1.186366965684745e-09,1.1403904470022594e-09,2.7728109538728076e-10,6.084777240501467e-10,2.7297248287595197e-10,3.834160084730457e-10,3.9363621929334484e-10,1.2450299719674082e-09,9.788283003355647e-10,2.372036271796479e-10,1.3630147458185318e-10,2.2005199283909855e-10,1.161276944141805e-10
326,-7.253176930596286,1.1854879898716225e-11,7.64163092725986e-12,-1.3808891352959552e-11,-5.3977645050723894e-12,1.0304908699986877e-11,2.5798974164782068e-11,-2.520232466344915e-12,2.0015363762864164e-11,1.37510458390967e-09,1.0955137459727047e-09,3.044703695630578e-10,5.254822717057002e-10,2.478197221638732e-10,2.918042721936496e-10,3.9363621929334484e-10,1.2450299719674082e-09,9.788283003355647e-10,2.372036271796479e-10,1.3630147458185318e-10,2.2005199283909855e-10,1.161276944141805e-10
327,-7.2140762463343115,-2.8948166811514163e-11,5.00031186215029e-13,-3.214127688694861e-12,9.285083489439857e-12,-1.483969591987262e-11,6.720619908320907e-12,-6.4878575875296796e-12,6.265290380910382e-11,1.3608132283371516e-09,1.140083338764267e-09,4.3493616023155045e-10,4.4041172130798947e-10,3.106624119626871e-10,3.324714886007386e-10,3.9363621929334484e-10,1.2450299719674082e-09,9.788283003355647e-10,2.372036271796479e-10,1.3630147458185318e-10,2.2005199283909855e-10,1.161276944141805e-10
328,-7.174975562072337,3.189596672215218e-11,-7.620926999729698e-12,5.180624237403932e-11,3.67880535166371e-11,3.0955506562420976e-12,-1.4407423037380863e-11,9.12102055837504e-12,6.02760303472742e-11,1.4191763413859408e-09,1.1806702490335663e-09,5.158684349650007e-10,5.494185199082287e-10,3.029533364282605e-10,3.4884421614362297e-10,3.9363621929334484e-10,1.2450299719674082e-09,9.788283003355647e-10,2.372036271796479e-10,1.3630147458185318e-10,2.2005199283909855e-10,1.161276944141805e-10
329,-7.1358748778103624,1.3123465919896555e-11,-1.890331197226969e-11,-1.5549903326320043e-11,2.35836540665547e-11,6.716039948983103e-11,-6.5010328128846146e-12,-4.391742068995522e-14,-5.495323915007681e-12,1.4881313948385135e-09,1.137591025229366e-09,4.760369043045943e-10,4.887268425586215e-10,2.614378864405488e-10,3.8807094120365624e-10,3.9363621929334484e-10,1.2450299719674082e-09,9.788283003355647e-10,2.372036271796479e-10,1.3630147458185318e-10,2.2005199283909855e-10,1.161276944141805e-10
330,-7.096774193548388,-6.08020982890742e-11,3.67086884648002e-12,1.2903565128245244e-11,-3.1576624338874206e-12,1.0052697236015292e-11,-8.139779937717943e-12,2.493317361578978e-11,2.250673621013371e-11,1.4145207812636757e-09,9.596213307804651e-10,3.667578177058296e-10,3.699183034030115e-10,3.052539817984017e-10,4.266894100089058e-10,4.388385366161001e-10,1.6716908356535473e-09,7.244818222993355e-10,3.045654194057435e-10,1.1638304283689436e-10,1.691887201922972e-10,1.1825894402492882e-10
331,-7.057673509286413,-1.2114933756475054e-12,3.794276794390445e-11,3.128676937902957e-11,-8.857202348334814e-12,1.2870940760050823e-11,7.834867570452796e-12,-2.900243619443462e-11,7.261494294428951e-11,1.4983735643685096e-09,9.56065902006928e-10,3.217063880874123e-10,3.883093500502264e-10,2.3840351380922684e-10,3.853242203336302e-10,4.388385366161001e-10,1.6716908356535473e-09,7.244818222993355e-10,3.045654194057435e-10,1.1638304283689436e-10,1.691887201922972e-10,1.1825894402492882e-10
332,-7.018572825024439,-2.50125386667747e-11,1.7270211372149838e-11,-2.187589385398959e-11,-6.769556461635023e-12,-1.3174598343648198e-11,-1.2752991120028384e-11,2.724134768410196e-12,1.0171054680551641e-10,1.4882581279622481e-09,1.1899663118772753e-09,2.8849729053412196e-10,2.6918335069366046e-10,2.6220204953310423e-10,4.2141806493135243e-10,4.388385366161001e-10,1.6716908356535473e-09,7.244818222993355e-10,3.045654194057435e-10,1.1638304283689436e-10,1.691887201922972e-10,1.1825894402492882e-10
333,-6.9794721407624625,4.522145276955035e-11,-7.43521905615504e-12,-2.3652039761514597e-11,-1.6294617276121082e-11,-1.4854125928894914e-11,4.1451769730523776e-12,-1.9260297849374476e-11,1.3293175375212516e-10,1.438627680009094e-09,9.505909683222464e-10,2.1747153077014903e-10,3.7627597721201995e-10,2.2215061808131202e-10,2.805651772496932e-10,4.388385366161001e-10,1.6716908356535473e-09,7.244818222993355e-10,3.045654194057435e-10,1.1638304283689436e-10,1.691887201922972e-10,1.1825894402492882e-10
334,-6.940371456500488,-5.161708377618887e-11,-7.43521905615504e-12,1.6771434970454713e-11,1.9118507325551983e-11,2.9763462327225245e-12,4.1451769730523776e-12,4.150635280769966e-11,1.001006596990337e-10,1.454267927740122e-09,1.1106624323057222e-09,3.0149151376336694e-10,5.084611348391205e-10,2.5541869045470727e-10,4.003709555150692e-10,4.388385366161001e-10,1.6716908356535473e-09,7.244818222993355e-10,3.045654194057435e-10,1.1638304283689436e-10,1.691887201922972e-10,1.1825894402492882e-10
335,-6.901270772238513,2.708293128303366e-11,-2.677707783794868e-12,-2.7839251979329618e-11,-2.429574364739479e-12,2.951752478056769e-11,9.259046733326405e-12,9.826208832880073e-12,1.9106492774228892e-10,1.4172342503734696e-09,1.3001667231901028e-09,2.638919290817066e-10,5.409945315298379e-10,2.6437345221268777e-10,4.060397532355451e-10,4.388385366161001e-10,1.6716908356535473e-09,7.244818222993355e-10,3.045654194057435e-10,1.1638304283689436e-10,1.691887201922972e-10,1.1825894402492882e-10
336,-6.862170087976539,3.606372979610453e-11,5.076226259114707e-12,-3.5435083310824354e-11,-5.223349612288471e-12,6.988516165152515e-12,1.9486786254044014e-12,-1.1872133171799938e-11,1.713971389821436e-10,1.538181254144168e-09,1.2941864254896082e-09,2.188536746889079e-10,3.8340879346850067e-10,2.6250790298777033e-10,4.698618014807935e-10,4.0960396549296407e-10,1.6527643101886292e-09,1.0261913546790319e-09,2.729505241664594e-10,1.0674065977370801e-10,2.2729899438536645e-10,1.370882237758202e-10
337,-6.823069403714564,2.998116724715995e-11,-6.924522211749843e-12,-1.4544821820924818e-11,6.452096260082015e-12,1.3785677861163818e-11,-1.922077217279965e-11,-3.334022241995469e-11,1.2738874806774442e-10,1.397726760193088e-09,1.1441228002354719e-09,4.646353149099671e-10,3.9640552626457774e-10,2.2346155304193574e-10,3.987707929799808e-10,4.0960396549296407e-10,1.6527643101886292e-09,1.0261913546790319e-09,2.729505241664594e-10,1.0674065977370801e-10,2.2729899438536645e-10,1.370882237758202e-10
338,-6.78396871945259,4.42245900947903e-10,-2.0206404536889844e-11,-1.7336714893739776e-11,2.964990442969741e-11,2.0841952330210355e-12,-1.9092784265653697e-11,5.299577704189991e-12,1.203255722902134e-10,1.5203627024247494e-09,1.3059412364122644e-09,2.1591779522096294e-10,3.0702291270124517e-10,2.3944121968375356e-10,4.0910424800244425e-10,4.0960396549296407e-10,1.6527643101886292e-09,1.0261913546790319e-09,2.729505241664594e-10,1.0674065977370801e-10,2.2729899438536645e-10,1.370882237758202e-10
339,-6.744868035190615,3.239803693101263e-10,1.5530454183309784e-11,-3.91053247667471e-12,9.60881760702863e-12,-1.7243860920588237e-11,3.0747212515898554e-11,7.51301562819469e-12,2.957446057760679e-10,1.4696926664219083e-09,1.180698481660075e-09,2.3721241066361535e-10,3.938084383155205e-10,2.9042652001677213e-10,3.13832935927146e-10,4.0960396549296407e-10,1.6527643101886292e-09,1.0261913546790319e-09,2.729505241664594e-10,1.0674065977370801e-10,2.2729899438536645e-10,1.370882237758202e-10
340,-6.705767350928641,5.414390385470713e-13,1.1070326576209904e-11,1.5516651565524803e-11,1.3877590745413972e-11,-1.7717541656263554e-12,2.1408487036480225e-11,1.2830160293500847e-12,2.467779382432114e-10,1.4809355257160829e-09,1.2941337245866218e-09,2.83214966101737e-10,3.5669602329014307e-10,2.8473795945758247e-10,3.042476455088789e-10,4.0960396549296407e-10,1.6527643101886292e-09,1.0261913546790319e-09,2.729505241664594e-10,1.0674065977370801e-10,2.2729899438536645e-10,1.370882237758202e-10
341,-6.666666666666666,-4.494602781250395e-11,3.4187828607899414e-11,3.033815312588457e-11,1.5444815216203704e-11,1.7550028071009077e-11,3.761840643192438e-12,4.634856196013958e-11,4.139919430544255e-10,1.5172059810777171e-09,1.2584978759311528e-09,2.560341617140361e-10,2.394653742642805e-10,2.2186044941936955e-10,3.159685772796651e-10,4.180260716963649e-10,1.415257025425043e-09,1.0369887658649337e-09,2.601900043459605e-10,1.766333501243387e-10,1.5988199168949484e-10,1.324938343442598e-10
342,-6.6275659824046915,2.552543138289597e-11,-1.1920442710074324e-14,-2.0823130576048392e-12,-3.0591619373864815e-12,3.662085362699983e-11,2.7939007259327544e-11,5.7560051670384265e-11,3.4064452029856934e-10,1.2716037748834471e-09,1.32033768009495e-09,2.1888629905751107e-10,3.19064127935711e-10,2.812506026837283e-10,2.9375012755639034e-10,4.180260716963649e-10,1.415257025425043e-09,1.0369887658649337e-09,2.601900043459605e-10,1.766333501243387e-10,1.5988199168949484e-10,1.324938343442598e-10
343,-6.588465298142717,-3.812408414430206e-11,-3.901372557692444e-11,-2.0239028905424994e-11,4.412759533753948e-12,-3.96448816295402e-12,1.3101193514529837e-11,2.973397491828462e-11,4.323848718767323e-10,1.4112906550874401e-09,1.3031697335700309e-09,2.940867232042948e-10,3.236070712476454e-10,2.2481358215910251e-10,3.2393739297855085e-10,4.180260716963649e-10,1.415257025425043e-09,1.0369887658649337e-09,2.601900043459605e-10,1.766333501243387e-10,1.5988199168949484e-10,1.324938343442598e-10
344,-6.549364613880742,1.7486347813310458e-11,2.2528381222984853e-11,-3.0259729163289633e-11,1.0740632236925071e-11,3.770184952901904e-11,1.015370730019238e-11,1.0289223908148338e-12,4.1003059185007745e-10,1.427592173672283e-09,1.2675056522880965e-09,2.2332070360496855e-10,3.4019813110268254e-10,2.3177261091420667e-10,2.7600215740336677e-10,4.180260716963649e-10,1.415257025425043e-09,1.0369887658649337e-09,2.601900043459605e-10,1.766333501243387e-10,1.5988199168949484e-10,1.324938343442598e-10
345,-6.510263929618768,8.739566403588676e-13,-8.051945098724876e-12,9.479888608849105e-13,8.163934518159567e-12,3.160799393141343e-12,7.361814227547935e-12,-4.490869800559834e-12,6.374365565204475e-10,1.3745371081156063e-09,1.2721395673965903e-09,2.531180450845577e-10,2.9640744510885356e-10,2.947558364541988e-10,2.4807758015326577e-10,4.180260716963649e-10,1.415257025425043e-09,1.0369887658649337e-09,2.601900043459605e-10,1.766333501243387e-10,1.5988199168949484e-10,1.324938343442598e-10
346,-6.471163245356793,-5.170335013546922e-11,1.6563768316534807e-11,7.204338910779873e-12,7.762090133168106e-12,1.565969687378222e-11,3.0278550914892067e-11,7.068634085485431e-11,4.497018239306244e-10,1.3362618225709985e-09,1.2537936929519751e-09,2.525452364608959e-10,3.2074145965026396e-10,2.0367110920403771e-10,3.1207623916242646e-10,3.219391504087233e-10,1.571405409097982e-09,8.74797345321586e-10,2.411568222921518e-10,1.117121116179846e-10,7.706816924268449e-11,1.0883363849052608e-10
347,-6.432062561094819,-6.778967336668952e-12,3.846224827142438e-11,-4.979482457872923e-11,1.9056709242672503e-11,4.374300422469381e-11,2.9074586239203592e-11,5.934058932031917e-11,6.559615512959928e-10,1.1783532914792685e-09,1.2792673645194323e-09,2.351746424164029e-10,2.8997322951224e-10,3.647175398918789e-10,3.2334513521226273e-10,3.219391504087233e-10,1.571405409097982e-09,8.74797345321586e-10,2.411568222921518e-10,1.117121116179846e-10,7.706816924268449e-11,1.0883363849052608e-10
348,-6.392961876832844,1.1653800858752477e-11,1.1458682039034753e-11,-2.7114614563519702e-11,9.887693218094105e-13,2.2475680321055208e-11,4.002821795888804e-11,2.3197808169359914e-11,6.050342846954481e-10,1.4653646047679785e-09,1.3358703301492516e-09,2.376751120435226e-10,2.806988116821835e-10,3.0668631705328963e-10,3.09693719175261e-10,3.219391504087233e-10,1.571405409097982e-09,8.74797345321586e-10,2.411568222921518e-10,1.117121116179846e-10,7.706816924268449e-11,1.0883363849052608e-10
349,-6.353861192570871,-2.8562007219041592e-11,4.0026963176584476e-11,1.7598964624834995e-11,-1.926280741670988e-11,-8.85124212732093e-12,1.872513272831277e-11,2.0644323943924833e-11,4.605475442776485e-10,1.3126910300347763e-09,1.077421337775594e-09,2.5363846650107277e-10,2.573727019094626e-10,4.868644302922247e-10,3.075972898041162e-10,3.219391504087233e-10,1.571405409097982e-09,8.74797345321586e-10,2.411568222921518e-10,1.117121116179846e-10,7.706816924268449e-11,1.0883363849052608e-10
350,-6.314760508308895,-3.522867144108387e-11,3.0301137016644585e-11,3.407489810169443e-11,-1.5273850977439842e-12,4.222973544018297e-11,2.1628074132087163e-11,7.73624159515888e-11,4.960996361409325e-10,1.185847799051616e-09,1.2593467369035583e-09,2.6875264629053966e-10,3.431863977777739e-10,4.5090265164776656e-10,2.9897504564793925e-10,3.219391504087233e-10,1.571405409097982e-09,8.74797345321586e-10,2.411568222921518e-10,1.117121116179846e-10,7.706816924268449e-11,1.0883363849052608e-10
351,-6.275659824046921,1.2619356687657587e-11,2.1530828417889518e-11,3.943784236617445e-11,6.496013679152277e-12,5.0321206216846876e-11,7.324484421274248e-11,4.8288457102599363e-11,8.064213744097421e-10,1.30511151088679e-09,1.267036676991071e-09,3.672424777953999e-10,2.181051963888544e-10,4.4002901237009953e-10,2.725449154313298e-10,3.875185228103205e-10,1.4390081930754891e-09,8.160201537494767e-10,2.195469425192366e-10,1.0829972815227907e-10,6.249825175454774e-11,8.376118391628798e-11
352,-6.236559139784946,6.410280603173071e-11,-2.430452713221467e-11,-3.674758675081957e-11,-3.724510837055137e-12,7.693202524349007e-11,3.694772470375755e-11,9.864918899687373e-11,7.661754515303221e-10,6.912928012802802e-10,1.2448480283735994e-09,2.629624482755097e-10,2.4158313495328876e-10,4.175382746482228e-10,3.192968902571073e-10,3.875185228103205e-10,1.4390081930754891e-09,8.160201537494767e-10,2.195469425192366e-10,1.0829972815227907e-10,6.249825175454774e-11,8.376118391628798e-11
353,-6.197458455522972,1.822541523805727e-11,-7.775892749844933e-12,7.455797504550905e-11,1.8636984194212567e-11,9.489487705432237e-11,3.430828781474561e-11,1.3319776783373343e-10,9.959184502893647e-10,1.2303135585165843e-09,1.0967860963438053e-09,3.1288682924101214e-10,2.3809013165420966e-10,4.220335361906811e-10,2.581719989374107e-10,3.875185228103205e-10,1.4390081930754891e-09,8.160201537494767e-10,2.195469425192366e-10,1.0829972815227907e-10,6.249825175454774e-11,8.376118391628798e-11
354,-6.158357771260997,-1.9593756539321062e-11,-1.9806756035549184e-12,6.08436316196877e-10,1.4336841470951538e-10,1.5079171332389798e-10,6.75945545473981e-11,1.1368212155959842e-10,1.0425226743695416e-09,1.0009651891377668e-09,1.1228802583042622e-09,4.0865974098180284e-10,2.80924986390553e-10,4.25852469478895e-10,2.972569334729562e-10,3.875185228103205e-10,1.4390081930754891e-09,8.160201537494767e-10,2.195469425192366e-10,1.0829972815227907e-10,6.249825175454774e-11,8.376118391628798e-11
355,-6.119257086999022,-9.815229476854615e-12,4.045948701468467e-10,6.67478894459676e-10,2.2410808019059882e-10,1.9064237943125946e-10,1.231733032241838e-10,2.4266695411672686e-10,7.84320874326183e-10,9.185318797581438e-10,1.1172202440674982e-09,3.431747910313644e-10,2.454434760937495e-10,4.604060674489072e-10,4.732685384209331e-10,3.875185228103205e-10,1.4390081930754891e-09,8.160201537494767e-10,2.195469425192366e-10,1.0829972815227907e-10,6.249825175454774e-11,8.376118391628798e-11
356,-6.080156402737048,-1.0862973618760929e-11,4.939109801895271e-10,6.628845050276043e-10,3.041613791498027e-10,2.6090899523603413e-10,1.5436847341509342e-10,3.030640710634308e-10,1.030385468204631e-09,1.2077591405370086e-09,1.2131816870147062e-09,5.360563314458452e-10,2.448772550830123e-10,4.079191050779577e-10,3.8932635199875763e-10,3.8614578976707294e-10,1.3655437617678215e-09,6.950828745500273e-10,2.450730012940518e-10,1.3821501927189917e-10,5.675949985931413e-11,8.683540325444491e-11
357,-6.041055718475074,-2.807013212487531e-11,2.0655867951040037e-10,2.2645515254671898e-10,3.438072018666239e-10,2.190538126417435e-10,1.8489735361888203e-10,3.4905501975591025e-10,1.0141520216194707e-09,1.0696263095779822e-09,8.930895777756581e-10,2.7685352794249327e-10,2.349741907678464e-10,4.322264554720346e-10,3.0154264618705047e-10,3.8614578976707294e-10,1.3655437617678215e-09,6.950828745500273e-10,2.450730012940518e-10,1.3821501927189917e-10,5.675949985931413e-11,8.683540325444491e-11
358,-6.001955034213099,3.999214293599196e-11,3.157787912850959e-11,2.5991583417249496e-11,3.064516725569462e-10,3.9280304311356937e-10,2.3800292420773236e-10,4.778516348004237e-10,9.955166059044585e-10,1.2087256374533748e-09,9.282815468021825e-10,2.811452008778233e-10,2.2522013198178142e-10,3.972396435319759e-10,4.407492580435251e-10,3.8614578976707294e-10,1.3655437617678215e-09,6.950828745500273e-10,2.450730012940518e-10,1.3821501927189917e-10,5.675949985931413e-11,8.683540325444491e-11
359,-5.962854349951124,2.080493621943529e-11,-5.924459839320064e-12,2.058911347448968e-11,2.0483680298588094e-10,4.742623268764746e-10,2.757693950820728e-10,5.66182739872979e-10,1.0189223944231863e-09,1.323461463377496e-09,1.0032639523327305e-09,3.7323971507183404e-10,2.3084438489152391e-10,3.3956383809234796e-10,3.040540951688824e-10,3.8614578976707294e-10,1.3655437617678215e-09,6.950828745500273e-10,2.450730012940518e-10,1.3821501927189917e-10,5.675949985931413e-11,8.683540325444491e-11
360,-5.92375366568915,1.3823948754838569e-11,-2.049625950184969e-11,-2.3647648019105245e-11,1.1117820127973768e-10,5.795857087962017e-10,3.1166310172695097e-10,6.388008197760282e-10,1.016873960517187e-09,8.287471081139628e-10,1.1348957504789146e-09,3.5171892492081206e-10,2.213092858093176e-10,4.174636150356924e-10,3.4642499374192384e-10,3.8614578976707294e-10,1.3655437617678215e-09,6.950828745500273e-10,2.450730012940518e-10,1.3821501927189917e-10,5.675949985931413e-11,8.683540325444491e-11
361,-5.884652981427176,4.427660086689646e-11,-1.3361561070720533e-11,6.063740796575141e-12,-1.8385086426030015e-11,5.405606901681452e-10,3.1279554374842533e-10,5.709772672567957e-10,7.894836806393616e-10,9.781949484128532e-10,1.1806536231534504e-09,6.105556453660235e-10,2.1526593524286386e-10,4.3428461394941947e-10,2.899625638533167e-10,3.1010779769835935e-10,1.098132478935576e-09,8.683866569136653e-10,2.0124341701454377e-10,7.630651571695248e-11,5.13137398888063e-11,1.1444377508686499e-10
362,-5.8455522971652005,1.5333766884818134e-11,3.798229361877489e-11,1.2170771620897834e-11,1.6844212406716486e-11,4.70120914253572e-10,5.812012424278752e-10,7.177950815428764e-10,1.083584520156932e-09,9.443986122265985e-10,1.0508061270068392e-09,2.7891482337856957e-10,2.0407640424339027e-10,3.421872764928814e-10,3.2261830192576776e-10,3.1010779769835935e-10,1.098132478935576e-09,8.683866569136653e-10,2.0124341701454377e-10,7.630651571695248e-11,5.13137398888063e-11,1.1444377508686499e-10
363,-5.806451612903226,-5.587550495182536e-12,3.210677033345097e-11,1.1232821026965504e-11,2.032560895930124e-11,3.7381817022064404e-10,5.579400676963501e-10,7.107369248994371e-10,7.872598907527595e-10,8.802330670247657e-10,8.14909984133369e-10,3.492630001045111e-10,2.051931614725163e-10,4.356218993616047e-10,2.651802779410722e-10,3.1010779769835935e-10,1.098132478935576e-09,8.683866569136653e-10,2.0124341701454377e-10,7.630651571695248e-11,5.13137398888063e-11,1.1444377508686499e-10
364,-5.767350928641251,-2.1020131573058473e-11,2.341990483213105e-11,4.372292768959082e-12,3.252712277391632e-12,2.5121265648656846e-10,6.730902858393417e-10,7.000844411961856e-10,1.0285550529150381e-09,1.2409901967998513e-09,9.39104994743772e-10,3.8290248836514154e-10,2.028442069414063e-10,3.9505318345170734e-10,3.571232770389795e-10,3.1010779769835935e-10,1.098132478935576e-09,8.683866569136653e-10,2.0124341701454377e-10,7.630651571695248e-11,5.13137398888063e-11,1.1444377508686499e-10
365,-5.728250244379278,2.4863533137162638e-12,8.40391184405804e-12,3.168390832650481e-11,8.48860972379787e-12,1.1088019022136515e-10,6.820852006663275e-10,6.863414259701691e-10,7.119154802103768e-10,1.1711891056377585e-09,8.625196034154118e-10,5.564826367734488e-10,1.871120463258725e-10,3.4097421463777753e-10,2.788696511758744e-10,3.1010779769835935e-10,1.098132478935576e-09,8.683866569136653e-10,2.0124341701454377e-10,7.630651571695248e-11,5.13137398888063e-11,1.1444377508686499e-10
366,-5.689149560117302,5.584068471226246e-11,2.62814383822093e-12,5.7707488721901684e-12,1.519856397273432e-12,1.2397636460241847e-10,6.643231142001815e-10,5.756187110655719e-10,4.157326413307007e-10,6.009819616941829e-10,9.011098395939823e-10,2.7973482433256416e-10,2.357581166990303e-10,4.408352107067696e-10,2.523363150242717e-10,4.530702899770295e-10,1.4277220437544528e-09,7.352767239182432e-10,1.9187081238309346e-10,8.521422309737587e-11,7.875710770381741e-11,1.510765491564045e-10
367,-5.650048875855328,-2.048120210210352e-12,1.3364070637373777e-11,1.17366165633309e-11,2.9060783621845146e-11,8.607939625410805e-11,6.312325936783981e-10,4.397746050352985e-10,6.589426029665648e-10,7.314421058375956e-10,8.360179505446532e-10,2.7241002621536453e-10,2.41868911873418e-10,5.097036841042727e-10,3.051291308497083e-10,4.530702899770295e-10,1.4277220437544528e-09,7.352767239182432e-10,1.9187081238309346e-10,8.521422309737587e-11,7.875710770381741e-11,1.510765491564045e-10
368,-5.610948191593353,6.070642105467212e-12,-1.7651038135015244e-11,-1.0873952973592533e-11,-9.819934914712676e-12,2.959030221810813e-11,4.839900352109783e-10,3.421104210102545e-10,5.343714710310176e-10,6.77188094739048e-10,1.0842784153791115e-09,2.6525431016185387e-10,2.577958776122833e-10,4.693162843962222e-10,3.1345681460201864e-10,4.530702899770295e-10,1.4277220437544528e-09,7.352767239182432e-10,1.9187081238309346e-10,8.521422309737587e-11,7.875710770381741e-11,1.510765491564045e-10
369,-5.57184750733138,-1.2137833556659042e-11,5.662210107543079e-12,1.9047612062491576e-12,2.0239656296833434e-12,4.3758061625294025e-11,4.4274342256737956e-10,2.7206652925914734e-10,4.1495373453308714e-10,6.803730487124607e-10,8.097788611011194e-10,3.0325605292440584e-10,2.526992611237291e-10,3.7284163503699257e-10,3.293875446911362e-10,4.530702899770295e-10,1.4277220437544528e-09,7.352767239182432e-10,1.9187081238309346e-10,8.521422309737587e-11,7.875710770381741e-11,1.510765491564045e-10
370,-5.532746823069404,-1.6676071431331385e-12,-1.1296814980368459e-11,4.3496439285776566e-11,-9.323040686984564e-12,2.609259348125621e-11,2.98667310018326e-10,1.777356773444427e-10,8.109840805600834e-10,6.777605896667758e-10,8.506609591661196e-10,2.659808297524832e-10,2.0780687530154473e-10,4.5488219721149093e-10,4.1511152354606164e-10,4.530702899770295e-10,1.4277220437544528e-09,7.352767239182432e-10,1.9187081238309346e-10,8.521422309737587e-11,7.875710770381741e-11,1.510765491564045e-10
371,-5.49364613880743,-2.7266443354891557e-12,-3.130684591424152e-13,-6.900053935092919e-12,1.2344559122274212e-11,1.3643259944654406e-11,2.7049867739609753e-10,1.2131434161148374e-10,4.1980911891239034e-10,6.965293261182674e-10,9.575358807640322e-10,4.3652502971613775e-10,2.209535547144308e-10,4.197187745073922e-10,3.273905569045669e-10,3.5396122286260533e-10,1.3879974833791452e-09,7.770628934253307e-10,1.9479069336271339e-10,1.1016496368144152e-10,4.9128534591778817e-11,1.1007650145155249e-10
372,-5.454545454545455,1.1949929742049671e-11,-1.7331068367320665e-11,8.789757740066425e-13,-1.8803556691078347e-11,3.208794858235924e-11,1.5855756780730146e-10,8.844779992788756e-11,2.8781311988337927e-10,5.886565380189081e-10,1.0740528717291718e-09,6.482116953008974e-10,2.3229993363935017e-10,3.9888215500695944e-10,2.8708848246791015e-10,3.5396122286260533e-10,1.3879974833791452e-09,7.770628934253307e-10,1.9479069336271339e-10,1.1016496368144152e-10,4.9128534591778817e-11,1.1007650145155249e-10
373,-5.415444770283481,-3.9704170145083976e-11,2.6271400116109288e-11,-1.4098746320136557e-11,9.606935432038694e-12,7.228807186754492e-12,1.2277051775182543e-10,8.811089058485874e-11,5.777145130457141e-10,7.392170575007555e-10,7.145414281776914e-10,4.955029866325924e-10,2.1588422976489036e-10,4.562499111210914e-10,2.4610819760168596e-10,3.5396122286260533e-10,1.3879974833791452e-09,7.770628934253307e-10,1.9479069336271339e-10,1.1016496368144152e-10,4.9128534591778817e-11,1.1007650145155249e-10
374,-5.376344086021506,-2.260178605295568e-11,-1.0407800939067944e-11,1.955203499111459e-11,-1.019511515269523e-12,-2.1143100347324537e-12,1.012760780522793e-10,5.666664588837949e-11,2.2696114395399071e-10,5.140000624773754e-10,6.90416335073101e-10,4.4177284760482724e-10,2.611530506080423e-10,2.7471380854407784e-10,2.8016866569420587e-10,3.5396122286260533e-10,1.3879974833791452e-09,7.770628934253307e-10,1.9479069336271339e-10,1.1016496368144152e-10,4.9128534591778817e-11,1.1007650145155249e-10
375,-5.337243401759531,-2.4430632863092547e-12,-2.690506573486509e-11,7.125914947673146e-12,5.440427141156917e-12,1.4546703995147183e-11,7.2439900659263e-11,4.159481503724718e-11,3.865379095804741e-10,5.619801565592867e-10,7.092114219762565e-10,6.693102508367213e-10,2.2389633549125123e-10,3.6617528451082494e-10,3.064224988427296e-10,3.5396122286260533e-10,1.3879974833791452e-09,7.770628934253307e-10,1.9479069336271339e-10,1.1016496368144152e-10,4.9128534591778817e-11,1.1007650145155249e-10
376,-5.298142717497557,-3.7204014213753224e-11,2.2904188853226637e-11,2.2173904912362248e-11,-7.779657101687588e-14,2.1001937213801504e-11,5.33822503293084e-11,4.1224653934105686e-11,1.887564399758457e-10,3.334746879317489e-10,5.505748028144413e-10,5.840339159609327e-10,2.8136259210256615e-10,2.7704488241163435e-10,2.4620638440294863e-10,4.1916604241819056e-10,1.1455588998406976e-09,8.7661489908117e-10,1.84385401990298e-10,8.35528898713014e-11,9.730155162203169e-11,1.4192541379580664e-10
377,-5.259042033235582,1.195494887509965e-12,-3.814541546145273e-13,5.673879593314804e-11,-1.659294203019723e-11,2.2135634018602087e-11,2.0494377327116068e-11,1.2135637685538923e-11,1.1213748319166937e-10,3.6910363527836753e-10,5.834479321115669e-10,1.0371697683707618e-09,2.185559773265631e-10,2.830888603697513e-10,3.215410703739925e-10,4.1916604241819056e-10,1.1455588998406976e-09,8.7661489908117e-10,1.84385401990298e-10,8.35528898713014e-11,9.730155162203169e-11,1.4192541379580664e-10
378,-5.219941348973608,5.410626035234667e-12,8.989895693510014e-12,2.6192348761935747e-11,5.881169811486565e-12,4.511197291762089e-11,3.702489388302586e-11,-3.3634469127322815e-12,5.166696141678412e-11,3.270944280214144e-10,4.627622369845112e-10,7.39403392836079e-10,2.2658721849971868e-10,2.6096263722652407e-10,3.309102243511076e-10,4.1916604241819056e-10,1.1455588998406976e-09,8.7661489908117e-10,1.84385401990298e-10,8.35528898713014e-11,9.730155162203169e-11,1.4192541379580664e-10
379,-5.180840664711633,7.990147016783127e-12,8.989895693510011e-12,-1.6730654508678078e-11,3.780285959302551e-11,-1.6970318138701994e-11,3.702489388302586e-11,-2.350272053679487e-11,1.344224364352468e-10,3.670636711603763e-10,5.241154988836373e-10,5.408125879362425e-10,2.2573271100211404e-10,3.811831214066786e-10,2.502172995518884e-10,4.1916604241819056e-10,1.1455588998406976e-09,8.7661489908117e-10,1.84385401990298e-10,8.35528898713014e-11,9.730155162203169e-11,1.4192541379580664e-10
380,-5.141739980449659,-1.4817109818631826e-11,1.7774006908685455e-11,-5.795844540255186e-12,9.19473908396447e-12,1.945541666917676e-11,-3.327497368203268e-11,4.464707566676478e-11,1.0304783221765059e-10,4.2449887188244244e-10,4.831603096854783e-10,6.540417326887175e-10,2.5238932962307293e-10,2.7183125737059514e-10,2.716706450949482e-10,4.1916604241819056e-10,1.1455588998406976e-09,8.7661489908117e-10,1.84385401990298e-10,8.35528898713014e-11,9.730155162203169e-11,1.4192541379580664e-10
381,-5.102639296187684,4.724573209570432e-12,-9.669988298074151e-12,-8.07139424224665e-12,1.7456860403432726e-11,8.464768839059186e-12,5.676702855978511e-11,-8.115311661231528e-12,4.042410212269497e-11,3.0507580255504144e-10,5.858414314534956e-10,1.002765175929842e-09,3.213716746145743e-10,3.4747116940446706e-10,3.1907479359463417e-10,4.1916604241819056e-10,1.1455588998406976e-09,8.7661489908117e-10,1.84385401990298e-10,8.35528898713014e-11,9.730155162203169e-11,1.4192541379580664e-10
382,-5.0635386119257095,9.635481754464434e-12,2.276741746228408e-11,2.0537667354522617e-11,-1.3155462896768405e-11,1.6045542770465905e-11,3.1894084546565326e-11,3.4021569806993454e-11,1.982840103578355e-11,2.2406824081746755e-10,5.42449139190212e-10,5.989344688758919e-10,3.4199937267827206e-10,3.6669037309789567e-10,3.4613953051765183e-10,3.2559935359639947e-10,1.4359954581245758e-09,7.754523789272021e-10,1.7938383534448056e-10,1.3371348381229674e-10,1.0525750579090863e-10,1.1750858354964694e-10
383,-5.024437927663735,-6.50542455469774e-12,3.127924067907095e-11,7.054768728713064e-11,1.7396003408431852e-11,3.6305902992952455e-11,1.5608878146074952e-11,-3.301648830091647e-11,6.243708106375758e-11,2.8608183248253026e-10,6.094203800819369e-10,6.228471898896418e-10,2.1118161526506821e-10,3.780198124468842e-10,2.578909274550509e-10,3.2559935359639947e-10,1.4359954581245758e-09,7.754523789272021e-10,1.7938383534448056e-10,1.3371348381229674e-10,1.0525750579090863e-10,1.1750858354964694e-10
384,-4.985337243401759,1.4813345468396625e-11,2.2522734698612132e-11,-2.4819615717324925e-12,2.0587858689971806e-12,1.529831925375601e-11,1.660078442577202e-12,1.3668355612719427e-11,1.0742828107959524e-11,1.9669702304824854e-10,4.81315778082482e-10,4.1673960501188674e-10,2.0584564884219326e-10,2.812807174854397e-10,2.8302800337460536e-10,3.2559935359639947e-10,1.4359954581245758e-09,7.754523789272021e-10,1.7938383534448056e-10,1.3371348381229674e-10,1.0525750579090863e-10,1.1750858354964694e-10
385,-4.946236559139785,-1.76027289741322e-11,2.7049993217856938e-11,-1.7251389621058648e-11,-7.379067499267844e-12,2.1933613890759453e-11,1.1392178519149623e-11,4.215821278613936e-11,5.2163541948638365e-11,1.7330252758014114e-10,5.459082633374296e-10,5.985520736337397e-10,3.6917390314899933e-10,4.178284433101652e-10,3.655485202009268e-10,3.2559935359639947e-10,1.4359954581245758e-09,7.754523789272021e-10,1.7938383534448056e-10,1.3371348381229674e-10,1.0525750579090863e-10,1.1750858354964694e-10
386,-4.90713587487781,1.236683152772639e-11,1.0257226930681131e-11,2.541250087652074e-11,2.0427873806888552e-12,-2.92540202659756e-11,1.6528634380835437e-11,5.979231134530994e-11,1.7441175610913844e-11,1.2785521379792534e-10,5.561300426370487e-10,7.070180605870953e-10,3.663954989980951e-10,4.3885390771274493e-10,4.026424271709895e-10,3.2559935359639947e-10,1.4359954581245758e-09,7.754523789272021e-10,1.7938383534448056e-10,1.3371348381229674e-10,1.0525750579090863e-10,1.1750858354964694e-10
387,-4.868035190615834,1.2807887894015314e-11,-3.3000803509076627e-12,2.557436793552805e-11,-1.5248755309375224e-11,-1.3451278083593236e-12,1.8521230425224576e-11,1.602170188589829e-11,1.3769993068474302e-11,1.4666724027701165e-10,3.9515827156156744e-10,7.395709064203967e-10,2.88443962239421e-10,4.071401982803184e-10,3.8631142117629e-10,3.6540484750112536e-10,1.505275186782803e-09,9.190792790178328e-10,2.2064550538884958e-10,1.5038579089279702e-10,1.0890955288629758e-10,8.168263520849196e-11
388,-4.8289345063538605,-1.3741446746048835e-11,8.264003494543437e-12,-1.3294430158401795e-12,-2.960786918578731e-11,7.243864587695866e-12,2.0059594877800578e-11,2.572933368615561e-12,2.441118372059371e-11,1.4865168022935248e-10,3.546381785086835e-10,7.076153374869963e-10,3.449983050123207e-10,3.088250953643721e-10,3.631214554028574e-10,3.6540484750112536e-10,1.505275186782803e-09,9.190792790178328e-10,2.2064550538884958e-10,1.5038579089279702e-10,1.0890955288629758e-10,8.168263520849196e-11
389,-4.789833822091887,5.499715656872182e-12,9.199444521651731e-12,5.925714622475904e-12,7.966933523879022e-12,2.7016114065995164e-11,3.040967578043996e-11,2.1733475937992256e-11,2.3386025680269305e-12,1.2659603865271655e-10,4.504628500648892e-10,8.374245627399326e-10,3.6574395271604086e-10,3.1770362903079205e-10,2.583486097015276e-10,3.6540484750112536e-10,1.505275186782803e-09,9.190792790178328e-10,2.2064550538884958e-10,1.5038579089279702e-10,1.0890955288629758e-10,8.168263520849196e-11
390,-4.750733137829911,1.6233760281034789e-12,1.0301771741585351e-11,-1.1983181492712e-13,-6.383396868821568e-12,1.2326364762931857e-11,3.483717901917492e-11,-3.642824437470277e-11,-1.133916392032307e-11,1.4483525650821782e-10,3.3453623469084336e-10,9.40770092319996e-10,4.724052474393606e-10,4.2469963722695826e-10,3.9957918718752335e-10,3.6540484750112536e-10,1.505275186782803e-09,9.190792790178328e-10,2.2064550538884958e-10,1.5038579089279702e-10,1.0890955288629758e-10,8.168263520849196e-11
391,-4.711632453567936,-3.1331941581681786e-12,9.266575433796948e-12,5.0276034014194366e-11,1.160988343959661e-11,-5.115751935519166e-12,-1.1364573284261967e-11,4.41871975493848e-11,2.0923513260928564e-13,1.6056020211907008e-10,3.725806400891388e-10,5.376398681009026e-10,3.6506668337400304e-10,3.035120287386977e-10,4.122521858656792e-10,3.6540484750112536e-10,1.505275186782803e-09,9.190792790178328e-10,2.2064550538884958e-10,1.5038579089279702e-10,1.0890955288629758e-10,8.168263520849196e-11
392,-4.672531769305962,2.2524303177898205e-11,4.2071632731325464e-11,3.0804932552498175e-11,-7.564775443098399e-12,-2.8774693005926674e-11,1.4046672808932429e-11,-3.8961024673119545e-12,2.8206903515818144e-11,1.840224558909003e-10,2.81111635421836e-10,6.961337556504201e-10,2.568845911656165e-10,3.802147423151609e-10,2.8077158911957734e-10,3.9043714900656267e-10,1.204337973587677e-09,8.950250811752853e-10,2.0737177915661075e-10,1.215282821823769e-10,7.707256098458298e-11,1.188223417729684e-10
393,-4.633431085043989,4.0341286419223547e-13,-3.232949438762997e-12,3.155780259494406e-12,2.3603416904842185e-11,2.974024883491689e-11,2.1592940196728812e-11,2.949242911250322e-11,4.9064540638205844e-11,1.7491021881572574e-10,3.1982923211605974e-10,8.196869445500177e-10,2.699807655464994e-10,3.2207874506227877e-10,3.1099022412691396e-10,3.9043714900656267e-10,1.204337973587677e-09,8.950250811752853e-10,2.0737177915661075e-10,1.215282821823769e-10,7.707256098458298e-11,1.188223417729684e-10
394,-4.594330400782013,7.752679257707911e-12,2.5236831200069184e-11,-5.987199009054839e-12,2.3566400794493978e-11,2.1913537356171953e-11,-2.599911211925718e-12,-2.6303397093066122e-11,-1.490243509011925e-11,1.0919282023977376e-10,4.14541224489249e-10,7.02706624813137e-10,3.155450878810298e-10,3.367258317297693e-10,2.603016800688561e-10,3.9043714900656267e-10,1.204337973587677e-09,8.950250811752853e-10,2.0737177915661075e-10,1.215282821823769e-10,7.707256098458298e-11,1.188223417729684e-10
395,-4.555229716520038,-1.1646899550030111e-11,1.1004450446880571e-12,1.0317456534104367e-11,1.2345500209811873e-11,-9.548901699480508e-13,2.8046291240137182e-11,1.6036759286668883e-11,2.326399799405236e-11,1.1890202051914571e-10,4.017571774799716e-10,6.964537254183704e-10,2.470367373202267e-10,3.004942746536433e-10,3.6122610507211125e-10,3.9043714900656267e-10,1.204337973587677e-09,8.950250811752853e-10,2.0737177915661075e-10,1.215282821823769e-10,7.707256098458298e-11,1.188223417729684e-10
396,-4.516129032258064,2.021644280316071e-11,-1.0038267227505115e-12,1.6470286952487253e-11,-9.850049716595347e-13,1.0077792904079766e-11,4.61697553263104e-12,-1.0203271244402384e-11,5.1788361711082576e-11,1.0903314905180087e-10,2.494365105790438e-10,3.986980155425852e-10,2.9736359006221335e-10,2.98224685172751e-10,3.399666235648685e-10,3.9043714900656267e-10,1.204337973587677e-09,8.950250811752853e-10,2.0737177915661075e-10,1.215282821823769e-10,7.707256098458298e-11,1.188223417729684e-10
397,-4.47702834799609,3.861156749657024e-11,5.1602340071633293e-11,2.4214810118146563e-11,-6.819120405589203e-12,2.670555517367595e-11,4.976220021053537e-11,1.9152386477157725e-11,1.951470518489223e-11,1.0359240821468416e-10,3.2477088285424336e-10,7.195122526301339e-10,5.023641422822622e-10,2.7449735840687233e-10,3.8548169565077323e-10,3.615432515773042e-10,1.4067364187251408e-09,8.172661536690072e-10,1.301881698407273e-10,1.0873827495191506e-10,1.0777899304006859e-10,1.2197623985743902e-10
398,-4.437927663734115,2.8312619017597376e-11,2.4462629840219775e-11,-2.2594257352655712e-11,1.8359990757965754e-11,1.911850732529622e-11,6.465898877525989e-12,3.090531522475605e-11,-1.4719236713112035e-11,5.6217119733315005e-11,3.147592797746854e-10,8.397750857503287e-10,3.528846187023143e-10,3.2368988695222416e-10,3.9102783829365346e-10,3.615432515773042e-10,1.4067364187251408e-09,8.172661536690072e-10,1.301881698407273e-10,1.0873827495191506e-10,1.0777899304006859e-10,1.2197623985743902e-10
399,-4.3988269794721395,-2.7219388977420357e-11,2.24543490031407e-11,-3.224165954965961e-12,-2.081152383228296e-11,3.785493310439999e-11,2.8546322425502573e-13,1.1425430279433345e-11,-2.198066826763483e-12,7.602324836364673e-11,8.1327719722972e-10,7.356365330592396e-10,3.4405251202204387e-10,2.406549089306913e-10,2.8583495384791797e-10,3.615432515773042e-10,1.4067364187251408e-09,8.172661536690072e-10,1.301881698407273e-10,1.0873827495191506e-10,1.0777899304006859e-10,1.2197623985743902e-10
400,-4.359726295210166,-1.8338659440051268e-11,2.3796967244847205e-11,-2.4448199831027226e-11,-2.6477811986105866e-11,-1.5416268893607805e-11,-1.87000370602483e-11,1.7092032129045177e-11,8.187461707534918e-13,8.132941368059915e-11,7.362074595076642e-10,8.124145336398962e-10,3.9659029312070055e-10,2.3297688928551365e-10,4.501011587488096e-10,3.615432515773042e-10,1.4067364187251408e-09,8.172661536690072e-10,1.301881698407273e-10,1.0873827495191506e-10,1.0777899304006859e-10,1.2197623985743902e-10
401,-4.320625610948192,7.445571019664154e-12,-1.1242859294259802e-11,1.231318953723632e-11,2.9168067602910115e-11,1.8759639271922828e-11,-1.618105937808227e-11,3.0931038284569086e-11,8.203146499457137e-12,1.1578325636999952e-10,6.765149034430344e-10,7.92875673874477e-10,4.359305760788492e-10,2.3869399616712883e-10,3.209510084785514e-10,3.615432515773042e-10,1.4067364187251408e-09,8.172661536690072e-10,1.301881698407273e-10,1.0873827495191506e-10,1.0777899304006859e-10,1.2197623985743902e-10
402,-4.281524926686217,4.3951925660747045e-12,-1.686868068311778e-11,-1.3392930655758421e-11,-7.03870750111091e-12,3.597903191636554e-11,2.3512758803918795e-11,1.2542187508388846e-11,5.101321926412161e-12,1.0633818799713852e-10,8.673646358315726e-10,7.878273665468914e-10,4.014748512142035e-10,2.6411308465649725e-10,3.378018084981584e-10,4.4918297099330985e-10,1.1973350274135705e-09,8.386790324473858e-10,1.5351082895883146e-10,1.2369341094476525e-10,9.411691134428865e-11,1.2445255490381006e-10
403,-4.242424242424242,9.60850391047229e-13,1.3451905475684395e-11,1.0447326616325357e-11,1.906455163893201e-11,4.573685505223944e-12,-2.093731586865027e-11,-8.1648756056119e-12,5.119516285839861e-13,1.0379944747617363e-10,5.252049645736643e-10,7.02684352407685e-10,3.699299101495916e-10,2.622999226387092e-10,2.6356944974693286e-10,4.4918297099330985e-10,1.1973350274135705e-09,8.386790324473858e-10,1.5351082895883146e-10,1.2369341094476525e-10,9.411691134428865e-11,1.2445255490381006e-10
404,-4.203323558162268,8.540996930875646e-12,-1.8700037060248297e-11,-7.433336881420885e-12,2.2742949185797137e-12,1.0220210820929915e-12,1.4064867168274778e-11,-2.1286773046307693e-11,-7.588302631194946e-13,9.5430983263348e-11,5.144646460325281e-10,7.912579443715985e-10,3.694264283088451e-10,3.027400232497975e-10,3.8555070873795915e-10,4.4918297099330985e-10,1.1973350274135705e-09,8.386790324473858e-10,1.5351082895883146e-10,1.2369341094476525e-10,9.411691134428865e-11,1.2445255490381006e-10
405,-4.164222873900293,-2.6700849735988607e-11,1.371227303187481e-11,6.4803288865478774e-12,-3.578328570541126e-11,2.119329168379453e-12,-1.336030628722327e-11,4.759393448969383e-12,2.381578899559703e-12,9.29286314612385e-11,4.665338021992086e-10,6.304401979592062e-10,2.873642211208137e-10,2.5337653046568155e-10,3.7069595541735e-10,4.4918297099330985e-10,1.1973350274135705e-09,8.386790324473858e-10,1.5351082895883146e-10,1.2369341094476525e-10,9.411691134428865e-11,1.2445255490381006e-10
406,-4.125122189638319,-2.4955759717712672e-11,-1.4111294154253903e-11,2.8920875272415184e-11,6.473741273785433e-12,9.730845293075367e-12,-3.295688608924208e-11,-1.0823761637463462e-11,3.303374157272157e-11,9.528699686780874e-11,2.701912554624352e-10,6.817376256635745e-10,4.2827922058093684e-10,2.408365388283272e-10,4.5729075395418173e-10,4.4918297099330985e-10,1.1973350274135705e-09,8.386790324473858e-10,1.5351082895883146e-10,1.2369341094476525e-10,9.411691134428865e-11,1.2445255490381006e-10
407,-4.086021505376344,7.081997528517902e-12,3.6744449792418053e-11,-6.0442916540764034e-12,2.8772497134977347e-11,-1.3881668791523328e-11,-2.7862465472489425e-12,2.0678203095615684e-11,2.7934301821469637e-11,8.637646622477291e-11,2.838156936560842e-10,7.607494543982723e-10,4.57342200073731e-10,2.107000921338995e-10,4.822540423723904e-10,4.5713955255413986e-10,9.897775403133681e-10,1.0471048296627736e-09,1.3378437907476222e-10,1.3311056038708553e-10,7.82413917248959e-11,1.0018378909943557e-10
408,-4.0469208211143695,2.183636817698848e-11,4.3559805846919174e-12,2.372481719905518e-11,-3.9097796065256e-11,-9.748412260669358e-12,7.425808181120846e-12,2.890017134607865e-11,2.278153377560199e-11,8.659730810362107e-11,2.561229376397993e-10,7.610960883134023e-10,4.3817036445381887e-10,3.120665145910578e-10,3.239000631722858e-10,4.5713955255413986e-10,9.897775403133681e-10,1.0471048296627736e-09,1.3378437907476222e-10,1.3311056038708553e-10,7.82413917248959e-11,1.0018378909943557e-10
409,-4.007820136852395,2.755974897566235e-11,8.299137429901924e-12,-7.900116307522903e-12,5.8143525952159145e-12,3.485788294551152e-11,1.0931673010021365e-11,2.597401644419827e-13,-2.5175660509193954e-11,8.804030901758559e-11,2.3738713925252933e-10,6.322568106314403e-10,5.278331084118853e-10,2.9159880141129264e-10,3.158942313630006e-10,4.5713955255413986e-10,9.897775403133681e-10,1.0471048296627736e-09,1.3378437907476222e-10,1.3311056038708553e-10,7.82413917248959e-11,1.0018378909943557e-10
410,-3.9687194525904204,3.1705239643907167e-12,4.549844620656469e-12,2.810714823564913e-12,2.8300071183565124e-11,1.7080739078083796e-11,-1.7563830688623698e-11,4.187400434521096e-11,-2.5058024565045624e-11,9.752176610921668e-11,2.0993216469110868e-10,6.885319640970585e-10,6.152450846402356e-10,2.813456525265502e-10,3.0234602126106553e-10,4.5713955255413986e-10,9.897775403133681e-10,1.0471048296627736e-09,1.3378437907476222e-10,1.3311056038708553e-10,7.82413917248959e-11,1.0018378909943557e-10
411,-3.929618768328446,9.939453033765615e-12,5.331574680976435e-12,-2.4140777897109127e-11,-9.552666049800342e-12,7.713153580450908e-12,1.1355789812406514e-13,-1.1245996252661333e-11,-3.274984682758203e-12,1.0023649000242221e-10,2.1883548032963353e-10,6.741816337045288e-10,4.347466879376634e-10,3.6400733248577293e-10,4.296610508039323e-10,4.5713955255413986e-10,9.897775403133681e-10,1.0471048296627736e-09,1.3378437907476222e-10,1.3311056038708553e-10,7.82413917248959e-11,1.0018378909943557e-10
412,-3.8905180840664713,2.236180872722747e-11,-5.244994625309269e-13,1.4992779495083245e-11,8.108096656720383e-12,3.856388572735002e-11,-6.0675051468953204e-12,6.8900156677989e-12,3.359682562582409e-13,9.14633581419926e-11,3.105005449036796e-10,7.473333102495242e-10,6.150148318857566e-10,2.427334576384021e-10,3.124329113448762e-10,4.217753645055421e-10,8.169675152189543e-10,7.746819419174171e-10,1.5407861844893994e-10,9.257917428344464e-11,1.483536691710994e-10,1.4682220602731406e-10
413,-3.8514173998044967,3.546362963333527e-11,3.66108153598766e-11,4.1206459574763486e-11,1.1752301355849878e-11,2.2557241242392684e-11,-1.0378940921024309e-11,2.0112923172501275e-11,-2.380951507385126e-13,9.390140229474e-11,1.897831664957115e-10,7.110418372657643e-10,4.054220861052671e-10,2.6138298966664705e-10,4.5131578908326764e-10,4.217753645055421e-10,8.169675152189543e-10,7.746819419174171e-10,1.5407861844893994e-10,9.257917428344464e-11,1.483536691710994e-10,1.4682220602731406e-10
414,-3.812316715542522,9.633599579304122e-12,2.306417373715918e-11,2.554174356716368e-11,4.2557233908433206e-11,5.84478109288686e-12,3.190788716400957e-11,1.7691818595599133e-11,2.1442679884215938e-11,9.908679470905744e-11,3.710839971848549e-10,6.731182047701039e-10,4.445612900229403e-10,2.574094043240219e-10,5.004173458319325e-10,4.217753645055421e-10,8.169675152189543e-10,7.746819419174171e-10,1.5407861844893994e-10,9.257917428344464e-11,1.483536691710994e-10,1.4682220602731406e-10
415,-3.7732160312805476,-2.6491614603464818e-12,-1.171465785383833e-11,3.444254963886505e-11,1.671936145797205e-11,-3.4035999815674745e-12,-2.2115557484184253e-12,3.372418614054015e-11,3.6802169828932216e-11,1.5711331210992513e-10,1.9998518295678735e-10,6.462081199016763e-10,5.050220872264054e-10,2.7607336636162987e-10,4.1004690403424276e-10,4.217753645055421e-10,8.169675152189543e-10,7.746819419174171e-10,1.5407861844893994e-10,9.257917428344464e-11,1.483536691710994e-10,1.4682220602731406e-10
416,-3.734115347018573,-1.8009906188474513e-11,3.8888874628691474e-11,-2.4443180698914888e-12,-2.1960278038110208e-11,4.8666774299494535e-12,-1.7526187186441737e-11,-5.615155730156549e-12,-8.681532672053902e-12,9.770716035708796e-11,2.3372254432302283e-10,6.586828628020461e-10,4.5303296017080705e-10,4.202354315736637e-10,4.568584810716982e-10,4.217753645055421e-10,8.169675152189543e-10,7.746819419174171e-10,1.5407861844893994e-10,9.257917428344464e-11,1.483536691710994e-10,1.4682220602731406e-10
417,-3.6950146627565985,1.188593578839135e-11,2.935252076315857e-11,1.5501594165095292e-11,-2.9998734215862335e-12,2.0979978504308728e-11,-2.6162861351802674e-11,5.684043338873282e-11,2.1494439700057578e-12,9.198283847096176e-11,1.6686015589147904e-10,7.008514275512684e-10,5.320102823618094e-10,3.073554303031424e-10,4.1417827838976607e-10,4.0108524096747215e-10,7.934114663877477e-10,6.36060372822839e-10,1.0414953204569901e-10,1.0646147046646068e-10,9.831227965338483e-11,1.2817110551975748e-10
418,-3.655913978494624,-1.8059470132769747e-12,2.16763832931412e-11,4.51847503544793e-12,-5.044856673224409e-12,-1.2555990125832885e-11,1.809397667655026e-11,3.602796846916799e-11,-1.2096112007429643e-12,1.0720681180806162e-10,2.3257975033829486e-10,6.566190577993169e-10,4.943959539749713e-10,4.405397092151354e-10,4.228610658453168e-10,4.0108524096747215e-10,7.934114663877477e-10,6.36060372822839e-10,1.0414953204569901e-10,1.0646147046646068e-10,9.831227965338483e-11,1.2817110551975748e-10
419,-3.6168132942326494,-3.0743448165833837e-11,2.4116937012712153e-11,-4.109039210981595e-11,1.707728842380806e-11,-2.457806991341867e-11,1.1529577301841308e-11,-2.8854371752018596e-11,-1.2944972980747348e-11,1.4540273230219628e-10,2.5030983982782463e-10,5.292572875748438e-10,5.647058598072382e-10,4.914205488298718e-10,3.107715781189126e-10,4.0108524096747215e-10,7.934114663877477e-10,6.36060372822839e-10,1.0414953204569901e-10,1.0646147046646068e-10,9.831227965338483e-11,1.2817110551975748e-10
420,-3.577712609970675,2.156690344120344e-11,8.386972268042387e-12,-6.4345292924879646e-12,-6.397199486265431e-12,1.642197779143329e-11,1.349707767833676e-11,-7.813536252708924e-12,2.342523766148194e-11,1.4751766972867725e-10,2.5556204945841283e-10,5.425259946736064e-10,6.507005581814371e-10,3.7173868042548104e-10,3.245092605147262e-10,4.0108524096747215e-10,7.934114663877477e-10,6.36060372822839e-10,1.0414953204569901e-10,1.0646147046646068e-10,9.831227965338483e-11,1.2817110551975748e-10
421,-3.5386119257087003,2.507684631536943e-12,-9.142979268719885e-12,3.110859013609562e-11,-2.0403719226192235e-11,3.716856658269097e-11,7.274606780985328e-12,-1.289289947005539e-12,7.433650577380363e-12,1.7433741019205537e-10,1.9226857872197548e-10,4.1994181225736017e-10,3.114124587420096e-10,3.8270140932483663e-10,3.6662481066512186e-10,4.0108524096747215e-10,7.934114663877477e-10,6.36060372822839e-10,1.0414953204569901e-10,1.0646147046646068e-10,9.831227965338483e-11,1.2817110551975748e-10
422,-3.4995112414467258,6.125538879309505e-12,2.6750099984580162e-11,7.807889727313352e-12,-5.625821389028425e-12,3.9526304597597975e-11,2.311561985678526e-11,3.2235385632175422e-12,1.2312562146170173e-12,1.2713935986625333e-10,1.8689998793073597e-10,4.821844018935754e-10,4.02880836017564e-10,3.616477122957057e-10,5.006011716005178e-10,3.7175405152217697e-10,8.526886891459527e-10,8.208466781105911e-10,1.0248694403641736e-10,1.0988891133276101e-10,7.641819143978665e-11,2.5107964944575856e-10
423,-3.460410557184751,5.294872266297839e-12,2.6750099984580162e-11,4.177864080659995e-11,2.0698593325992706e-11,-8.858770828985082e-13,2.311561985678526e-11,-1.7475368458734744e-11,1.5152764379015856e-11,1.3393432569131545e-10,1.8840761018976625e-10,3.9255616447886325e-10,4.6187479142258234e-10,4.371957114452425e-10,4.188783833229352e-10,3.7175405152217697e-10,8.526886891459527e-10,8.208466781105911e-10,1.0248694403641736e-10,1.0988891133276101e-10,7.641819143978665e-11,2.5107964944575856e-10
424,-3.4213098729227767,-1.1705246978250204e-11,-1.6623370527868248e-11,-1.4379817802663295e-11,-8.10307752298814e-12,-1.4709825837651797e-11,2.0005011799602207e-11,-1.924084870704667e-11,1.2237275141294344e-11,1.2812781549235898e-10,1.6872005859103506e-10,5.282186406126091e-10,4.930276126736224e-10,3.6084998374690723e-10,3.5852236053371175e-10,3.7175405152217697e-10,8.526886891459527e-10,8.208466781105911e-10,1.0248694403641736e-10,1.0988891133276101e-10,7.641819143978665e-11,2.5107964944575856e-10
425,-3.382209188660802,3.654870358137839e-12,6.895034801104778e-13,-1.1136202704857856e-11,1.698663032296968e-12,2.600789560134667e-11,1.1689562185773862e-11,-8.274041761837448e-12,-1.285588335910979e-11,1.5648278344974068e-10,1.8616092050607452e-10,5.706660809732389e-10,6.583117606105145e-10,3.7635251899962525e-10,3.2711638673099215e-10,3.7175405152217697e-10,8.526886891459527e-10,8.208466781105911e-10,1.0248694403641736e-10,1.0988891133276101e-10,7.641819143978665e-11,2.5107964944575856e-10
426,-3.3431085043988276,2.234894719723571e-11,2.5861085943280205e-11,-1.4605678815073284e-11,2.1704302223818215e-11,-1.1360181542329254e-11,2.3689055871948136e-11,1.4106275020436321e-11,9.738687689334871e-12,1.2870595694546546e-10,1.5828653459215356e-10,5.419211890732348e-10,5.690706238758126e-10,3.2208846963378375e-10,3.3119192322516143e-10,3.7175405152217697e-10,8.526886891459527e-10,8.208466781105911e-10,1.0248694403641736e-10,1.0988891133276101e-10,7.641819143978665e-11,2.5107964944575856e-10
427,-3.304007820136853,8.249887181242216e-12,4.537171308206287e-11,7.645395276727876e-12,3.0243730675407845e-11,1.1719676987314832e-12,1.8150441928629394e-12,7.507996493865865e-12,3.122685347199234e-11,1.6398387863505513e-10,1.84206909051234e-10,4.536848201487356e-10,4.3820549838909217e-10,4.2793635101595656e-10,4.414707585005159e-10,3.7175405152217697e-10,8.526886891459527e-10,8.208466781105911e-10,1.0248694403641736e-10,1.0988891133276101e-10,7.641819143978665e-11,2.5107964944575856e-10
428,-3.2649071358748785,7.480704955022647e-12,-2.14448757551652e-11,2.975216927711561e-11,1.736369273568577e-11,8.792267307394899e-12,-2.069765223828372e-12,-8.469787973899983e-14,4.2228166960896944e-11,1.9261646742060272e-10,1.7416581856171342e-10,3.117252135053637e-10,6.150383590747053e-10,3.8308254978357695e-10,4.204048273331416e-10,3.5149996521673194e-10,6.08766951624637e-10,7.139002338587199e-10,1.219053445950417e-10,1.166986208628098e-10,1.0118447886359701e-10,1.8145673752684698e-10
429,-3.225806451612904,4.027854724829602e-12,-5.232446792044888e-12,-6.146556501238892e-12,8.231692821882635e-12,3.675009631769418e-11,2.659450684254613e-11,1.1006960014214846e-11,2.534160561422571e-11,1.7653579071469308e-10,1.4156309508798682e-10,4.258634488336414e-10,5.730545611815206e-10,4.6216339160540934e-10,3.3718853310976175e-10,3.5149996521673194e-10,6.08766951624637e-10,7.139002338587199e-10,1.219053445950417e-10,1.166986208628098e-10,1.0118447886359701e-10,1.8145673752684698e-10
430,-3.1867057673509294,-3.64436154713563e-11,2.4531015541997336e-13,-1.1070953967787858e-11,3.536607022360452e-12,2.0689496146372658e-11,3.657066229035907e-12,1.318714617776583e-11,-1.20584685067819e-12,1.8633972714109784e-10,1.5012856029517855e-10,5.6119340736549e-10,6.447403370156069e-10,4.261354231362414e-10,4.401595098439327e-10,3.5149996521673194e-10,6.08766951624637e-10,7.139002338587199e-10,1.219053445950417e-10,1.166986208628098e-10,1.0118447886359701e-10,1.8145673752684698e-10
431,-3.147605083088955,3.677801524835413e-11,-1.1873387954273812e-11,-1.3440612425234328e-11,-3.733545277531143e-11,-6.462134527375773e-13,2.1648778058253254e-11,3.499088998596353e-11,-1.0314319575702841e-11,1.8207816900747955e-10,1.558152386792079e-10,3.211084837956861e-10,6.575686151397435e-10,3.177440957955014e-10,3.7641776773661e-10,3.5149996521673194e-10,6.08766951624637e-10,7.139002338587199e-10,1.219053445950417e-10,1.166986208628098e-10,1.0118447886359701e-10,1.8145673752684698e-10
432,-3.1085043988269803,4.879225263998733e-12,-7.88066716485394e-12,4.1501961065289115e-12,-6.979732681525931e-13,8.09648991022563e-12,5.1911644180455794e-11,3.8976709466832004e-11,3.410752247014433e-11,2.393571491957631e-10,1.5329563360520818e-10,5.452043298480416e-10,6.852811339947421e-10,2.525668814746847e-10,3.9573829518991925e-10,3.5149996521673194e-10,6.08766951624637e-10,7.139002338587199e-10,1.219053445950417e-10,1.166986208628098e-10,1.0118447886359701e-10,1.8145673752684698e-10
433,-3.0694037145650057,-1.2993282141784279e-11,-1.6525497422263264e-11,2.107345986784473e-11,1.4343742779690588e-11,2.702615233334078e-11,5.6555597556396713e-11,1.958026761775123e-11,4.0736543190089156e-12,2.0090242962463846e-10,1.8589051468267533e-10,5.426737454193808e-10,6.573882400255193e-10,2.3773534164686037e-10,3.5422692324823177e-10,5.094257495804882e-10,5.63124832718936e-10,5.410588391792853e-10,1.094679315009168e-10,1.322441324470606e-10,1.2782604008392182e-10,2.1824510473831822e-10
434,-3.030303030303031,1.4337468862648882e-11,2.031557069209224e-11,-1.7838000862258252e-11,1.030302652498858e-11,-3.6833539413953204e-11,2.487670836336917e-11,1.8500526499058757e-11,6.935187870451409e-12,1.4410089452124384e-10,1.5336464669242825e-10,3.9486057419923964e-10,5.679253203243461e-10,3.9576056759520077e-10,3.6082959351653025e-10,5.094257495804882e-10,5.63124832718936e-10,5.410588391792853e-10,1.094679315009168e-10,1.322441324470606e-10,1.2782604008392182e-10,2.1824510473831822e-10
435,-2.9912023460410566,2.0069005753354248e-11,3.493316994953448e-12,-1.0066499853459369e-11,3.679495482431895e-11,-3.6357349112578424e-12,1.957901283442475e-11,3.170586703616706e-11,4.761306993631864e-11,2.191774088070764e-10,1.189936197076919e-10,3.5991046467368925e-10,5.26735800325684e-10,3.7619755324942497e-10,4.2357315542666835e-10,5.094257495804882e-10,5.63124832718936e-10,5.410588391792853e-10,1.094679315009168e-10,1.322441324470606e-10,1.2782604008392182e-10,2.1824510473831822e-10
436,-2.952101661779082,-7.914546316732446e-12,-8.507431474717886e-12,5.019133612899613e-13,-1.1574122112557796e-11,3.602734107732404e-11,9.378251156675471e-12,2.667104863023667e-11,-6.2638787495129104e-12,2.473388264245384e-10,1.7645893523129892e-10,3.261279311050568e-10,5.120780479992362e-10,4.288087391772e-10,4.33799326468186e-10,5.094257495804882e-10,5.63124832718936e-10,5.410588391792853e-10,1.094679315009168e-10,1.322441324470606e-10,1.2782604008392182e-10,2.1824510473831822e-10
437,-2.9130009775171075,5.092224746706837e-12,-1.0432896607303374e-11,-2.7545005270510417e-11,6.7871234287839145e-12,-1.0889010374359443e-11,4.9489912211975885e-11,9.504356888746368e-12,-2.0054575743812483e-12,2.3499583578155e-10,1.7444877221905973e-10,3.696089992941893e-10,5.472198256897169e-10,4.495248994708721e-10,3.154161588863463e-10,5.094257495804882e-10,5.63124832718936e-10,5.410588391792853e-10,1.094679315009168e-10,1.322441324470606e-10,1.2782604008392182e-10,2.1824510473831822e-10
438,-2.873900293255133,-6.518599780819399e-13,2.7845525895791623e-11,-2.7762082799379136e-11,1.3604989050894895e-12,6.03362599510212e-12,-4.4983985008594665e-13,6.766419502551459e-12,-3.102451964810512e-11,2.7611383312633904e-10,1.7861371203065533e-10,1.8295620369386285e-10,5.159766600336273e-10,4.098332771598203e-10,4.83348840891751e-10,4.2228355178387383e-10,7.531555052410849e-10,5.086898191143988e-10,3.8308537304671794e-11,1.432592485534774e-10,6.499527072732344e-11,1.787489149424317e-10
439,-2.8347996089931584,2.0667223740912093e-11,-3.707884956947536e-12,-1.0818115112119051e-11,-6.0016290183070955e-12,3.817364808871684e-11,7.639121359754494e-12,1.5553040284721297e-11,6.436725163351897e-12,2.805968605306393e-10,1.4938447373704054e-10,4.495672484106562e-10,5.35640684443495e-10,3.823456782299499e-10,4.2719602880805386e-10,4.2228355178387383e-10,7.531555052410849e-10,5.086898191143988e-10,3.8308537304671794e-11,1.432592485534774e-10,6.499527072732344e-11,1.787489149424317e-10
440,-2.795698924731184,-2.095739240294837e-11,1.3953818837093664e-11,-2.7918930724398658e-12,1.5323728617667262e-11,-1.88161045250764e-11,-5.846663267961901e-12,2.5011597579237176e-11,-2.223727147435717e-11,2.5230337695992225e-10,1.9030358791230348e-10,3.228218905330498e-10,6.494605184832787e-10,4.695449686714153e-10,3.8658370917478984e-10,4.2228355178387383e-10,7.531555052410849e-10,5.086898191143988e-10,3.8308537304671794e-11,1.432592485534774e-10,6.499527072732344e-11,1.787489149424317e-10
441,-2.7565982404692093,1.9065806422403416e-11,7.656060935599884e-12,-1.2898545994853577e-11,-1.1187335128510716e-11,-1.248446747172966e-11,-2.5167190721100772e-11,-2.336783132075671e-11,2.9995597257290075e-11,3.4069910337652034e-10,1.6884836019405528e-10,1.8263560653441985e-10,5.991916994735957e-10,4.011881332065367e-10,4.038962694868092e-10,4.2228355178387383e-10,7.531555052410849e-10,5.086898191143988e-10,3.8308537304671794e-11,1.432592485534774e-10,6.499527072732344e-11,1.787489149424317e-10
442,-2.7174975562072348,7.226297619965491e-12,1.1797473558365967e-11,-5.0617962491722284e-12,-2.980424278837422e-12,2.1111730761434224e-12,-1.2466900504195301e-11,-8.703805077505876e-12,2.0536098875236802e-11,3.276305342306105e-10,2.0275009818603645e-10,4.6558236268370693e-10,6.629707713870554e-10,3.499951662202802e-10,4.100889392782381e-10,4.2228355178387383e-10,7.531555052410849e-10,5.086898191143988e-10,3.8308537304671794e-11,1.432592485534774e-10,6.499527072732344e-11,1.787489149424317e-10
443,-2.67839687194526,-2.419191032097174e-11,-9.445382068769232e-12,1.8573931328262488e-11,1.499121101580584e-11,-1.1369592417908849e-11,-3.1666341358910075e-11,2.7447759556739115e-11,1.1743831567927096e-11,2.435362053205917e-10,2.2683629300528875e-10,4.073648045094871e-10,7.385284951080974e-10,4.5056135056190173e-10,3.9059117366927655e-10,3.7303330320193955e-10,6.894137631337623e-10,5.029654972283578e-10,1.1091595154838677e-10,9.106214114874952e-11,9.13457221978443e-11,1.361327062141237e-10
444,-2.6392961876832857,1.5111670222532475e-11,1.1786807899493941e-11,-2.3488290527534487e-11,-2.3507425974434948e-11,5.637553613792741e-11,1.2960657773266406e-11,-1.0005642858458311e-11,7.437414927530365e-12,3.73234695938187e-10,2.0782569705272104e-10,1.9579734334816167e-10,2.7583119316469665e-10,2.433100306122223e-10,3.4708783307469236e-10,3.7303330320193955e-10,6.894137631337623e-10,5.029654972283578e-10,1.1091595154838677e-10,9.106214114874952e-11,9.13457221978443e-11,1.361327062141237e-10
445,-2.600195503421311,2.7191156351124944e-12,2.2769927029107196e-11,1.7184258709067213e-11,4.638306850524985e-12,-3.331512675091822e-11,-2.5467711346467263e-11,-1.5041716047715296e-11,-1.546865610094175e-11,3.4680174245885954e-10,2.374498784226906e-10,2.9708628293000683e-10,2.9528441396283934e-10,5.137465962299069e-10,3.122252446914933e-10,3.7303330320193955e-10,6.894137631337623e-10,5.029654972283578e-10,1.1091595154838677e-10,9.106214114874952e-11,9.13457221978443e-11,1.361327062141237e-10
446,-2.5610948191593366,1.803531555235273e-11,2.0582212165375576e-11,1.660517616837232e-11,1.4983996011232162e-11,2.3330815210374335e-11,-2.4535407277589562e-11,6.191101312313407e-12,8.569543253301105e-12,2.3784450780300065e-10,2.2792607239118999e-10,2.1912941334181133e-10,3.2117561470774575e-10,3.949176668440907e-10,4.28279220581022e-10,3.7303330320193955e-10,6.894137631337623e-10,5.029654972283578e-10,1.1091595154838677e-10,9.106214114874952e-11,9.13457221978443e-11,1.361327062141237e-10
447,-2.521994134897362,9.788565329635658e-12,2.721625201910429e-12,4.2694632691056483e-11,1.9982425698517753e-11,4.7592052314414765e-11,4.542190441836232e-11,-1.0662521970033861e-11,1.7880663498087379e-12,2.7367390679851686e-10,2.637614316076347e-10,5.411959242661024e-10,2.4472573998700245e-10,3.619705053260979e-10,3.779595828434612e-10,3.7303330320193955e-10,6.894137631337623e-10,5.029654972283578e-10,1.1091595154838677e-10,9.106214114874952e-11,9.13457221978443e-11,1.361327062141237e-10
448,-2.4828934506353875,7.0907810123728674e-12,2.2673936098747695e-11,-1.7874389580772734e-12,8.535977797229486e-12,6.520481955570471e-12,1.792458091792454e-12,1.082376163729288e-11,3.16873589809503e-11,3.3299975241342787e-10,3.0238429215491073e-10,1.5713307494863894e-10,3.635173395665961e-10,4.0503404433780493e-10,5.307307169862237e-10,5.246356066044404e-10,5.360792312429603e-10,4.543796564584525e-10,1.460900399114428e-10,1.2848354658722877e-10,1.0923077743765954e-10,1.1575690591860847e-10
449,-2.443792766373413,-1.5553040284692294e-11,-6.386847523097171e-12,7.661080069223032e-12,-6.369907947187726e-12,-1.6736928425753583e-11,-1.4515961801687208e-11,-1.280380984790582e-11,1.547932175964326e-11,3.840895134648142e-10,4.0227791259226733e-10,2.172535121539473e-10,2.1666156808322663e-10,3.1645198258579793e-10,4.211997326191571e-10,5.246356066044404e-10,5.360792312429603e-10,4.543796564584525e-10,1.460900399114428e-10,1.2848354658722877e-10,1.0923077743765954e-10,1.1575690591860847e-10
450,-2.4046920821114384,3.470448567430804e-11,2.589120074500871e-11,2.2517715565019753e-11,2.047147752998343e-11,-2.956144219980836e-11,1.6285206400490377e-11,1.3433083724729723e-11,-2.944662951810217e-12,4.959111049346428e-10,3.0798344939658867e-10,2.395670117198651e-10,2.570339103905918e-10,3.1780652126970303e-10,4.0570974520055655e-10,5.246356066044404e-10,5.360792312429603e-10,4.543796564584525e-10,1.460900399114428e-10,1.2848354658722877e-10,1.0923077743765954e-10,1.1575690591860847e-10
451,-2.365591397849464,1.2726640668573391e-11,-3.156407651140656e-12,3.658948404242235e-12,4.585919643433096e-12,9.40397421648836e-12,6.2005121878588605e-12,1.6963416830065524e-11,-3.3904247558804774e-11,4.663029220529809e-10,3.4009304299273704e-10,2.1724661084514012e-10,2.349970905649616e-10,2.4121266015359105e-10,5.080765437260193e-10,5.246356066044404e-10,5.360792312429603e-10,4.543796564584525e-10,1.460900399114428e-10,1.2848354658722877e-10,1.0923077743765954e-10,1.1575690591860847e-10
452,-2.3264907135874893,-7.952503514643772e-12,-2.094672674400817e-11,3.7456539373762676e-11,-2.4672178668617892e-12,1.8400143826766694e-11,-2.326995821446898e-12,8.991150476784727e-12,-2.006963314509425e-11,3.8408072998101716e-10,2.2269707625350608e-10,2.0389634282504027e-10,2.3126097298141165e-10,2.1426744134971986e-10,6.243309712640192e-10,5.246356066044404e-10,5.360792312429603e-10,4.543796564584525e-10,1.460900399114428e-10,1.2848354658722877e-10,1.0923077743765954e-10,1.1575690591860847e-10
453,-2.2873900293255147,6.425432112757002e-12,1.371290042362332e-11,1.548967372281325e-11,2.7312556645124764e-11,-3.158352565424611e-11,3.3258034105504514e-12,1.1566593412189608e-11,2.245497639480401e-11,4.4839308484097564e-10,3.0130141407781674e-10,2.1081615959876165e-10,2.929156965931009e-10,2.722669809073629e-10,4.5415818718777044e-10,4.210482175231985e-10,7.550659129727296e-10,2.607766155869895e-10,1.1839320584913368e-10,1.073015479550264e-10,1.550253525268394e-10,8.829032461060776e-11
454,-2.24828934506354,-5.306165316943885e-12,-9.565213883795117e-12,5.601980504290442e-12,2.5342233005974157e-11,-8.477316673176886e-12,3.327434629028356e-11,-7.00169139067744e-13,-3.2483205354077884e-12,5.143423046506924e-10,2.894048126304682e-10,2.2069475563752637e-10,3.103741254757343e-10,2.96559901292486e-10,5.205045459446208e-10,4.210482175231985e-10,7.550659129727296e-10,2.607766155869895e-10,1.1839320584913368e-10,1.073015479550264e-10,1.550253525268394e-10,8.829032461060776e-11
455,-2.2091886608015656,2.16716778553173e-11,-6.8824869674256024e-12,1.4647714059153803e-11,7.60461481609325e-12,5.6534893630196653e-11,-1.5861089610217325e-11,2.8681839034070907e-11,3.962919683667934e-12,5.851431444895029e-10,2.64892618845868e-10,1.6520635136587505e-10,4.096252968106229e-10,3.379696357783333e-10,4.420046688386776e-10,4.210482175231985e-10,7.550659129727296e-10,2.607766155869895e-10,1.1839320584913368e-10,1.073015479550264e-10,1.550253525268394e-10,8.829032461060776e-11
456,-2.170087976539591,-5.807451286570633e-12,6.448331909899522e-12,-3.6123959399420106e-11,-3.163716764480427e-11,-1.48472246203433e-11,9.850677108002275e-12,-9.437853368366927e-12,-1.7657939443567228e-12,5.62053561388405e-10,2.226010853231466e-10,1.6797879529559486e-10,3.346588897685533e-10,3.657125831307472e-10,4.0142842422822435e-10,4.210482175231985e-10,7.550659129727296e-10,2.607766155869895e-10,1.1839320584913368e-10,1.073015479550264e-10,1.550253525268394e-10,8.829032461060776e-11
457,-2.1309872922776165,-4.693203624438664e-12,7.1629310580557575e-12,-7.571363055877945e-12,1.2412003730225392e-11,2.2660133481303704e-11,1.7242606137261752e-11,-1.0045168535596014e-11,3.16675961424068e-12,6.572084923029582e-10,1.798396354157511e-10,2.1786647384645265e-10,2.264090392563585e-10,3.150726619296176e-10,3.2197083368963545e-10,4.210482175231985e-10,7.550659129727296e-10,2.607766155869895e-10,1.1839320584913368e-10,1.073015479550264e-10,1.550253525268394e-10,8.829032461060776e-11
458,-2.091886608015642,2.1971257393026777e-12,8.44531969635629e-12,-6.888760884472402e-12,-7.951876122937886e-12,-3.846538523101954e-12,-3.5585657320234458e-12,4.828406536182621e-12,2.9797655175386614e-11,5.54658809096533e-10,2.720699799131674e-10,1.6799949922176073e-10,2.6922915028797605e-10,3.730508701696019e-10,3.708261391954026e-10,4.174356961048961e-10,7.196866675232589e-10,3.200927366305831e-10,1.239280554411939e-10,1.048980103459571e-10,1.4814725730140956e-10,1.1098308246061702e-10
459,-2.0527859237536674,1.6048679729012183e-11,-3.0610441124614553e-12,2.8477309339473103e-12,1.674226125519808e-11,3.650227659539951e-11,-2.089841758416404e-12,-6.068132538647104e-12,4.2097983183739165e-12,5.389730754669783e-10,2.436340784261115e-10,1.278169429040801e-10,2.306197786622699e-10,2.6000147313951735e-10,5.295258112229978e-10,4.174356961048961e-10,7.196866675232589e-10,3.200927366305831e-10,1.239280554411939e-10,1.048980103459571e-10,1.4814725730140956e-10,1.1098308246061702e-10
460,-2.013685239491693,-3.9453527160056976e-12,-1.001505373393566e-11,2.419410619191248e-11,-9.967371964579005e-12,3.567537433259752e-11,2.4849103128481104e-11,1.7373731002966123e-11,-8.896100633928642e-12,5.844116057653971e-10,3.4135033596287076e-10,1.7134663395022572e-10,2.3914258123380314e-10,4.3208466494749576e-10,3.9721141090542475e-10,4.174356961048961e-10,7.196866675232589e-10,3.200927366305831e-10,1.239280554411939e-10,1.048980103459571e-10,1.4814725730140956e-10,1.1098308246061702e-10
461,-1.9745845552297148,3.036607205722656e-11,-2.8926521797691267e-11,3.317961014338695e-11,-2.015527211233663e-11,3.7400701512245016e-11,-8.32235092272098e-12,1.7289660514924487e-11,-8.210675200012972e-12,5.880043643451564e-10,3.578385035789116e-10,1.9626694603679087e-10,2.46639598373008e-10,2.6497072911267396e-10,4.287958776472083e-10,4.174356961048961e-10,7.196866675232589e-10,3.200927366305831e-10,1.239280554411939e-10,1.048980103459571e-10,1.4814725730140956e-10,1.1098308246061702e-10
462,-1.9354838709677402,-1.0310241529593357e-11,2.0602288699827182e-11,1.8307917246710584e-11,2.995795375391578e-13,2.4706057820394183e-11,-3.877908108139973e-12,6.45460582690542e-12,-1.5397133446813055e-11,6.707234506448485e-10,3.4263586155955566e-10,1.800909057923556e-10,3.046008670368909e-10,4.0769104819441086e-10,3.8703260793742354e-10,4.174356961048961e-10,7.196866675232589e-10,3.200927366305831e-10,1.239280554411939e-10,1.048980103459571e-10,1.4814725730140956e-10,1.1098308246061702e-10
463,-1.8963831867057657,-7.193359555624465e-12,2.3771871576271326e-12,1.478574023354266e-11,1.0129866415343538e-11,3.458120320505352e-11,9.344372004813833e-12,3.6825383321836526e-11,9.596269773081706e-12,6.227298676412824e-10,3.1087101970354785e-10,1.6800483205111153e-10,4.4028216492164266e-10,4.068054848074718e-10,5.189326160360582e-10,3.9694194616946067e-10,5.10521802883397e-10,3.851112208508794e-10,1.1061041178962902e-10,1.2430198089550835e-10,1.3692447454156718e-10,1.359262943442122e-10
464,-1.8572825024437911,-1.328156862872857e-11,3.68285202803744e-11,1.809460406817942e-11,1.7499523039133912e-11,1.9424047084139283e-11,2.2083560507398103e-11,1.9097803399198448e-11,3.9926894199092514e-11,6.03288880981383e-10,2.965184934400688e-10,1.0428191169479458e-10,3.4850071918694535e-10,3.0984680275059085e-10,4.156614323726508e-10,3.9694194616946067e-10,5.10521802883397e-10,3.851112208508794e-10,1.1061041178962902e-10,1.2430198089550835e-10,1.3692447454156718e-10,1.359262943442122e-10
465,-1.8181818181818166,2.6718730399491045e-11,1.0953004327935824e-11,-1.5263812710179897e-11,1.3932801215002283e-11,1.043226921555491e-11,6.664782046966827e-12,-2.494258449200012e-11,-8.31199895972305e-12,6.303818505308581e-10,2.6407324528345115e-10,1.5161108688622947e-10,4.2598924086975293e-10,3.722362020449578e-10,4.033902780794949e-10,3.9694194616946067e-10,5.10521802883397e-10,3.851112208508794e-10,1.1061041178962902e-10,1.2430198089550835e-10,1.3692447454156718e-10,1.359262943442122e-10
466,-1.779081133919842,2.3907074488431164e-11,-1.691448027717764e-12,-7.407613821727263e-12,1.8939700690358014e-11,2.5780152413861664e-11,2.8263996160839966e-12,5.718675360850037e-12,1.9440672964025247e-11,6.854285710446423e-10,4.205271687150627e-10,3.423613776901321e-10,2.7521979995130687e-10,3.8183560877644104e-10,4.64991359700694e-10,3.9694194616946067e-10,5.10521802883397e-10,3.851112208508794e-10,1.1061041178962902e-10,1.2430198089550835e-10,1.3692447454156718e-10,1.359262943442122e-10
467,-1.7399804496578675,-7.76271752496781e-12,-2.7696834062360267e-11,1.4194109858798445e-11,3.616034811804202e-11,3.134950854961706e-11,-2.294685148905583e-11,1.7452782357340304e-11,3.016656149613934e-11,6.907874372645472e-10,4.4609683121281804e-10,1.6532053665557706e-10,3.088837564883386e-10,5.156755120167681e-10,4.846142899541038e-10,3.9694194616946067e-10,5.10521802883397e-10,3.851112208508794e-10,1.1061041178962902e-10,1.2430198089550835e-10,1.3692447454156718e-10,1.359262943442122e-10
468,-1.700879765395893,-7.243237195947569e-13,-2.7696834062360267e-11,2.5468338738045178e-11,1.2207160339582794e-11,2.2312558478721288e-11,-2.294685148905583e-11,-1.3595578175451687e-11,9.579330197150825e-12,6.307193872664876e-10,3.437792829358617e-10,1.296191255672923e-10,3.18392505119154e-10,4.433698731814546e-10,3.987061716348042e-10,3.9694194616946067e-10,5.10521802883397e-10,3.851112208508794e-10,1.1061041178962902e-10,1.2430198089550835e-10,1.3692447454156718e-10,1.359262943442122e-10
469,-1.6617790811339184,1.87828527649123e-11,-5.152768045884736e-12,1.464457710063296e-11,-1.9518155838912553e-12,8.112802094407923e-12,1.0257226930681267e-11,-8.747095104793417e-12,2.2387218091080873e-11,6.703281938727904e-10,4.3561907609890707e-10,1.3433083724687094e-10,4.1859542966550377e-10,4.896710670696119e-10,4.1901421362634065e-10,4.1215368536843653e-10,5.484764912682554e-10,3.134800280949911e-10,8.952377669625934e-11,1.0814727196898759e-10,1.003450287667287e-10,1.8222529236150558e-10
470,-1.6226783968719438,1.794152049283251e-11,-2.3949423428258033e-11,2.5010342795791363e-11,1.7135635852156005e-11,1.386661139058236e-11,3.2426112709567087e-11,-5.26256159365425e-12,2.4087135906874952e-11,5.549966595278665e-10,3.9530915926599925e-10,1.452600006900689e-10,3.9707307103519584e-10,4.328020873583685e-10,3.993461111702785e-10,4.1215368536843653e-10,5.484764912682554e-10,3.134800280949911e-10,8.952377669625934e-11,1.0814727196898759e-10,1.003450287667287e-10,1.8222529236150558e-10
471,-1.5835777126099693,1.423269444846681e-11,3.604428065324798e-11,2.435785542606317e-11,-3.509472331275305e-11,4.272537488449466e-13,-1.6400019081600893e-12,1.567349949141392e-11,1.549312437717262e-11,7.013216576315609e-10,3.435484027897195e-10,1.7309046918500466e-10,3.1861773874007147e-10,4.133877648456491e-10,5.775278640144865e-10,4.1215368536843653e-10,5.484764912682554e-10,3.134800280949911e-10,8.952377669625934e-11,1.0814727196898759e-10,1.003450287667287e-10,1.8222529236150558e-10
472,-1.5444770283479947,-1.637021797618879e-11,9.203836263891463e-13,-1.1438605505060635e-11,-2.3593064941076984e-12,2.0014422675318227e-11,5.790198014859403e-12,7.071331869645823e-12,3.8949731623777745e-11,7.061372026378439e-10,4.4000611257293315e-10,4.4785101841068e-10,7.52958504246719e-10,2.948546506470856e-10,5.369491098373804e-10,4.1215368536843653e-10,5.484764912682554e-10,3.134800280949911e-10,8.952377669625934e-11,1.0814727196898759e-10,1.003450287667287e-10,1.8222529236150558e-10
473,-1.5053763440860202,1.8680587916897422e-12,1.7880663497234418e-13,1.9546388465872685e-11,-2.9190967400025366e-11,1.5786429997601695e-11,1.8605300913385795e-11,1.2833297257834713e-11,3.649255202406499e-11,7.21274909616004e-10,4.661746204500461e-10,1.5424205398723349e-10,3.760548216372122e-10,4.3767660718457733e-10,3.919632793208607e-10,4.1215368536843653e-10,5.484764912682554e-10,3.134800280949911e-10,8.952377669625934e-11,1.0814727196898759e-10,1.003450287667287e-10,1.8222529236150558e-10
474,-1.4662756598240456,6.970008109850397e-12,3.5046100456080708e-12,-5.546142642425072e-13,1.3316388868750026e-12,1.4497767442515232e-11,-5.349769040148475e-12,3.434404914171617e-11,3.385217404751559e-11,6.986179130932722e-10,3.38190791353141e-10,4.968311748651064e-10,5.700079470780813e-10,3.1893645372452453e-10,4.6121916709424816e-10,3.3144978121461353e-10,5.319936564817088e-10,3.285330371934122e-10,9.772315884548123e-11,1.0389857536510515e-10,1.0262120586046868e-10,1.9328558067042148e-10
475,-1.427174975562071,2.2193354055201698e-11,7.016121399903967e-12,1.1395942869299852e-11,-1.2220021869489339e-11,2.6317199710510078e-11,1.4096236753312802e-11,1.397577754663741e-11,5.5688228528715063e-11,6.781109879321243e-10,5.323064112449364e-10,1.0936378447845253e-10,4.336581633352593e-10,2.1816542599219208e-10,4.860579182596463e-10,3.3144978121461353e-10,5.319936564817088e-10,3.285330371934122e-10,9.772315884548123e-11,1.0389857536510515e-10,1.0262120586046868e-10,1.9328558067042148e-10
476,-1.3880742913000965,-2.9681901406739915e-12,2.777839498364664e-11,2.037203594536525e-11,-3.0516332370012596e-12,-5.489677389663287e-12,1.2466273112446739e-11,2.8772183439103068e-11,2.5984368412653503e-11,6.489102959606792e-10,6.067693364465151e-10,1.3155807962119177e-10,3.0491299440841117e-10,3.459764086751729e-10,3.976189018156412e-10,3.3144978121461353e-10,5.319936564817088e-10,3.285330371934122e-10,9.772315884548123e-11,1.0389857536510515e-10,1.0262120586046868e-10,1.9328558067042148e-10
477,-1.348973607038122,7.927094150747592e-12,6.0907186398849606e-12,4.9200057244799644e-12,2.2218449723351437e-11,4.124661264359841e-11,1.1813785742599351e-11,1.7848666521130165e-11,8.388728964835903e-11,6.434011694282616e-10,5.207514245792416e-10,9.663118358871596e-11,3.1182685096111855e-10,3.325417564712935e-10,4.044991929122761e-10,3.3144978121461353e-10,5.319936564817088e-10,3.285330371934122e-10,9.772315884548123e-11,1.0389857536510515e-10,1.0262120586046868e-10,1.9328558067042148e-10
478,-1.3098729227761474,4.017816457561169e-11,9.479888612430335e-12,4.198944441840994e-11,-7.238218062385655e-12,-1.497207556891736e-11,8.022457689443927e-12,1.81836936897657e-11,9.228586866289597e-11,6.249533438322404e-10,4.6280991875381656e-10,1.2741792178187158e-10,3.1985213191300443e-10,2.4923417675524176e-10,4.478896030003995e-10,3.3144978121461353e-10,5.319936564817088e-10,3.285330371934122e-10,9.772315884548123e-11,1.0389857536510515e-10,1.0262120586046868e-10,1.9328558067042148e-10
479,-1.2707722385141729,9.584035634753049e-12,8.415832286427376e-12,1.0756003333569844e-11,1.0710831131087865e-11,3.1838246685211525e-11,1.5601349445604813e-11,-5.090028875706416e-12,1.0025123370740372e-10,5.326141468745582e-10,4.857178719573638e-10,1.114580179787675e-10,3.541933577921593e-10,2.748483840639011e-10,3.5437592877724754e-10,3.499239572622814e-10,5.214478293680911e-10,3.0529507595485946e-10,8.567472860633387e-11,1.7388411968752322e-10,1.0423172035866557e-10,1.7592816185170908e-10
480,-1.2316715542521983,3.2438974239558926e-11,1.3921194468609811e-11,3.746406807406951e-11,-4.586860731004702e-12,1.7265192238502752e-11,-4.074469928230848e-11,1.0920379959571385e-11,1.3699035067021517e-10,5.011363367220062e-10,5.272875913273138e-10,1.6397572254292127e-10,3.332805101999955e-10,2.2680492342025078e-10,4.6134966456830294e-10,3.499239572622814e-10,5.214478293680911e-10,3.0529507595485946e-10,8.567472860633387e-11,1.7388411968752322e-10,1.0423172035866557e-10,1.7592816185170908e-10
481,-1.1925708699902238,2.000814875834475e-11,1.826713678600774e-11,2.289289580260622e-11,3.718801572544524e-11,-8.558250202766002e-12,2.0452969483634842e-13,4.62952336674839e-12,1.2230530680492424e-10,4.719133723452794e-10,5.043049785113218e-10,1.264815396671403e-10,2.966941631166055e-10,2.2932170523155265e-10,5.627361635598787e-10,3.499239572622814e-10,5.214478293680911e-10,3.0529507595485946e-10,8.567472860633387e-11,1.7388411968752322e-10,1.0423172035866557e-10,1.7592816185170908e-10
482,-1.1534701857282492,2.0081239891588958e-11,1.863165136477674e-11,1.0686362854771845e-11,1.0844465563629367e-11,1.0776707259735907e-11,-2.3050371119544566e-12,2.2232879732458705e-11,1.4907987506582031e-10,4.326279861612029e-10,5.364490786511653e-10,1.2957646293154857e-10,3.3818859548219175e-10,2.678658281201037e-10,5.452846359859673e-10,3.499239572622814e-10,5.214478293680911e-10,3.0529507595485946e-10,8.567472860633387e-11,1.7388411968752322e-10,1.0423172035866557e-10,1.7592816185170908e-10
483,-1.1143695014662747,2.279314052226682e-12,-4.281320972246933e-12,1.2160733353603814e-11,-3.4108149861637218e-12,8.419596635724765e-13,-5.759455821569923e-13,4.2141900601871924e-11,1.7739939539213952e-10,5.886399121388172e-10,5.249486750634981e-10,2.590638362413744e-10,3.1785671260591723e-10,2.109817910079192e-10,4.438793152433003e-10,3.499239572622814e-10,5.214478293680911e-10,3.0529507595485946e-10,8.567472860633387e-11,1.7388411968752322e-10,1.0423172035866557e-10,1.7592816185170908e-10
484,-1.0752688172043001,-3.3706619172775585e-11,-4.754374315322439e-12,-9.687555265668418e-12,3.587080684767751e-11,-2.0076534451602244e-13,1.6740065384223262e-11,3.892338117332502e-12,2.1258477680564566e-10,4.915046193177769e-10,4.767295447431405e-10,2.0914039636349473e-10,3.620520662473503e-10,1.8563265669330827e-10,6.058489528200067e-10,3.1392547620324683e-10,4.0033488049229254e-10,2.515445466968026e-10,8.18030944153379e-11,2.017384290671118e-10,1.463171557074351e-10,2.797803102308353e-10
485,-1.0361681329423256,2.1977845005704265e-11,3.880417674963444e-12,7.845533229495447e-12,2.0711768551688247e-11,-2.9024394903245163e-11,-1.816048019677627e-11,2.061169957538967e-11,1.8663366015336094e-10,4.718791794976289e-10,5.581693793633769e-10,1.2046987238159897e-10,4.792133884901184e-10,2.243766038388378e-10,5.321787370335794e-10,3.1392547620324683e-10,4.0033488049229254e-10,2.515445466968026e-10,8.18030944153379e-11,2.017384290671118e-10,1.463171557074351e-10,2.797803102308353e-10
486,-0.997067448680351,1.0865169489709977e-11,1.6156591101766304e-11,1.9658691580516744e-11,3.551601684049879e-11,2.5425676102386653e-11,5.961475949412316e-12,3.6102628081442466e-11,1.9733257084207987e-10,4.916188046075642e-10,5.535759310195243e-10,1.1135136138936558e-10,6.764286370840095e-10,1.7945065256075132e-10,3.24290300810612e-10,3.1392547620324683e-10,4.0033488049229254e-10,2.515445466968026e-10,8.18030944153379e-11,2.017384290671118e-10,1.463171557074351e-10,2.797803102308353e-10
487,-0.9579667644183765,-4.124786742675457e-12,-4.9275971641764315e-11,1.6924518544471778e-11,2.1003191997212982e-11,-1.4045418025605813e-11,3.6105137648265933e-11,1.829850637121611e-11,2.0108939235171056e-10,4.97795162214811e-10,5.547137058705201e-10,1.3209795018062324e-10,8.346198081375522e-10,2.0476465294025958e-10,5.560754595589362e-10,3.1392547620324683e-10,4.0033488049229254e-10,2.515445466968026e-10,8.18030944153379e-11,2.017384290671118e-10,1.463171557074351e-10,2.797803102308353e-10
488,-0.9188660801564019,3.0558681309625875e-11,3.695901775437799e-11,1.1885935788391368e-11,-1.0286086950259797e-12,2.5716785852890082e-12,1.2732287193862415e-11,2.4280686246794652e-11,2.7132024682963393e-10,2.9663330612143407e-10,5.21056650642125e-10,1.2851836682664482e-10,1.1019975255137246e-09,2.1108436955121165e-10,5.424870963880978e-10,3.1392547620324683e-10,4.0033488049229254e-10,2.515445466968026e-10,8.18030944153379e-11,2.017384290671118e-10,1.463171557074351e-10,2.797803102308353e-10
489,-0.8797653958944274,-2.8937501152471728e-11,4.021455329438197e-11,1.814667757933226e-11,-6.2052176253759115e-12,2.808205256741449e-12,-8.85563386921929e-12,1.476064456552926e-11,2.4154172710104207e-10,3.5553001581259605e-10,5.746528415415597e-10,1.567673055864582e-10,9.456816282565533e-10,1.6408175174048963e-10,5.834372664526097e-10,3.1918866518858127e-10,4.914490951523824e-10,2.8104324972644976e-10,9.231316020190983e-11,1.986228018766229e-10,1.2716727879693034e-10,2.0175411385963082e-10
490,-0.8406647116324528,-1.5220836378612998e-11,1.7795965618007247e-11,9.292925885358367e-12,-1.8105897118834004e-11,6.731285567363413e-12,1.2292485611070362e-11,-2.971138881653211e-11,2.6095667700542487e-10,2.990365300347824e-10,5.541879516244068e-10,1.7042468184460178e-10,9.431874325465775e-10,2.1607401575466012e-10,4.403991734740424e-10,3.1918866518858127e-10,4.914490951523824e-10,2.8104324972644976e-10,9.231316020190983e-11,1.986228018766229e-10,1.2716727879693034e-10,2.0175411385963082e-10
491,-0.8015640273704783,6.909778506512657e-12,1.7684917287047763e-11,1.3610635576119805e-11,4.18187938752644e-12,6.91573872761187e-12,8.773445556304059e-12,4.617602924379469e-12,3.31106911649548e-10,3.738592643771019e-10,5.025234997744461e-10,2.1207439365651815e-10,9.957286642996803e-10,1.7952374369399565e-10,4.2651499511578086e-10,3.1918866518858127e-10,4.914490951523824e-10,2.8104324972644976e-10,9.231316020190983e-11,1.986228018766229e-10,1.2716727879693034e-10,2.0175411385963082e-10
492,-0.7624633431085037,-1.321381032494581e-11,2.0569664331309245e-11,-2.4480196807984125e-11,1.5631150551527297e-11,5.457053021128478e-12,-5.772003659948496e-14,3.400776718972e-11,3.3409298245369017e-10,2.3743105667151434e-10,5.618295825509847e-10,1.645908801065463e-10,9.57683945205596e-10,2.4695925444499876e-10,3.5014072109519064e-10,3.1918866518858127e-10,4.914490951523824e-10,2.8104324972644976e-10,9.231316020190983e-11,1.986228018766229e-10,1.2716727879693034e-10,2.0175411385963082e-10
493,-0.7233626588465292,1.127203300834864e-11,5.335966422704445e-12,9.411502916958908e-12,3.047429712576105e-11,3.0255964813480554e-11,3.870944060208976e-11,3.510256570798908e-12,3.448207531607089e-10,3.061997747886785e-10,5.603266657294717e-10,2.99473508354962e-10,7.751553089564522e-10,1.7963165506672417e-10,4.961523370438679e-10,3.1918866518858127e-10,4.914490951523824e-10,2.8104324972644976e-10,9.231316020190983e-11,1.986228018766229e-10,1.2716727879693034e-10,2.0175411385963082e-10
494,-0.6842619745845546,7.2275524034284185e-12,-1.2850236833884842e-11,5.955829424016944e-12,-8.663338312626163e-12,-2.467531562710469e-12,1.4368524751872287e-11,1.4559251829094308e-11,3.8083335053297646e-10,2.9809732465735357e-10,5.537566198296229e-10,2.3113580833696347e-10,1.1257207742338349e-09,1.992596044538661e-10,5.121564719620869e-10,4.059199214206182e-10,3.154657228307268e-10,2.873610841622418e-10,1.5825014587355393e-10,1.4914292793194103e-10,1.2390923369010278e-10,2.1004697737255922e-10
495,-0.6451612903225801,2.555617357627097e-11,-2.0521982562344848e-12,2.788442418112959e-11,-4.435345634994953e-12,6.162868685676902e-12,2.51358211360626e-11,2.8522481541955085e-11,3.6986058336649745e-10,2.404102261670199e-10,5.087858100447582e-10,1.3683099317811642e-10,1.0164432561140663e-09,3.701460465908376e-10,3.927305793719883e-10,4.059199214206182e-10,3.154657228307268e-10,2.873610841622418e-10,1.5825014587355393e-10,1.4914292793194103e-10,1.2390923369010278e-10,2.1004697737255922e-10
496,-0.6060606060606055,9.274104134267369e-12,-1.5976529683416298e-11,-1.0131121198780867e-11,-3.9839373057081934e-12,2.1655051975226748e-11,1.548528198082779e-11,5.434592398305319e-11,3.3483079509494e-10,1.8738590280371798e-10,4.3411835514851357e-10,1.6714561911573402e-10,1.2400550694683445e-09,3.972299189606414e-10,6.25643474703929e-10,4.059199214206182e-10,3.154657228307268e-10,2.873610841622418e-10,1.5825014587355393e-10,1.4914292793194103e-10,1.2390923369010278e-10,2.1004697737255922e-10
497,-0.566959921798631,-3.3982671521314403e-12,1.6299636409682768e-11,1.5603231620679613e-12,2.3391044813746173e-11,1.3396695006078815e-11,4.909967457339397e-11,2.7578884422457032e-11,3.9014007903586403e-10,2.262797965659713e-10,4.1810104500459885e-10,1.4816545166066679e-10,1.373080931976288e-09,3.8342228239007037e-10,5.914534502249949e-10,4.059199214206182e-10,3.154657228307268e-10,2.873610841622418e-10,1.5825014587355393e-10,1.4914292793194103e-10,1.2390923369010278e-10,2.1004697737255922e-10
498,-0.5278592375366564,-1.729279747339084e-11,8.789757740571427e-12,5.007213171042388e-12,1.7887878502427758e-11,4.188906174615199e-11,4.406171920820853e-12,6.919816773687309e-11,3.630461683986809e-10,2.0981076439689576e-10,2.470110142604137e-10,1.6111575747093533e-10,1.0816656426372795e-09,3.3516268530500344e-10,5.430752761084129e-10,4.059199214206182e-10,3.154657228307268e-10,2.873610841622418e-10,1.5825014587355393e-10,1.4914292793194103e-10,1.2390923369010278e-10,2.1004697737255922e-10
499,-0.4887585532746819,1.6058090604242028e-12,-3.823952421861013e-12,-9.328687212294817e-12,4.4364435705121897e-11,1.2545951858538866e-11,3.163873612402198e-11,1.1328874696414943e-10,3.0306062040932573e-10,1.5419939135157504e-10,4.714033028918559e-10,2.000407071224377e-10,1.2526411743959738e-09,3.784702796886335e-10,3.3938785471993703e-10,4.2062096377447293e-10,3.9609057563035986e-10,2.331431480865049e-10,1.3089524028843183e-10,1.6222843665378132e-10,1.3632343329134574e-10,1.613275021701123e-10
500,-0.4496578690127073,-1.1502913154490822e-11,1.2570420134854979e-11,1.5218013116085758e-11,1.0706690345863187e-10,5.857956318599473e-11,5.971953390793967e-11,1.3679209489252267e-10,2.754277803005043e-10,1.9786899074697988e-10,2.822189817754164e-10,1.4456171372607602e-10,1.2239571394910559e-09,3.428240790701247e-10,4.1428399389154526e-10,4.2062096377447293e-10,3.9609057563035986e-10,2.331431480865049e-10,1.3089524028843183e-10,1.6222843665378132e-10,1.3632343329134574e-10,1.613275021701123e-10
501,-0.4105571847507328,-8.294118297107188e-13,5.186960893654583e-11,2.835873230770208e-11,8.426592054027566e-11,7.562328615381549e-11,5.97433747925072e-11,1.4999116151248697e-10,2.701724337113442e-10,1.48880991896294e-10,3.288777889335355e-10,1.575618971766847e-10,1.146158686307507e-09,2.5326203148010535e-10,5.264619438479238e-10,4.2062096377447293e-10,3.9609057563035986e-10,2.331431480865049e-10,1.3089524028843183e-10,1.6222843665378132e-10,1.3632343329134574e-10,1.613275021701123e-10
502,-0.3714565004887582,9.827463615183362e-12,-2.0890261490752354e-11,4.6512938587504797e-11,8.866519115245978e-11,1.0716163960557955e-10,8.451028960807291e-11,2.0367769681697072e-10,2.453935984534947e-10,1.4402498012538705e-10,2.5877460866696927e-10,1.7026595174391053e-10,1.1938711978286314e-09,3.646049230814629e-10,4.3326196547574846e-10,4.2062096377447293e-10,3.9609057563035986e-10,2.331431480865049e-10,1.3089524028843183e-10,1.6222843665378132e-10,1.3632343329134574e-10,1.613275021701123e-10
503,-0.3323558162267837,8.432144470524411e-12,1.7608375499527777e-11,1.7019254691504864e-11,2.609447565633125e-11,1.4074278043803264e-10,1.3188400961024114e-10,1.9951181591792283e-10,2.0313845364937304e-10,1.4185232266247708e-10,2.788665142173451e-10,1.5896254915069442e-10,8.860932192143314e-10,3.054597662765646e-10,3.5160160267253805e-10,4.2062096377447293e-10,3.9609057563035986e-10,2.331431480865049e-10,1.3089524028843183e-10,1.6222843665378132e-10,1.3632343329134574e-10,1.613275021701123e-10
504,-0.2932551319648091,-1.435848648466356e-11,3.5014730870020136e-12,-1.670744101620199e-12,8.994287435322592e-12,1.079245479148086e-10,1.872732859933019e-10,1.8689183183851698e-10,1.707104587646457e-10,1.1357577866760526e-10,3.446591997975756e-10,1.3059566075094371e-10,5.14274546346884e-10,2.8592780781978215e-10,5.510268385355617e-10,3.321518325286711e-10,2.8326045200009315e-10,2.738357738574389e-10,1.337950447336342e-10,1.410916102241121e-10,1.7793707008053667e-10,1.9171835619963145e-10
505,-0.2541544477028346,-8.636046772759474e-13,-1.6442681717599302e-11,3.260429195284197e-11,4.501253133298573e-11,1.0123341541628018e-10,2.0538482963727582e-10,1.7349952857450726e-10,1.9114899823032245e-10,1.245256460371396e-10,3.198217034155893e-10,1.721148750888054e-10,8.808215604409038e-10,2.279354832667355e-10,3.815084240039797e-10,3.321518325286711e-10,2.8326045200009315e-10,2.738357738574389e-10,1.337950447336342e-10,1.410916102241121e-10,1.7793707008053667e-10,1.9171835619963145e-10
506,-0.21505376344086002,-5.665974457863436e-12,3.203650246290423e-11,-3.1080984900184317e-12,-1.777024255836472e-11,6.980799247089141e-11,2.086679704123383e-10,1.2625944300470982e-10,1.1943091172366062e-10,7.01699974827518e-11,1.6665217554236678e-10,2.1519911802676365e-10,8.221165189146718e-10,3.084640314400494e-10,3.6019686898556697e-10,3.321518325286711e-10,2.8326045200009315e-10,2.738357738574389e-10,1.337950447336342e-10,1.410916102241121e-10,1.7793707008053667e-10,1.9171835619963145e-10
507,-0.17595307917888547,8.250514572888388e-12,6.999809215602234e-12,2.407552916020988e-11,4.378880381977698e-12,4.595393258136368e-11,1.8517026900918996e-10,9.13770917830529e-11,1.0174850400343602e-10,1.030126982823771e-10,2.804221319418107e-10,3.427211868311283e-10,1.179890714844136e-09,3.1182998791960535e-10,4.338830832603875e-10,3.321518325286711e-10,2.8326045200009315e-10,2.738357738574389e-10,1.337950447336342e-10,1.410916102241121e-10,1.7793707008053667e-10,1.9171835619963145e-10
508,-0.13685239491691092,1.0979041083452589e-11,-2.7084499760618323e-12,2.88361773925056e-11,3.63567217206596e-11,-2.336406696992346e-12,1.5522109873770853e-10,6.227490030879074e-11,7.299733818645873e-11,5.995041405408191e-11,1.4642600816778622e-10,1.6009059943035566e-10,7.722875014880364e-10,3.478372524623516e-10,4.266147503963757e-10,3.321518325286711e-10,2.8326045200009315e-10,2.738357738574389e-10,1.337950447336342e-10,1.410916102241121e-10,1.7793707008053667e-10,1.9171835619963145e-10
509,-0.09775171065493637,-4.812721743585171e-12,-5.677267508483905e-12,2.722503550273044e-11,2.8914287659482154e-11,-1.6814097604921324e-12,1.54932498555052e-10,5.651795405421477e-11,4.983340916861943e-11,8.371695280134341e-11,4.791406110528337e-10,1.5843491272950607e-10,1.1392852965196794e-09,2.998185737908063e-10,4.760955654286802e-10,3.5169759360281225e-10,3.42939832839198e-10,2.928815037453651e-10,1.3714280685367715e-10,1.0014928255585962e-10,1.8903311971638896e-10,1.7489108336884574e-10
510,-0.058651026392961825,5.193862202325412e-12,6.988516164982014e-12,5.585668320193559e-12,2.2299069556980953e-11,1.8183693689765703e-11,8.379129871799951e-11,1.4002755389776779e-11,3.0385207504123787e-11,9.477943698120851e-11,2.826528231370239e-10,3.4711794787640393e-10,8.910703175837476e-10,3.040130010123649e-10,5.626094304360591e-10,3.5169759360281225e-10,3.42939832839198e-10,2.928815037453651e-10,1.3714280685367715e-10,1.0014928255585962e-10,1.8903311971638896e-10,1.7489108336884574e-10
511,-0.019550342130987275,-2.149443969954571e-11,1.9542624115739506e-11,3.267393243181066e-11,8.485159069351134e-12,2.480204875092419e-11,5.669111416384284e-11,4.753558706117598e-11,1.3262119486084956e-11,7.448080586513223e-11,3.490801154234634e-10,2.4463414079862675e-10,8.226363129396003e-10,2.900300084612167e-10,3.985386580502308e-10,3.5169759360281225e-10,3.42939832839198e-10,2.928815037453651e-10,1.3714280685367715e-10,1.0014928255585962e-10,1.8903311971638896e-10,1.7489108336884574e-10
512,0.019550342130987275,1.6111418899455023e-12,1.9542624115739506e-11,3.6402521314889745e-11,-2.0633344589093225e-11,-7.791577543216348e-12,5.669111416384284e-11,1.0732789840580254e-11,2.692514226928316e-11,7.133475017688706e-11,3.700196271629776e-10,2.1797689478591935e-10,1.1413713739274346e-09,2.8078068629922476e-10,4.770360255895209e-10,3.5169759360281225e-10,3.42939832839198e-10,2.928815037453651e-10,1.3714280685367715e-10,1.0014928255585962e-10,1.8903311971638896e-10,1.7489108336884574e-10
513,0.058651026392961825,-6.85488173261092e-12,-1.926092524163484e-11,3.6788367211573715e-11,-1.4000873214701733e-11,6.502287596210954e-12,2.806574038297665e-11,-1.652926177241322e-11,2.1004133084750554e-11,4.3371274641243394e-11,3.521405321442617e-10,2.9981041769875777e-10,9.704447787219687e-10,2.6465452369495907e-10,6.456604069459854e-10,3.5169759360281225e-10,3.42939832839198e-10,2.928815037453651e-10,1.3714280685367715e-10,1.0014928255585962e-10,1.8903311971638896e-10,1.7489108336884574e-10
514,0.09775171065493637,-6.355477938314889e-13,1.3911156201315937e-11,-3.329755978327312e-11,-1.2885370769072846e-11,7.171087149984906e-13,1.9058905113792188e-11,3.048998191828003e-11,6.494413830355468e-11,3.514365986547032e-11,2.746250326181441e-10,2.778099865918126e-10,7.740548639115938e-10,3.589380075360619e-10,4.399923099554892e-10,3.5169759360281225e-10,3.42939832839198e-10,2.928815037453651e-10,1.3714280685367715e-10,1.0014928255585962e-10,1.8903311971638896e-10,1.7489108336884574e-10
515,0.13685239491691092,1.519291744793607e-11,2.300896326755368e-11,1.948804103771219e-11,2.25246168736873e-11,2.198694218529018e-11,3.8233250299420095e-12,1.934248616280181e-11,2.757982551008001e-11,3.6542743360194005e-11,2.9792290976422853e-10,2.6711358546983194e-10,8.935171452202922e-10,2.7885647595022163e-10,4.6222738555889714e-10,3.0092215579398096e-10,3.8571163470950596e-10,3.3805433365815755e-10,1.592502082458134e-10,1.3386907695450117e-10,1.60874525361625e-10,1.8716788418722655e-10
516,0.17595307917888547,1.4555801174903814e-11,9.069574439601245e-12,2.5211735532004438e-11,1.2736365240057166e-11,7.599532943288452e-11,9.52129646459201e-12,3.519040054732345e-11,5.0843509808343344e-11,7.0947335801088e-11,2.7565709196736055e-10,3.22972778237311e-10,5.764468681125528e-10,2.627017670236155e-10,6.514076286293121e-10,3.0092215579398096e-10,3.8571163470950596e-10,3.3805433365815755e-10,1.592502082458134e-10,1.3386907695450117e-10,1.60874525361625e-10,1.8716788418722655e-10
517,0.21505376344086002,-1.276114721216206e-11,3.27059294094481e-12,-1.8779088414762168e-11,-3.299013784944026e-11,-8.37567921742209e-12,-4.855258900962148e-11,2.222535103198831e-11,5.7807244001134915e-11,6.679651230281068e-11,3.2980915191461986e-10,2.0949079462894546e-10,6.465042487848033e-10,2.487520262325803e-10,5.166304021868014e-10,3.0092215579398096e-10,3.8571163470950596e-10,3.3805433365815755e-10,1.592502082458134e-10,1.3386907695450117e-10,1.60874525361625e-10,1.8716788418722655e-10
518,0.2541544477028346,-4.2744196635249875e-12,2.227366019304234e-11,5.615155730156411e-12,7.58140132315487e-12,-2.6770803910746266e-11,1.5258793576669512e-11,2.572619672741227e-11,3.801397690079502e-11,4.423205605607743e-11,3.775235456108193e-10,2.1022484291987464e-10,4.677271012157695e-10,3.656799587622974e-10,5.543655034760186e-10,3.0092215579398096e-10,3.8571163470950596e-10,3.3805433365815755e-10,1.592502082458134e-10,1.3386907695450117e-10,1.60874525361625e-10,1.8716788418722655e-10
519,0.2932551319648091,3.9687857960816466e-11,9.01499136140315e-12,-1.1734734388255857e-11,-1.297100973643456e-11,3.1055889233651927e-12,-1.7566967647025355e-11,-6.076288630862995e-12,3.2619349353783066e-11,5.905449870405998e-11,2.1720645777621988e-10,3.426584476609671e-10,4.766664918771901e-10,3.58336025198303e-10,5.376179093914101e-10,3.0092215579398096e-10,3.8571163470950596e-10,3.3805433365815755e-10,1.592502082458134e-10,1.3386907695450117e-10,1.60874525361625e-10,1.8716788418722655e-10
520,0.3323558162267837,3.5742505243719235e-12,1.3507743337551058e-12,7.865609764083417e-12,1.5573430514927787e-11,5.970886824957901e-12,-2.9006827935480464e-11,-3.523996449170411e-11,1.898738245966349e-11,5.939611348562839e-11,2.371299086547403e-10,2.792307151003251e-10,5.602272241448363e-10,2.6102255313415816e-10,6.159474496503379e-10,4.255648103835204e-10,2.745622934479828e-10,2.839951276828562e-10,1.5500464860050299e-10,1.3942400308106415e-10,1.373630213410328e-10,2.1811335248098803e-10
521,0.3714565004887582,-1.1523617080656848e-11,7.330444642510043e-12,-1.608004931407575e-11,-8.451907309152881e-12,2.879225997352045e-11,-7.867491938987808e-12,3.415269467271159e-11,-2.3354028703397917e-11,5.969663411073926e-11,2.5567999909835017e-10,2.4903215662731397e-10,6.528029477738005e-10,4.038118853029445e-10,5.752705086718376e-10,4.255648103835204e-10,2.745622934479828e-10,2.839951276828562e-10,1.5500464860050299e-10,1.3942400308106415e-10,1.373630213410328e-10,2.1811335248098803e-10
522,0.4105571847507328,2.6678577330536653e-11,2.4342798025974674e-12,2.4127602671413715e-11,3.9211981365700393e-13,2.359996625048126e-11,8.097744693467233e-12,3.3567338215009136e-11,6.8225710599501975e-12,3.549688139353351e-11,2.6734728887875723e-10,3.4487878689318266e-10,6.148884124578963e-10,3.733037090254072e-10,5.771987970669505e-10,4.255648103835204e-10,2.745622934479828e-10,2.839951276828562e-10,1.5500464860050299e-10,1.3942400308106415e-10,1.373630213410328e-10,2.1811335248098803e-10
523,0.4496578690127073,2.0075593366193493e-11,5.593197020493398e-12,-2.4482078982888658e-11,-6.1782397823216705e-12,2.8050682981693444e-12,-2.8665526849190524e-12,-6.959656146767451e-12,1.6033936024056253e-11,5.673346310371221e-11,3.348831823019331e-10,2.769241095089993e-10,6.315886384689887e-10,3.627619599578376e-10,5.995866425497798e-10,4.255648103835204e-10,2.745622934479828e-10,2.839951276828562e-10,1.5500464860050299e-10,1.3942400308106415e-10,1.373630213410328e-10,2.1811335248098803e-10
524,0.4887585532746819,2.08137197040848e-12,2.2444310736017188e-11,1.7912660474703263e-11,6.53146131038492e-12,-4.7913904257388845e-11,-4.409308879392889e-12,2.937636164789657e-11,6.2896018092406855e-12,4.322101432881591e-11,2.919372792343744e-10,2.790355962810341e-10,4.624607752719481e-10,3.291350195311541e-10,6.028377863478852e-10,4.255648103835204e-10,2.745622934479828e-10,2.839951276828562e-10,1.5500464860050299e-10,1.3942400308106415e-10,1.373630213410328e-10,2.1811335248098803e-10
525,0.5278592375366564,-9.263438475310142e-12,2.3700976314487707e-11,4.98149011139976e-13,2.603581453219417e-11,5.950810290369865e-12,1.3928095776645734e-13,-2.7041209734060187e-11,3.926217269193937e-12,2.7267698138474363e-11,3.066163628785662e-10,3.178535756473453e-10,8.462569831162478e-10,3.6616963798542926e-10,6.148830796284606e-10,3.8766156811823674e-10,2.873767689547607e-10,2.5178860206872565e-10,1.4336527775102858e-10,1.4588739239193717e-10,1.3612329533857817e-10,2.1132058252687526e-10
526,0.566959921798631,1.7195551759619492e-11,-2.186460080353953e-12,1.3463198526475319e-11,-4.098436291199203e-12,-7.643513101652868e-12,4.007778190190457e-12,1.4367269966503936e-13,1.3869748348983891e-11,4.907520629707778e-11,2.350149712283446e-10,4.294496198004676e-10,6.434061885619085e-10,3.3327423628302214e-10,5.19756067644499e-10,3.8766156811823674e-10,2.873767689547607e-10,2.5178860206872565e-10,1.4336527775102858e-10,1.4588739239193717e-10,1.3612329533857817e-10,2.1132058252687526e-10
527,0.6060606060606055,-1.5524493962210504e-11,9.720179634203367e-12,-2.5020381063204626e-12,1.3523114433853564e-11,-1.5492810681298274e-11,-4.8898909227684424e-12,4.740571697878441e-12,8.701922902941749e-13,6.754969604070511e-11,1.4449175955131856e-10,4.206313157374707e-10,8.482702830868885e-10,3.272710387854887e-10,8.476598309610362e-10,3.8766156811823674e-10,2.873767689547607e-10,2.5178860206872565e-10,1.4336527775102858e-10,1.4588739239193717e-10,1.3612329533857817e-10,2.1132058252687526e-10
528,0.6451612903225801,-1.3317643651564808e-11,-2.080242665261169e-11,2.973836666239949e-13,-2.526506382662041e-11,-1.3385401955287809e-11,9.075220964826382e-12,-7.652923977027925e-12,2.998838225277906e-11,5.135012860749127e-11,2.46575604419435e-10,3.6160065791806345e-10,9.550203537361422e-10,2.848232847290699e-10,4.838733403544525e-10,3.8766156811823674e-10,2.873767689547607e-10,2.5178860206872565e-10,1.4336527775102858e-10,1.4588739239193717e-10,1.3612329533857817e-10,2.1132058252687526e-10
529,0.6842619745845546,2.8765282130381147e-11,7.996734629630894e-12,-7.7934597182914e-12,9.408365958386878e-12,-7.040589676185922e-12,1.5338472322761302e-11,1.5340354497836296e-11,7.718172714097993e-12,3.7844581141231774e-11,1.4444878321978582e-10,3.638576995648383e-10,1.1391102542348914e-09,4.2978621544847444e-10,5.419516175707353e-10,3.8766156811823674e-10,2.873767689547607e-10,2.5178860206872565e-10,1.4336527775102858e-10,1.4588739239193717e-10,1.3612329533857817e-10,2.1132058252687526e-10
530,0.7233626588465292,-4.4695384828159515e-12,-1.2705936742300831e-11,-2.4699783903420706e-11,7.500781489440153e-12,1.8399516435222754e-11,-1.8003632271415765e-11,4.913418111717433e-11,-2.9685038365482725e-12,3.9572417887702754e-11,1.922425419663734e-10,4.0403868740314767e-10,8.14041674018235e-10,4.0916416391008677e-10,5.280144246137324e-10,3.9065234436015175e-10,3.5431758134915536e-10,3.2237957938343427e-10,1.5509311083056244e-10,8.195994234069835e-11,1.0631967994183664e-10,2.7685603750948724e-10
531,0.7624633431085037,-2.7721616034669874e-11,2.281384444826272e-11,7.686175737140892e-12,-5.956456815680151e-12,3.032999703434755e-11,3.3439977700634546e-12,1.1158161414350362e-11,8.331761797755149e-13,4.355133605967866e-11,1.6431545514950005e-10,3.985279923912734e-10,5.39483772312236e-10,3.609779716541384e-10,5.525833973474796e-10,3.9065234436015175e-10,3.5431758134915536e-10,3.2237957938343427e-10,1.5509311083056244e-10,8.195994234069835e-11,1.0631967994183664e-10,2.7685603750948724e-10
532,0.8015640273704783,-7.064430560923912e-12,3.3245486271898565e-11,1.1956831050686396e-11,-3.4440667463619506e-12,1.4123841988371317e-11,1.288474337732442e-11,7.988578537411893e-12,2.903882491311916e-12,6.00053108279837e-11,2.0476182967756175e-10,3.793354528452808e-10,7.17818922427358e-10,3.9817822151765644e-10,5.223506460267327e-10,3.9065234436015175e-10,3.5431758134915536e-10,3.2237957938343427e-10,1.5509311083056244e-10,8.195994234069835e-11,1.0631967994183664e-10,2.7685603750948724e-10
533,0.8406647116324528,-1.2891801534051658e-10,6.799043871256926e-12,4.173597817094143e-11,-2.2941204963660196e-11,-4.078046061760498e-13,8.0914707764934e-12,-3.1330059406777574e-11,1.612302564560857e-11,6.656343628563393e-11,1.7509373088843665e-10,3.9389501837033446e-10,8.527884444264621e-10,3.854387193192831e-10,5.66904240329876e-10,3.9065234436015175e-10,3.5431758134915536e-10,3.2237957938343427e-10,1.5509311083056244e-10,8.195994234069835e-11,1.0631967994183664e-10,2.7685603750948724e-10
534,0.8797653958944274,1.920508738019545e-11,5.101321926497415e-12,2.3973264312876688e-11,1.2783105921739755e-12,2.5448262203457142e-11,-1.0889010374192341e-11,8.33050701493988e-12,3.6106392431421626e-12,6.30836082123354e-11,1.3715755055874398e-10,4.5851134450984994e-10,1.1359259276526303e-09,4.040051219470751e-10,6.369678949192705e-10,3.9065234436015175e-10,3.5431758134915536e-10,3.2237957938343427e-10,1.5509311083056244e-10,8.195994234069835e-11,1.0631967994183664e-10,2.7685603750948724e-10
535,0.9188660801564019,8.887003455109602e-13,6.706817290194988e-13,1.6596392684558294e-11,-4.830916102842186e-13,-3.0535781512510586e-11,1.4835931569552294e-11,-9.927218895692868e-12,-7.193359555607384e-12,3.9915287452682975e-11,1.2294963808255266e-10,4.0859511963665186e-10,5.711993639196519e-10,3.944311245794455e-10,5.549894445233554e-10,3.0297686361703897e-10,2.7271462488658496e-10,3.2309543331493573e-10,1.6161171061104087e-10,1.2650600794345627e-10,9.429697276267266e-11,2.1331568813825862e-10
536,0.9579667644183765,-2.051257168611745e-12,-3.80764023759351e-12,4.793272600490043e-13,3.789445878165699e-12,1.6410684740812777e-11,4.102514337393986e-12,3.0167502583762086e-11,-1.528671250734628e-11,7.91118977109962e-11,1.6175695178990658e-10,1.4132499993724835e-10,8.228725259151788e-10,3.3460995321583604e-10,5.576696618729508e-10,3.0297686361703897e-10,2.7271462488658496e-10,3.2309543331493573e-10,1.6161171061104087e-10,1.2650600794345627e-10,9.429697276267266e-11,2.1331568813825862e-10
537,0.997067448680351,-4.6928899285729386e-12,-1.2980106916105797e-11,3.5093154833467033e-11,-2.9487409979197175e-12,-4.231129636117928e-12,2.2883484927060827e-11,-6.386847522330137e-13,1.4406795645632315e-11,6.856042407209236e-11,9.106120006121205e-11,3.404807710643249e-10,9.647850781810788e-10,3.3318608774900727e-10,3.897441948719719e-10,3.0297686361703897e-10,2.7271462488658496e-10,3.2309543331493573e-10,1.6161171061104087e-10,1.2650600794345627e-10,9.429697276267266e-11,2.1331568813825862e-10
538,1.0361681329423256,9.987762194904858e-12,3.187149844532453e-11,1.4524117893906316e-11,1.8777206239516756e-11,-1.6315321202201782e-11,1.5585664653256304e-11,3.772945476407751e-11,1.1543066223325815e-11,6.881702727813289e-11,1.2951027310702626e-10,3.2000521548830017e-10,6.693758132695804e-10,3.902034455976033e-10,4.059010996695271e-10,3.0297686361703897e-10,2.7271462488658496e-10,3.2309543331493573e-10,1.6161171061104087e-10,1.2650600794345627e-10,9.429697276267266e-11,2.1331568813825862e-10
539,1.0752688172043001,3.269871440408609e-11,-1.688311069213979e-12,2.174476898861269e-11,3.005206251022216e-12,1.2902310345088784e-11,-4.836562628067469e-12,1.9496824521509248e-11,1.5686988412966595e-11,1.2306915620160534e-10,1.635525468401858e-10,9.665188751488198e-11,4.553016085639911e-10,3.740572064590906e-10,5.548357335563963e-10,3.0297686361703897e-10,2.7271462488658496e-10,3.2309543331493573e-10,1.6161171061104087e-10,1.2650600794345627e-10,9.429697276267266e-11,2.1331568813825862e-10
540,1.1143695014662747,4.7920178174191825e-12,-4.454481081874948e-12,-8.632909814869918e-13,2.866238989138487e-11,1.5571862034959874e-12,1.1794963992019324e-12,2.4863533137673662e-11,3.942843149207826e-11,1.3103734450889603e-10,9.439390478048448e-11,3.3782125764089563e-10,5.494389101386057e-10,3.648979150061884e-10,5.891650389930117e-10,3.280543373250947e-10,3.552812550029003e-10,3.227855018143647e-10,1.564859204082274e-10,9.62299665953878e-11,9.630588099150013e-11,2.7453029647119635e-10
541,1.1534701857282492,-1.5606368579422406e-12,-5.197940248434973e-12,3.1199561932978614e-11,2.6368018438131887e-11,-4.970197060608926e-12,2.5003441487017992e-11,-6.882486967839745e-13,-1.7002001419784956e-11,6.601886028868533e-11,1.2476374118796333e-10,2.897037647762929e-10,5.023258713884167e-10,4.976351773307079e-10,4.2936868627096376e-10,3.280543373250947e-10,3.552812550029003e-10,3.227855018143647e-10,1.564859204082274e-10,9.62299665953878e-11,9.630588099150013e-11,2.7453029647119635e-10
542,1.1925708699902238,6.823825843276678e-12,1.5009091679350742e-11,-1.9353779213422237e-11,4.38261336249764e-11,8.605304580322902e-12,-1.5977784466742644e-11,4.2204639772459204e-12,-2.19430247661347e-12,9.563614034984781e-11,8.754153261469711e-11,4.0292130278244377e-10,4.2482982100505355e-10,4.963954513281683e-10,6.156880231816848e-10,3.280543373250947e-10,3.552812550029003e-10,3.227855018143647e-10,1.564859204082274e-10,9.62299665953878e-11,9.630588099150013e-11,2.7453029647119635e-10
543,1.2316715542521983,5.356356653166649e-12,3.614152636695104e-11,1.9280374384303737e-11,-5.98908118421515e-12,4.2559743475171415e-11,3.602106716027577e-11,-1.2129363768736362e-11,4.66352799694259e-11,9.822883655700646e-11,1.2427908109830774e-10,4.0738582213152726e-10,4.869594801349786e-10,4.2046286106553016e-10,3.6467205399360786e-10,3.280543373250947e-10,3.552812550029003e-10,3.227855018143647e-10,1.564859204082274e-10,9.62299665953878e-11,9.630588099150013e-11,2.7453029647119635e-10
544,1.2707722385141729,1.5836307637941804e-11,-2.4269393196174208e-11,-3.611894026383471e-12,1.917936432038248e-11,-2.1578510187706724e-11,8.150445596419369e-12,-3.1714650520134465e-12,8.122526665742407e-12,1.267902163842995e-10,9.963952679831018e-11,4.025564745078856e-10,4.608054022670581e-10,4.937343694256233e-10,5.389561358909625e-10,3.280543373250947e-10,3.552812550029003e-10,3.227855018143647e-10,1.564859204082274e-10,9.62299665953878e-11,9.630588099150013e-11,2.7453029647119635e-10
545,1.3098729227761474,6.5995333099821585e-12,1.508877042441965e-12,1.828344897044579e-11,4.4325223722971946e-12,1.7359928385535774e-11,7.094545362635392e-12,-1.9788561662737698e-11,1.1760457447983559e-11,5.815513269976221e-11,9.632658491758093e-11,4.3083897872377156e-10,5.228472265586721e-10,4.918678791132194e-10,4.810459996508311e-10,2.897370165364911e-10,4.6212292484061476e-10,2.689540390267189e-10,1.832993869546322e-10,2.2237773387721898e-10,1.15374824372416e-10,1.817629046774725e-10
546,1.348973607038122,2.1814409467070087e-12,9.159918846098679e-14,-1.056527625532479e-12,3.10245196479347e-12,2.042975598179426e-11,-9.664969164427207e-12,-5.098812359554577e-11,1.1842332065110134e-11,1.1917775917206613e-10,1.323548670823675e-10,3.392589257252536e-10,5.873716398139375e-10,5.012436207030713e-10,4.696459787355071e-10,2.897370165364911e-10,4.6212292484061476e-10,2.689540390267189e-10,1.832993869546322e-10,2.2237773387721898e-10,1.15374824372416e-10,1.817629046774725e-10
547,1.3880742913000965,1.6669797513676758e-11,-1.2961912556763317e-11,-8.651104174553399e-12,4.328375349889181e-12,1.492251162453685e-11,3.3575494307057455e-11,-7.5312099870259e-12,4.9256522499606736e-12,1.226867609594534e-10,9.05887741097997e-11,3.852345033203208e-10,5.246873664196847e-10,4.0808693235821785e-10,5.16521236030576e-10,2.897370165364911e-10,4.6212292484061476e-10,2.689540390267189e-10,1.832993869546322e-10,2.2237773387721898e-10,1.15374824372416e-10,1.817629046774725e-10
548,1.427174975562071,-1.0974963037598857e-11,2.2890386235953255e-11,2.5651537114967144e-11,-3.160109262192533e-11,-1.8525622167293798e-11,-7.447139499035355e-12,-1.2276173426632341e-11,-3.2875325167052696e-12,1.5425836617150098e-10,1.0525656470354157e-10,3.504020297389186e-10,4.6174335286116044e-10,4.810503913927297e-10,3.86338399019455e-10,2.897370165364911e-10,4.6212292484061476e-10,2.689540390267189e-10,1.832993869546322e-10,2.2237773387721898e-10,1.15374824372416e-10,1.817629046774725e-10
549,1.4662756598240456,-6.926404386483906e-12,-1.5095044342416297e-11,-2.1991333927359193e-11,-1.3486098323505321e-11,3.5448258536690466e-11,2.033878418525227e-11,1.635170992105725e-11,1.138966895224111e-11,1.5651258455557788e-10,1.5100063476054774e-10,3.502752966150991e-10,5.153944405344116e-10,4.79084773191309e-10,3.870652323057881e-10,2.897370165364911e-10,4.6212292484061476e-10,2.689540390267189e-10,1.832993869546322e-10,2.2237773387721898e-10,1.15374824372416e-10,1.817629046774725e-10
550,1.5053763440860202,3.0538291079504695e-12,1.3800107870015266e-11,-8.220086075387845e-12,-2.5581896636339675e-12,3.2574177151301006e-11,-1.216826205407436e-11,-1.1602982130789344e-11,2.7055012351589343e-11,1.0034847942117495e-10,1.041156528938887e-10,1.5617473412424467e-10,5.346729327436405e-10,5.235909994211064e-10,5.38444811654212e-10,5.257203668565241e-10,4.784834182452985e-10,3.766715476800379e-10,1.7662958577418876e-10,2.448709811660386e-10,1.1131434527910247e-10,2.5384330989178367e-10
551,1.5444770283479947,-1.6943653991351753e-11,-1.467594668561982e-11,5.827214125122428e-12,3.031995876713884e-11,5.4639543298504575e-12,1.615784588492234e-11,-1.5339727106770096e-12,1.6924832240431247e-11,9.96799935631047e-11,9.511477784580349e-11,2.4856569089717134e-10,5.115325309147502e-10,4.3105699734009247e-10,5.207241330401426e-10,5.257203668565241e-10,4.784834182452985e-10,3.766715476800379e-10,1.7662958577418876e-10,2.448709811660386e-10,1.1131434527910247e-10,2.5384330989178367e-10
552,1.5835777126099693,-2.067036069935625e-11,-2.545955525305469e-12,8.487982332048901e-12,1.3702862156414579e-11,-6.4019049239529425e-12,1.3437475466491707e-11,2.9119758441856096e-11,3.6354212153324346e-12,1.4441208080522663e-10,1.3108157562384053e-10,2.7145513604541666e-10,4.895989170239053e-10,4.4481946170826677e-10,6.355728894706563e-10,5.257203668565241e-10,4.784834182452985e-10,3.766715476800379e-10,1.7662958577418876e-10,2.448709811660386e-10,1.1131434527910247e-10,2.5384330989178367e-10
553,1.6226783968719438,1.1752615051809308e-11,1.7433960606402766e-11,8.930293481664356e-12,2.6656932316918385e-11,1.463391144170985e-11,1.0166882525717406e-11,-5.9188133135834105e-12,4.3528436262052716e-12,1.5808545555167814e-10,1.4152733376105037e-10,1.5593287462327078e-10,4.597385226782722e-10,4.840395991552732e-10,4.12723043337814e-10,5.257203668565241e-10,4.784834182452985e-10,3.766715476800379e-10,1.7662958577418876e-10,2.448709811660386e-10,1.1131434527910247e-10,2.5384330989178367e-10
554,1.6617790811339184,-6.640941161717618e-13,5.7347365883840195e-11,3.9756557352076913e-11,-1.6887502434208793e-11,2.030678720829524e-11,4.051068217767927e-12,-2.1293046963281255e-11,-1.053139710448637e-11,1.6843459536678006e-10,1.3147338174162327e-10,2.1906071395055076e-10,4.412455248795133e-10,5.106965314722769e-10,4.2728511842952084e-10,5.257203668565241e-10,4.784834182452985e-10,3.766715476800379e-10,1.7662958577418876e-10,2.448709811660386e-10,1.1131434527910247e-10,2.5384330989178367e-10
555,1.700879765395893,3.638934608919452e-11,8.572680211787886e-12,2.8735167328669674e-11,1.276146090803632e-11,1.5463950663083776e-11,8.272786978340465e-12,-2.725765987109516e-11,7.494507572466603e-12,1.3120234852639027e-10,1.746595758309549e-10,1.624188500352143e-10,6.197277983488323e-10,4.5961931825500835e-10,7.264609294220699e-10,3.6350886977858805e-10,3.72586600310238e-10,2.8849603575053975e-10,1.696843596364432e-10,2.4675378366279524e-10,8.718799739084487e-11,2.474834402119112e-10
556,1.7399804496578675,-3.936882928151159e-12,8.572680211787886e-12,-3.0351328352262084e-11,-1.6946477254049538e-11,-3.1564076510724568e-12,8.272786978340465e-12,1.4499649617590344e-11,-1.799139813317249e-11,1.7889290133802214e-10,2.021518801985128e-10,1.4992842234232575e-10,4.6516702937714557e-10,4.169096281631132e-10,6.013339284390049e-10,3.6350886977858805e-10,3.72586600310238e-10,2.8849603575053975e-10,1.696843596364432e-10,2.4675378366279524e-10,8.718799739084487e-11,2.474834402119112e-10
557,1.779081133919842,1.3366580203514685e-12,5.361062090939414e-12,-1.0257226930681338e-11,-7.8383182249844e-12,-8.783483831096352e-14,1.466967276881684e-11,4.773447023078735e-11,6.604238747754919e-12,2.0074118995737962e-10,1.5863191372387218e-10,2.019743283469011e-10,5.260415914078008e-10,4.0134717700293166e-10,7.369333517065449e-10,3.6350886977858805e-10,3.72586600310238e-10,2.8849603575053975e-10,1.696843596364432e-10,2.4675378366279524e-10,8.718799739084487e-11,2.474834402119112e-10
558,1.8181818181818166,-4.286340105893946e-12,2.545390872885264e-11,-6.494758895740414e-12,1.4671241247932314e-11,5.832421476328081e-11,-3.3954438893483667e-12,-7.912036749721385e-12,5.729341019858391e-12,2.0930351820599927e-10,2.5718354331144133e-10,2.2026781558447038e-10,4.841710377168656e-10,5.024651523462685e-10,6.131665359326101e-10,3.6350886977858805e-10,3.72586600310238e-10,2.8849603575053975e-10,1.696843596364432e-10,2.4675378366279524e-10,8.718799739084487e-11,2.474834402119112e-10
559,1.8572825024437911,2.293022560891396e-11,3.538489197265183e-13,-1.557876334436383e-11,-2.304221502766669e-11,-4.449461948398451e-12,2.890707265497115e-11,8.344309632383855e-12,-9.60599434450138e-12,1.7899830314384186e-10,1.5493030268401747e-10,1.9457173365876958e-10,5.163778770268704e-10,4.5087410532534104e-10,5.677863530625393e-10,3.6350886977858805e-10,3.72586600310238e-10,2.8849603575053975e-10,1.696843596364432e-10,2.4675378366279524e-10,8.718799739084487e-11,2.474834402119112e-10
560,1.8963831867057657,1.8750542092251514e-11,5.23464266297713e-11,-1.1487542057420244e-12,7.717545322264153e-12,9.719552242284424e-12,-4.526003735918479e-12,-9.590309551982364e-12,3.4452274210199533e-11,2.0815288182509697e-10,1.9758823296041242e-10,2.2028036341867315e-10,7.081683832721234e-10,4.502762010335209e-10,4.0923035373452386e-10,3.6350886977858805e-10,3.72586600310238e-10,2.8849603575053975e-10,1.696843596364432e-10,2.4675378366279524e-10,8.718799739084487e-11,2.474834402119112e-10
561,1.9354838709677402,1.701392186206876e-11,2.0992526337914915e-12,1.2509563139853834e-11,2.0504729290113495e-11,1.281510289852625e-11,2.972393665047894e-11,2.37285815492052e-11,2.6475929817432825e-13,1.8355536276909445e-10,2.489945131252172e-10,8.984280537658679e-11,5.201823803057213e-10,4.891136295427569e-10,4.601290740126431e-10,4.717546422447586e-10,4.330157142327056e-10,2.7662892171323943e-10,1.3627324195521666e-10,2.5865038511005864e-10,5.135502226273747e-10,2.228708637548825e-10
562,1.9745845552297148,-5.155905004439687e-12,-1.4725510630170764e-11,5.979042917006373e-12,-2.6420719341084406e-11,-6.768929069374792e-12,2.2470661187578505e-11,-1.9955447855392192e-11,-1.692357745701951e-11,2.6411779009426994e-10,1.5461692052900016e-10,3.070191483510951e-10,5.603436053054876e-10,4.6014915054706075e-10,4.730881633067087e-10,4.717546422447586e-10,4.330157142327056e-10,2.7662892171323943e-10,1.3627324195521666e-10,2.5865038511005864e-10,5.135502226273747e-10,2.228708637548825e-10
563,2.0136852394916893,1.4493689396320552e-11,-1.7551910246084256e-11,7.77150100862838e-12,-1.2910152741348326e-11,1.8327366389430665e-11,2.3222276446016552e-11,1.583975829247324e-11,1.8437787328982766e-11,1.8148402906589486e-10,2.2775291228156188e-10,3.615987757429032e-10,7.545919185420313e-10,4.5798527656803297e-10,4.70884763650424e-10,4.717546422447586e-10,4.330157142327056e-10,2.7662892171323943e-10,1.3627324195521666e-10,2.5865038511005864e-10,5.135502226273747e-10,2.228708637548825e-10
564,2.0527859237536674,2.2437409427209947e-11,-1.3498959853411867e-11,-7.019258358441919e-12,1.4495257875606558e-11,1.0083439429475404e-11,7.038707501281458e-12,1.6114555857685756e-11,-1.5360744728128014e-11,2.0034781536039597e-10,2.0381948734164598e-10,3.359993121392252e-10,6.211033546546924e-10,5.23755062350978e-10,4.6236572542921147e-10,4.717546422447586e-10,4.330157142327056e-10,2.7662892171323943e-10,1.3627324195521666e-10,2.5865038511005864e-10,5.135502226273747e-10,2.228708637548825e-10
565,2.091886608015642,1.821255370815073e-11,2.863729422323513e-11,1.3898608367368818e-11,3.1928277394386566e-11,9.6574404639568e-12,-7.388164678938883e-12,1.6841702839978325e-11,-4.89302788134041e-12,2.873839839594422e-10,1.7661923381102034e-10,1.7950743150981344e-10,5.277719377210098e-10,5.376103806909398e-10,3.200510150825308e-10,4.717546422447586e-10,4.330157142327056e-10,2.7662892171323943e-10,1.3627324195521666e-10,2.5865038511005864e-10,5.135502226273747e-10,2.228708637548825e-10
566,2.1309872922776165,1.9728332058462286e-12,-2.4786363958234672e-11,1.249136878000034e-12,1.5656873611255048e-11,3.1567840861727094e-11,-1.8622867880979567e-11,-5.868621977624913e-12,1.510508260962507e-11,2.6978250976872173e-10,3.1631897554509024e-10,1.9201040703673424e-10,6.504361125789667e-10,4.6201595455542387e-10,4.0388434904452543e-10,4.448313821503801e-10,1.8403845437929348e-10,2.7436968419551536e-10,1.2931421320019778e-10,2.2011347722601864e-10,1.4944156638172107e-10,2.5690498139599345e-10
567,2.170087976539591,-7.874079551920913e-12,4.4244917585813435e-11,1.4239282061399781e-11,-1.3470099835112075e-11,-4.107533470870424e-12,1.587238266083782e-11,3.37423804998825e-11,8.496452120056892e-12,3.031914315790843e-10,2.473846260186834e-10,2.874922090279595e-10,6.965977118139095e-10,5.068443464238648e-10,6.111958985976279e-10,4.448313821503801e-10,1.8403845437929348e-10,2.7436968419551536e-10,1.2931421320019778e-10,2.2011347722601864e-10,1.4944156638172107e-10,2.5690498139599345e-10
568,2.2091886608015656,2.86774472921553e-11,4.315200124278939e-12,-1.2124344635089281e-11,-6.142792151174147e-12,-1.9260925246742233e-13,-1.6450210418069994e-11,1.0447326616325362e-11,2.916116629384753e-12,2.970975759806273e-10,2.832171619727714e-10,2.651460850934217e-10,6.594495354615103e-10,5.235602572276462e-10,3.464758124696394e-10,4.448313821503801e-10,1.8403845437929348e-10,2.7436968419551536e-10,1.2931421320019778e-10,2.2011347722601864e-10,1.4944156638172107e-10,2.5690498139599345e-10
569,2.24828934506354,3.107251511337011e-11,-1.4056083684477817e-11,2.1402840511255237e-11,2.992689786594435e-11,-2.4573678171520223e-11,3.2304398719392553e-12,-6.317834435109303e-13,1.3148875283835306e-11,3.0038071675551935e-10,2.412383832132335e-10,2.678043437333542e-10,6.107121795956802e-10,3.813735347881969e-10,4.547695804009896e-10,4.448313821503801e-10,1.8403845437929348e-10,2.7436968419551536e-10,1.2931421320019778e-10,2.2011347722601864e-10,1.4944156638172107e-10,2.5690498139599345e-10
570,2.2873900293255147,-3.380386488654681e-11,1.399083495149506e-13,3.439424047781103e-11,6.053075137873414e-12,1.0867051664699765e-11,5.7588284298213784e-12,5.8617206687324196e-12,-9.713592021270339e-12,3.45822070316636e-10,2.777152504448648e-10,3.9948601951987877e-10,5.393360215663761e-10,4.701071116361282e-10,3.702900329863769e-10,4.448313821503801e-10,1.8403845437929348e-10,2.7436968419551536e-10,1.2931421320019778e-10,2.2011347722601864e-10,1.4944156638172107e-10,2.5690498139599345e-10
571,2.3264907135874893,-1.0348198727479156e-11,1.0760395075468396e-11,-4.0523230010944706e-12,3.3405471155319654e-12,-5.416272560715428e-12,-1.5702986901189318e-11,-9.09341532416887e-12,-9.108159029150352e-12,3.6287614524753983e-10,3.1435994495660275e-10,4.008546745171018e-10,8.32733868682309e-10,4.882917464134316e-10,3.52840387587455e-10,3.2156522495457914e-10,3.91536966659724e-10,2.696485616404765e-10,1.3972954283973654e-10,2.339506012064672e-10,1.0580961048832759e-10,2.6478439377717986e-10
572,2.365591397849464,-1.662901705309324e-11,1.1079737451584856e-11,3.2031483329257015e-11,-1.8049745561520485e-11,3.3904247558719285e-12,2.4525369010295685e-11,9.011227011253474e-12,1.6129613258541527e-11,2.847329403239355e-10,3.1136258110175496e-10,4.528949339964522e-10,5.929836585854367e-10,3.768199258173905e-10,4.1985021306881397e-10,3.2156522495457914e-10,3.91536966659724e-10,2.696485616404765e-10,1.3972954283973654e-10,2.339506012064672e-10,1.0580961048832759e-10,2.6478439377717986e-10
573,2.4046920821114384,-3.971703167550215e-12,6.35798750479743e-12,-4.0893391115279375e-12,5.710519268596903e-12,1.7689936420524236e-11,-1.7540617195634276e-11,9.28414240139088e-12,1.6366453625868318e-11,3.1898789984406534e-10,3.5013789783240763e-10,3.727196073511164e-10,5.35831097824928e-10,4.986675503757986e-10,4.783880547066876e-10,3.2156522495457914e-10,3.91536966659724e-10,2.696485616404765e-10,1.3972954283973654e-10,2.339506012064672e-10,1.0580961048832759e-10,2.6478439377717986e-10
574,2.443792766373413,-2.1403467902747888e-11,2.5014107146060643e-11,-9.589682160233864e-12,4.470479570268216e-12,-1.329254798350041e-11,2.1836368177073875e-11,-1.4793896326494925e-12,2.2292168248258902e-11,3.246767740990439e-10,4.143533206746396e-10,3.7439254732368543e-10,1.0391096635124288e-09,4.481389912018437e-10,3.2961026874517877e-10,3.2156522495457914e-10,3.91536966659724e-10,2.696485616404765e-10,1.3972954283973654e-10,2.339506012064672e-10,1.0580961048832759e-10,2.6478439377717986e-10
575,2.4828934506353875,1.663905532021682e-11,-3.78254456952897e-12,-2.0291729807524728e-11,2.906705753839227e-12,8.611578497296465e-12,7.215004569310783e-12,4.2335764637665834e-11,-7.175165196264902e-12,3.359851958259922e-10,4.21098722555236e-10,3.2806312080880634e-10,1.0753747860443717e-09,4.213637955491138e-10,3.93778323513809e-10,3.2156522495457914e-10,3.91536966659724e-10,2.696485616404765e-10,1.3972954283973654e-10,2.339506012064672e-10,1.0580961048832759e-10,2.6478439377717986e-10
576,2.521994134897362,-2.6469028502223663e-11,2.9826201498664606e-12,1.2240412101060109e-12,1.4513452235034313e-11,2.98412588987531e-11,2.5724941943915144e-11,-7.708134446803977e-12,3.621995032971648e-11,3.19017073558154e-10,3.7484960217828257e-10,4.300014108020122e-10,1.2975175617301061e-09,4.937202531122197e-10,4.763929490953041e-10,4.585436551825959e-10,3.561796799195754e-10,1.9424988171591498e-10,1.5042155221990395e-10,2.452348683528889e-10,1.0053450106079467e-10,2.3623618917575287e-10
577,2.5610948191593366,7.357422485564171e-12,9.99936894131432e-12,1.3961974929193288e-11,1.787878132284178e-11,1.121525405920135e-11,7.825958608425548e-11,-3.314322142473594e-11,1.1438919200917915e-11,3.8579758737265653e-10,4.887578984478704e-10,3.9275285177744026e-10,1.037986946062374e-09,4.646996225593803e-10,4.704283361873198e-10,4.585436551825959e-10,3.561796799195754e-10,1.9424988171591498e-10,1.5042155221990395e-10,2.452348683528889e-10,1.0053450106079467e-10,2.3623618917575287e-10
578,2.600195503421311,5.322791197179401e-12,6.616974799277611e-11,3.1644382649247054e-11,2.1792450758429467e-12,-2.497646364387862e-11,4.7023008041186065e-12,3.070204031341655e-11,3.9159907843839295e-11,3.919645341043578e-10,5.393887224693285e-10,4.2213956538824935e-10,1.3736738171334376e-09,3.438329249264369e-10,4.524215669575024e-10,4.585436551825959e-10,3.561796799195754e-10,1.9424988171591498e-10,1.5042155221990395e-10,2.452348683528889e-10,1.0053450106079467e-10,2.3623618917575287e-10
579,2.6392961876832857,-1.3876649657791115e-11,2.2968182806799687e-11,2.76924423204106e-11,4.4197863208256426e-11,5.57625744447733e-12,2.6827269164187626e-12,-9.533844298709355e-12,1.0285459557403102e-11,3.6539700510486597e-10,4.5146228504565593e-10,3.9527967185595096e-10,1.5154740662859897e-09,2.744543820753395e-10,3.570319915464012e-10,4.585436551825959e-10,3.561796799195754e-10,1.9424988171591498e-10,1.5042155221990395e-10,2.452348683528889e-10,1.0053450106079467e-10,2.3623618917575287e-10
580,2.67839687194526,-3.702238431688411e-12,2.606122389604766e-11,2.0228990637278235e-11,1.7514580439947024e-11,1.322353489628029e-11,-6.378691431133756e-12,1.5849169167848382e-11,-2.140440899037074e-11,4.889737211931566e-10,5.140370785878943e-10,4.229197269692834e-10,1.254398498552834e-09,2.8424232001318065e-10,4.5841598097123896e-10,4.585436551825959e-10,3.561796799195754e-10,1.9424988171591498e-10,1.5042155221990395e-10,2.452348683528889e-10,1.0053450106079467e-10,2.3623618917575287e-10
581,2.7174975562072348,3.091503979609053e-11,-1.4103765453783354e-11,3.8199998540329556e-11,-2.2177982958642204e-11,1.3977032329963744e-11,3.547272681403082e-12,-8.843713426850383e-12,2.1874325374874215e-11,4.2964724818649673e-10,5.421025052749113e-10,3.353847819673488e-10,1.13724627348897e-09,3.1119004838379016e-10,4.0783315241487506e-10,4.5768475594283696e-10,4.2212293950819284e-10,2.414987507693388e-10,1.4043598589603374e-10,2.3436781668818906e-10,3.4389033126707703e-10,1.9346187773862143e-10
582,2.7565982404692093,3.004139685152056e-11,1.6403783432090872e-11,-3.4786360291467993e-11,-5.532653721281417e-12,5.485411126131683e-11,2.9091525815219734e-11,-2.89321683228651e-11,2.9581205038436964e-11,4.065940538040839e-10,5.382076575909258e-10,4.0692061118488185e-10,9.657788666366208e-10,2.6983113262564984e-10,5.274701623124875e-10,4.5768475594283696e-10,4.2212293950819284e-10,2.414987507693388e-10,1.4043598589603374e-10,2.3436781668818906e-10,3.4389033126707703e-10,1.9346187773862143e-10
583,2.795698924731184,4.742767568827663e-12,2.4325858449276783e-11,-9.001816135707892e-12,9.329000908169137e-12,4.2894770643977336e-11,3.909528649860293e-11,-4.202897009652004e-12,-2.4685353894398734e-11,4.100983501537836e-10,4.868569015917712e-10,3.986566076902532e-10,1.1635832360382792e-09,2.7797122625907157e-10,3.500149290589938e-10,4.5768475594283696e-10,4.2212293950819284e-10,2.414987507693388e-10,1.4043598589603374e-10,2.3436781668818906e-10,3.4389033126707703e-10,1.9346187773862143e-10
584,2.8347996089931584,1.9756564685866093e-11,2.7897599406995637e-11,2.049374993553774e-11,2.349644661965118e-11,1.806448926641677e-11,-1.725515397137924e-11,1.5935121831084246e-11,-1.5556804634871385e-11,4.486038884527003e-10,4.5983357252117933e-10,4.26883901436363e-10,1.327567742065509e-09,3.369811801523128e-10,3.2404624543877424e-10,4.5768475594283696e-10,4.2212293950819284e-10,2.414987507693388e-10,1.4043598589603374e-10,2.3436781668818906e-10,3.4389033126707703e-10,1.9346187773862143e-10
585,2.873900293255133,7.356481398026567e-12,1.2838316391686316e-11,-8.694394201789909e-12,7.136894302419639e-12,4.0027590553506356e-13,1.4065494559852834e-11,4.768804324514975e-12,-1.0412192681137387e-11,4.632512888160651e-10,4.4715743688446006e-10,4.643755747454059e-10,1.6445586541226898e-09,2.983191076238246e-10,4.0678007544353325e-10,4.5768475594283696e-10,4.2212293950819284e-10,2.414987507693388e-10,1.4043598589603374e-10,2.3436781668818906e-10,3.4389033126707703e-10,1.9346187773862143e-10
586,2.9130009775171075,7.392242725048509e-12,2.7932733342354118e-11,2.399145867238912e-12,2.7203704185157404e-12,3.1492553857533546e-11,3.91184999915925e-11,1.1530204693419371e-11,-1.1418528970199719e-12,4.2523041060671863e-10,5.820570047089769e-10,4.656196924899295e-10,1.7067112130496445e-09,4.5594750832099105e-10,4.0708843846490335e-10,5.153671489953127e-10,2.9213616240373024e-10,2.6290974737281285e-10,1.351244877494747e-10,3.2630893361102964e-10,2.947015670718752e-10,2.5150815797777663e-10
587,2.952101661779082,3.1815033192223284e-12,6.8636652164078105e-12,2.3549147522603635e-11,-3.788128355579098e-11,-1.4822128952278698e-11,2.5078728491382185e-11,9.16932972011084e-12,1.1858016857543757e-11,4.6326383665009735e-10,6.285511215453908e-10,5.112690263999876e-10,1.65600823898265e-09,3.0859201934711014e-10,3.9217063227830973e-10,5.153671489953127e-10,2.9213616240373024e-10,2.6290974737281285e-10,1.351244877494747e-10,3.2630893361102964e-10,2.947015670718752e-10,2.5150815797777663e-10
588,2.9912023460410566,2.128018543346013e-11,-1.0025719394240293e-12,-4.8472282871099096e-12,6.207099800536157e-12,-2.1224033876231638e-11,1.8769677539046345e-11,-4.960158793485416e-12,-2.45805794800717e-11,4.545747752776582e-10,6.710060906064912e-10,5.166068749978523e-10,1.7405596227472655e-09,4.2905342194087164e-10,3.4770204955069465e-10,5.153671489953127e-10,2.9213616240373024e-10,2.6290974737281285e-10,1.351244877494747e-10,3.2630893361102964e-10,2.947015670718752e-10,2.5150815797777663e-10
589,3.030303030303031,4.997802295582246e-12,2.231820500394628e-11,1.6049934512364285e-11,-2.1227484530507516e-11,2.0371408553616783e-11,2.4520977268567807e-11,-2.2673936097724997e-12,3.035289683137766e-11,4.686302315703875e-10,6.298448032342948e-10,5.37649278976448e-10,1.6172062581045617e-09,2.9648273211304715e-10,4.791271221311788e-10,5.153671489953127e-10,2.9213616240373024e-10,2.6290974737281285e-10,1.351244877494747e-10,3.2630893361102964e-10,2.947015670718752e-10,2.5150815797777663e-10
590,3.0694037145650057,9.898672573267421e-12,3.6499767028576e-11,3.2517711898540452e-12,5.720871231765216e-12,2.6287084908628164e-11,3.9219510055428426e-11,1.4126351555024353e-11,4.2583584359824165e-11,4.075652561582993e-10,6.168308171662424e-10,5.109060803005898e-10,1.5528242627653787e-09,3.215573825582344e-10,5.041299362266188e-10,5.153671489953127e-10,2.9213616240373024e-10,2.6290974737281285e-10,1.351244877494747e-10,3.2630893361102964e-10,2.947015670718752e-10,2.5150815797777663e-10
591,3.1085043988269803,5.9856305299393294e-12,-5.051757981946472e-12,3.9193786995615533e-11,-1.6138710438127553e-11,5.331449202541475e-11,-8.20314649937177e-12,-8.794776874218436e-12,9.204149959509924e-12,4.715946573608263e-10,5.882744564725109e-10,5.15465649492581e-10,1.6391132078473737e-09,3.4864752884518234e-10,4.916862492154129e-10,5.483993220889188e-10,3.3363624129496764e-10,2.8519030887457736e-10,1.5204398716047e-10,2.7086883850026206e-10,3.1934237615536983e-10,2.084954376939471e-10
592,3.147605083088955,7.0876440538281525e-12,2.265511434868101e-12,9.82056230629086e-12,3.772819998023977e-12,-6.430764943019415e-13,-3.661457970934702e-12,3.07170977150397e-12,8.28746794418966e-11,4.1800787733693726e-10,5.638836629822089e-10,4.968421542199378e-10,1.6522363600719926e-09,2.962549889253915e-10,3.388928426673691e-10,5.483993220889188e-10,3.3363624129496764e-10,2.8519030887457736e-10,1.5204398716047e-10,2.7086883850026206e-10,3.1934237615536983e-10,2.084954376939471e-10
593,3.1867057673509294,1.5701732117947945e-11,1.868874400979831e-11,-2.7579511814205734e-11,-2.4584343830391654e-12,-1.3598715133921254e-11,-9.967371964528006e-12,-1.3655180387023754e-11,3.043163449001737e-11,4.791707258544599e-10,5.549856801731202e-10,5.488877465286389e-10,1.6617953000387668e-09,2.8234257794049346e-10,4.782199137306213e-10,5.483993220889188e-10,3.3363624129496764e-10,2.8519030887457736e-10,1.5204398716047e-10,2.7086883850026206e-10,3.1934237615536983e-10,2.084954376939471e-10
594,3.225806451612904,3.8962593153598933e-11,2.4009653031561787e-11,3.4578693638230123e-11,1.5317768396425007e-12,8.902060855198294e-12,2.7250131170794916e-11,5.0015666458175964e-12,-1.7811023019118713e-11,5.336565581870282e-10,6.194918990688726e-10,5.419663612756316e-10,1.880333396701691e-09,3.111934990381512e-10,4.670758686294187e-10,5.483993220889188e-10,3.3363624129496764e-10,2.8519030887457736e-10,1.5204398716047e-10,2.7086883850026206e-10,3.1934237615536983e-10,2.084954376939471e-10
595,3.2649071358748785,4.989112920521884e-11,4.3084870329621427e-11,6.7118364245238765e-12,5.2982915511055095e-11,-4.364764068488947e-12,-6.108912999398146e-12,1.2197122072459422e-11,5.406516619640047e-11,3.8190462186366087e-10,6.262743170599876e-10,6.529554039573479e-10,1.7946608639658804e-09,3.930656065407091e-10,3.957800167380403e-10,5.483993220889188e-10,3.3363624129496764e-10,2.8519030887457736e-10,1.5204398716047e-10,2.7086883850026206e-10,3.1934237615536983e-10,2.084954376939471e-10
596,3.304007820136853,1.2449992297732661e-10,1.3612517751365224e-11,-1.9154268651209584e-12,-1.880951691226274e-11,2.44180850289744e-12,-9.389544207295831e-12,3.725389185417869e-11,2.5387091512667108e-11,5.444524008938997e-10,5.180037626217121e-10,5.925335050394763e-10,1.4881473933267366e-09,2.814422708486583e-10,3.348091500810661e-10,4.695217551787667e-10,3.664318877162688e-10,2.460341653808027e-10,1.3463073048006244e-10,2.4257347275455484e-10,3.0045725854346554e-10,3.2799410772303567e-10
597,3.3431085043988276,2.1137485190911366e-10,2.9663079655988748e-12,2.0779213159792766e-11,2.5402776305186252e-11,4.654619034812992e-12,2.6413190640868513e-12,-3.015620953297097e-11,5.1238452884612693e-11,4.985555609572165e-10,6.806180451720065e-10,8.589695074709703e-10,1.4382499902046294e-09,3.1499894340470997e-10,4.4470809968117727e-10,4.695217551787667e-10,3.664318877162688e-10,2.460341653808027e-10,1.3463073048006244e-10,2.4257347275455484e-10,3.0045725854346554e-10,3.2799410772303567e-10
598,3.382209188660802,-1.8078291883520656e-12,-8.406421410881788e-12,6.048056004226489e-12,2.2674877186370476e-11,8.365640950127934e-12,-3.4006512406222864e-11,-2.572305976884023e-11,9.199068086722121e-11,3.9351325051993106e-10,7.359081936660505e-10,5.549972869195296e-10,1.2970551740456468e-09,3.4416575622412326e-10,4.0850885327762683e-10,4.695217551787667e-10,3.664318877162688e-10,2.460341653808027e-10,1.3463073048006244e-10,2.4257347275455484e-10,3.0045725854346554e-10,3.2799410772303567e-10
599,3.4213098729227767,3.745748046139225e-11,-1.4989015144762577e-11,-1.7870625230622738e-11,1.2556931213370126e-11,6.120707963246717e-11,4.8790997856319886e-11,-1.3890452275149801e-12,1.7503883411453477e-10,4.342225021707509e-10,9.170079453149741e-10,5.685743570396624e-10,1.1205598500954925e-09,4.945885632274389e-10,5.295543575455937e-10,4.695217551787667e-10,3.664318877162688e-10,2.460341653808027e-10,1.3463073048006244e-10,2.4257347275455484e-10,3.0045725854346554e-10,3.2799410772303567e-10
600,3.460410557184751,2.2799728134944532e-11,-2.732980991688697e-11,-2.3088014622749136e-12,3.293806432419074e-14,2.643640413368864e-11,7.904821745329729e-11,6.714973383096046e-12,1.4756441041044537e-10,3.3291693670893474e-10,8.378759710692195e-10,7.383807443620671e-10,1.414261041099234e-09,3.690857546148993e-10,4.53730306047177e-10,4.695217551787667e-10,3.664318877162688e-10,2.460341653808027e-10,1.3463073048006244e-10,2.4257347275455484e-10,3.0045725854346554e-10,3.2799410772303567e-10
601,3.4995112414467258,-5.3020872708428e-12,-2.7329809916886974e-11,8.25835696931817e-12,1.5720553869038993e-11,-1.3482647669316388e-12,7.904821745329731e-11,1.7445881048601112e-11,1.8776578847896108e-10,3.7002652847135856e-10,9.200304048375456e-10,6.880413437861335e-10,9.603685542964078e-10,3.2817511022772963e-10,6.624992865234364e-10,4.695217551787667e-10,3.664318877162688e-10,2.460341653808027e-10,1.3463073048006244e-10,2.4257347275455484e-10,3.0045725854346554e-10,3.2799410772303567e-10
602,3.5386119257087003,8.141348416918574e-12,-2.6886243983945226e-11,-7.27335199765898e-12,-2.4047923924640523e-12,-2.3376614804894795e-12,3.809522412668273e-12,6.757008626663095e-13,2.3084030684541435e-10,3.3703168518431604e-10,7.868012674188595e-10,8.731272286109474e-10,1.030622308571958e-09,5.231003791102664e-10,3.94311292764348e-10,4.814560001283826e-10,2.6058965285991774e-10,2.4195862888654837e-10,1.179835190677973e-10,2.746382078430725e-10,3.172035978450035e-10,2.1900864043943222e-10
603,3.577712609970675,5.847290659625212e-12,-2.6683596464013275e-11,1.7102697787746748e-11,3.736713605625781e-11,9.807387080765828e-12,5.792833059964441e-11,2.149757665811787e-11,2.143819403353813e-10,3.455497823181617e-10,8.817689219105519e-10,8.730579018284499e-10,1.384009781722844e-09,3.3204862659380057e-10,5.126163500793816e-10,4.814560001283826e-10,2.6058965285991774e-10,2.4195862888654837e-10,1.179835190677973e-10,2.746382078430725e-10,3.172035978450035e-10,2.1900864043943222e-10
604,3.6168132942326494,8.172090610293703e-12,-3.8035621914328127e-11,1.723758700378546e-11,2.6315003839390522e-11,-9.216384098351165e-13,1.9355033996748654e-11,4.08362984707696e-11,3.550519433358736e-10,2.617700903465719e-10,8.989371821311574e-10,9.175653828419996e-10,1.6074713347656323e-09,3.902003086391165e-10,5.465551041817965e-10,4.814560001283826e-10,2.6058965285991774e-10,2.4195862888654837e-10,1.179835190677973e-10,2.746382078430725e-10,3.172035978450035e-10,2.1900864043943222e-10
605,3.655913978494624,-1.6975964664097782e-11,5.192419201457329e-11,1.860843787178732e-11,2.5992838200065118e-12,-1.4194109858917725e-11,4.7856811612367414e-11,6.742766835474371e-11,4.4925919908533104e-10,2.6764310406609525e-10,8.788568833272766e-10,8.00769829960986e-10,1.490758283892982e-09,4.733645293512073e-10,4.3115675262077255e-10,4.814560001283826e-10,2.6058965285991774e-10,2.4195862888654837e-10,1.179835190677973e-10,2.746382078430725e-10,3.172035978450035e-10,2.1900864043943222e-10
606,3.6950146627565985,-7.645708972601919e-12,2.2032741779690977e-11,2.571553106836955e-11,3.827779511117599e-11,1.7492308034580244e-11,2.491246969030544e-11,6.4251184169423604e-12,4.048141435463236e-10,3.071769373640785e-10,8.36216520018561e-10,8.378279756045514e-10,1.5921956016126914e-09,5.041384060145417e-10,5.356074326832114e-10,4.814560001283826e-10,2.6058965285991774e-10,2.4195862888654837e-10,1.179835190677973e-10,2.746382078430725e-10,3.172035978450035e-10,2.1900864043943222e-10
607,3.734115347018573,-2.345817572537937e-12,5.906265479636161e-12,-2.087959583170993e-12,2.7636604458378397e-13,1.6389980814646896e-11,4.3805116003021445e-11,4.4386708110573667e-11,5.020225275008641e-10,3.3018495954358315e-10,9.151056936758045e-10,9.693248845343563e-10,1.5580814915302962e-09,4.61569879055573e-10,5.498250697309931e-10,4.959638058381921e-10,3.320991316257185e-10,2.6088578174270363e-10,1.6588362070774232e-10,2.5215813578114196e-10,3.7309478758952475e-10,2.38327913110097e-10
608,3.7732160312805476,-1.7564458080201616e-11,3.3434331174216244e-11,-2.421230055132309e-11,-9.189092558654085e-12,1.484847940366992e-11,4.368904853824442e-11,5.025972182992692e-11,5.923484244878206e-10,4.183102801372936e-10,6.493635864652965e-10,7.190470416834032e-10,1.6252277747062974e-09,3.9645258064222e-10,6.090505326737317e-10,4.959638058381921e-10,3.320991316257185e-10,2.6088578174270363e-10,1.6588362070774232e-10,2.5215813578114196e-10,3.7309478758952475e-10,2.38327913110097e-10
609,3.812316715542522,-2.6256342715682413e-12,1.7742637323476777e-11,2.5969624707757188e-11,-5.903755912812893e-12,2.559507186186465e-11,6.243613997604976e-11,7.244868414323026e-11,5.67107828937516e-10,6.429503884908085e-10,8.873799995945988e-10,7.726849541311294e-10,1.5286088252562506e-09,3.940427691161091e-10,5.783346897428711e-10,4.959638058381921e-10,3.320991316257185e-10,2.6088578174270363e-10,1.6588362070774232e-10,2.5215813578114196e-10,3.7309478758952475e-10,2.38327913110097e-10
610,3.8514173998044967,1.6716851891573773e-12,6.450841476687202e-11,4.811404221015645e-11,4.473240093816674e-11,5.914045136721084e-11,7.340231952985142e-11,1.1290227367588807e-10,6.874986499640895e-10,4.442240669830999e-10,1.053616841831001e-09,9.477316306412416e-10,1.5000957545896707e-09,3.143499066893088e-10,4.715595234256381e-10,4.959638058381921e-10,3.320991316257185e-10,2.6088578174270363e-10,1.6588362070774232e-10,2.5215813578114196e-10,3.7309478758952475e-10,2.38327913110097e-10
611,3.8905180840664713,1.3338347577730687e-11,1.9309171663462743e-10,3.170335746934359e-11,8.552478198969528e-11,7.32404524708441e-11,6.662962611015601e-11,1.989659851374774e-10,6.101318422716252e-10,4.1282405340165e-10,1.0475596886458248e-09,9.950404156026408e-10,1.6726206301555162e-09,2.839653265769336e-10,4.2832282430421806e-10,4.959638058381921e-10,3.320991316257185e-10,2.6088578174270363e-10,1.6588362070774232e-10,2.5215813578114196e-10,3.7309478758952475e-10,2.38327913110097e-10
612,3.929618768328446,1.688499286738521e-11,4.576508767904635e-11,6.494758895740551e-12,9.463701906495513e-11,3.0421596222808743e-11,9.453977335109891e-11,2.141965460873396e-10,6.477461706584631e-10,4.296121142514795e-10,7.888017058591676e-10,9.699209066509308e-10,1.7317532391262118e-09,2.990001413160122e-10,4.774689258635909e-10,4.396102284094675e-10,2.6280560035023467e-10,2.460793375841373e-10,1.2001313122330256e-10,1.9043345799486574e-10,2.560009099546052e-10,2.241896411121919e-10
613,3.9687194525904204,1.0286714340729652e-11,7.002820695824707e-11,-2.233514457979163e-11,9.473708804133901e-11,1.7954946675380864e-10,2.1839003222144618e-10,4.0626122250622714e-10,6.159599974837732e-10,4.0239303896993327e-10,8.809304129015963e-10,4.426402166323387e-10,1.571857444819699e-09,3.4001712859670977e-10,4.043564612999782e-10,4.396102284094675e-10,2.6280560035023467e-10,2.460793375841373e-10,1.2001313122330256e-10,1.9043345799486574e-10,2.560009099546052e-10,2.241896411121919e-10
614,4.007820136852395,9.607876519491035e-12,-5.766357130121419e-12,-3.9845646973714505e-11,5.8390718283592e-11,2.8824319689481973e-10,3.267029355989093e-10,5.342761074924664e-10,5.15592696312019e-10,3.434728020896518e-10,8.871315524804364e-10,8.039773700358954e-10,1.6872498361594532e-09,3.5160850398117477e-10,5.622220160603454e-10,4.396102284094675e-10,2.6280560035023467e-10,2.460793375841373e-10,1.2001313122330256e-10,1.9043345799486574e-10,2.560009099546052e-10,2.241896411121919e-10
615,4.0469208211143695,-1.270907370095798e-11,-3.142291337856499e-11,6.150320851559415e-12,4.097840269123367e-11,3.410865177524044e-10,5.302507623334888e-10,5.222847698981698e-10,4.6338147259407525e-10,4.1598548018645473e-10,1.2272841976851039e-09,7.650072481813997e-10,1.7439174231346882e-09,3.437018000608042e-10,4.516006249157997e-10,4.396102284094675e-10,2.6280560035023467e-10,2.460793375841373e-10,1.2001313122330256e-10,1.9043345799486574e-10,2.560009099546052e-10,2.241896411121919e-10
616,4.086021505376344,-2.1059029858652154e-11,-1.1353907625389887e-11,1.474872412298982e-11,2.5822187657771768e-11,3.266709386228047e-10,5.544254193838233e-10,5.61432129907977e-10,3.984298055898796e-10,4.3843575114391234e-10,1.0076895733963056e-09,5.866081041133013e-10,1.6367865257218863e-09,4.416451733936409e-10,5.329215688083909e-10,4.396102284094675e-10,2.6280560035023467e-10,2.460793375841373e-10,1.2001313122330256e-10,1.9043345799486574e-10,2.560009099546052e-10,2.241896411121919e-10
617,4.125122189638319,1.5040147568599893e-11,-2.5234949024994264e-11,-1.010351596372229e-11,2.722221224003283e-11,3.150108638469937e-10,6.267969343471029e-10,6.183403216006032e-10,3.085339856152333e-10,4.58245330428946e-10,9.200912618328875e-10,5.914722719760859e-10,1.3975852833642873e-09,3.4400075220662907e-10,6.488717113711302e-10,6.161908776306828e-10,3.091579266629109e-10,2.2806064791058715e-10,1.3630649371481834e-10,2.585223972035948e-10,3.0957827910132877e-10,1.4441866841764808e-10
618,4.164222873900293,-2.2978221074093716e-11,6.905700460317917e-12,5.4780079040449905e-11,1.4782916970896116e-11,2.7062603791166556e-10,7.209903874794571e-10,6.092462788845154e-10,3.811275972409434e-10,4.757009360476884e-10,1.205211930227985e-09,1.0362864008548314e-09,1.7250828105540198e-09,4.339113158870239e-10,5.0374440402598e-10,6.161908776306828e-10,3.091579266629109e-10,2.2806064791058715e-10,1.3630649371481834e-10,2.585223972035948e-10,3.0957827910132877e-10,1.4441866841764808e-10
619,4.203323558162268,-1.2715661313805682e-11,1.863353354939993e-13,2.5247496859111896e-11,-2.4001183243638885e-11,1.3686299015481764e-10,6.885605104192284e-10,5.470385094878697e-10,2.602276478476312e-10,5.222185800734774e-10,1.0822237075560537e-09,7.44378609030335e-10,1.3108568503951187e-09,3.660739607509441e-10,5.909716133981223e-10,6.161908776306828e-10,3.091579266629109e-10,2.2806064791058715e-10,1.3630649371481834e-10,2.585223972035948e-10,3.0957827910132877e-10,1.4441866841764808e-10
620,4.242424242424242,4.053891480405998e-11,1.3512762470855914e-11,-5.9727690000328195e-12,2.414516963883508e-12,1.0389104666463459e-10,5.314892335532985e-10,3.4161729113207957e-10,3.7479439170808027e-10,5.096773336532228e-10,9.416785555041354e-10,9.022036970257373e-10,1.352909975070972e-09,3.4155957109539465e-10,4.716479856554419e-10,6.161908776306828e-10,3.091579266629109e-10,2.2806064791058715e-10,1.3630649371481834e-10,2.585223972035948e-10,3.0957827910132877e-10,1.4441866841764808e-10
621,4.281524926686217,-1.9726136188450777e-11,3.0704549880071136e-12,1.0373921787377508e-11,2.2246054958154136e-11,1.194208734565371e-10,5.881872490260337e-10,4.372637834448399e-10,2.7731622932214517e-10,4.3857314992643323e-10,1.0831880086009506e-09,5.296456430383512e-10,1.5660151732928684e-09,2.674492400302161e-10,5.326370466716734e-10,6.161908776306828e-10,3.091579266629109e-10,2.2806064791058715e-10,1.3630649371481834e-10,2.585223972035948e-10,3.0957827910132877e-10,1.4441866841764808e-10
622,4.320625610948192,2.6223090955225775e-11,-2.034631288640386e-12,2.194616172402555e-12,9.394877036817323e-12,1.3100252426941174e-10,5.336574992751625e-10,3.636148989762417e-10,1.1279310751923639e-10,2.640697946295166e-10,9.026394205625049e-10,8.59536042177923e-10,1.370924900393349e-09,3.8927490587913166e-10,6.235975503646681e-10,4.317672047469658e-10,2.9109720174562126e-10,2.7263745570731644e-10,1.3405917663946336e-10,1.6159351625152802e-10,1.63301276464093e-10,2.9234633862362115e-10
623,4.359726295210166,3.207006791889131e-11,-1.493443206690577e-11,4.637679458796578e-12,1.2988576704028753e-11,6.934560478685878e-11,5.001001993269362e-10,3.1441170477184725e-10,1.525810344569479e-10,2.4355722294246167e-10,9.290416318493105e-10,6.05922985040874e-10,1.6553256368111763e-09,4.058631424715562e-10,5.847174592198588e-10,4.317672047469658e-10,2.9109720174562126e-10,2.7263745570731644e-10,1.3405917663946336e-10,1.6159351625152802e-10,1.63301276464093e-10,2.9234633862362115e-10
624,4.3988269794721395,-1.2428943306053804e-11,-4.07302692726036e-12,4.2342038554639664e-11,2.1923889319339844e-11,5.383585452954374e-11,3.572587936465194e-10,2.456821986363215e-10,1.9080895192795456e-10,2.964752034131734e-10,9.70847250498709e-10,7.020190035082722e-10,1.6206336989707817e-09,3.2525460185627586e-10,6.094307320449345e-10,4.317672047469658e-10,2.9109720174562126e-10,2.7263745570731644e-10,1.3405917663946336e-10,1.6159351625152802e-10,1.63301276464093e-10,2.9234633862362115e-10
625,4.437927663734115,-1.8602791346562195e-11,3.607627763005165e-11,1.5108219568111916e-11,2.4089959169402402e-11,7.190222597120662e-11,3.395669750502379e-10,2.169075056303949e-10,1.6130240650213323e-10,2.927437912673109e-10,9.687872098463002e-10,3.917841589899631e-10,1.6985535524489697e-09,5.135618293737842e-10,5.119600983593841e-10,4.317672047469658e-10,2.9109720174562126e-10,2.7263745570731644e-10,1.3405917663946336e-10,1.6159351625152802e-10,1.63301276464093e-10,2.9234633862362115e-10
626,4.47702834799609,3.5617026905102322e-12,-1.0810586411597127e-11,-1.9397069240829396e-11,-1.0589744532663589e-11,3.640189392331251e-11,2.9038511216478155e-10,1.591868416839892e-10,2.094321335052351e-10,2.2949204207848298e-10,6.322687310737243e-10,6.835934503175325e-10,1.7878850335882095e-09,5.241889037127558e-10,6.3428955974475e-10,4.317672047469658e-10,2.9109720174562126e-10,2.7263745570731644e-10,1.3405917663946336e-10,1.6159351625152802e-10,1.63301276464093e-10,2.9234633862362115e-10
627,4.516129032258064,1.8796969078145252e-11,-1.3514644645930817e-11,3.943596019246334e-11,4.8498319627468445e-11,2.4355973250988465e-11,2.1467775552212271e-10,1.3842707766720638e-10,1.419495683762485e-10,1.6038955157635105e-10,3.099638113029907e-10,5.797682797810344e-10,1.3364817233627352e-09,5.09468412216232e-10,7.186850366715429e-10,4.872135737735136e-10,3.1385960007528095e-10,2.8605924638197126e-10,1.210527192726483e-10,1.974608724458674e-10,3.013475273677511e-10,3.186967900947557e-10
628,4.555229716520038,-1.6163806106277372e-11,-5.928851581732814e-13,-2.032811852603878e-11,-1.4817423514420782e-11,5.194050419867023e-11,1.6711581800938487e-10,8.084506728681761e-11,1.0796532837496568e-10,2.1690844671827362e-10,5.583908486338883e-10,4.5322933377308356e-10,1.5492995761859841e-09,3.5588794277834683e-10,5.25704682064005e-10,4.872135737735136e-10,3.1385960007528095e-10,2.8605924638197126e-10,1.210527192726483e-10,1.974608724458674e-10,3.013475273677511e-10,3.186967900947557e-10
629,4.594330400782013,2.123375844748101e-11,2.4098115262819093e-12,2.8843078701398243e-11,-2.612208089121932e-11,1.552167070019139e-12,1.4659007109757257e-10,5.4451953180535794e-11,6.102576343079063e-11,1.381811401202084e-10,8.853582298361207e-10,9.901633862097786e-10,1.4069867480135257e-09,4.815137201644706e-10,4.4228166227501e-10,4.872135737735136e-10,3.1385960007528095e-10,2.8605924638197126e-10,1.210527192726483e-10,1.974608724458674e-10,3.013475273677511e-10,3.186967900947557e-10
630,4.633431085043989,2.3974832792077306e-11,-1.347825592724557e-11,6.898171760018011e-12,-1.01549620834332e-11,3.051884193649458e-11,1.25800819671509e-10,6.329002008199109e-11,1.008080438432777e-10,1.5717950193444754e-10,1.113408212087665e-09,5.237810991064947e-10,1.693592452567606e-09,5.743987479023427e-10,4.4178351326386995e-10,4.872135737735136e-10,3.1385960007528095e-10,2.8605924638197126e-10,1.210527192726483e-10,1.974608724458674e-10,3.013475273677511e-10,3.186967900947557e-10
631,4.672531769305962,3.2636916321377063e-12,7.764599700076984e-12,-6.943971354248025e-12,-5.161551529664887e-12,3.207038161476572e-11,1.1168827073290626e-10,2.2810080097942053e-11,1.1621396077329065e-10,1.339289928618796e-10,8.098403454877838e-10,5.180451704738739e-10,1.4560961471588509e-09,5.792914620877236e-10,5.070595417775731e-10,4.872135737735136e-10,3.1385960007528095e-10,2.8605924638197126e-10,1.210527192726483e-10,1.974608724458674e-10,3.013475273677511e-10,3.186967900947557e-10
632,4.711632453567936,1.3078607413203443e-11,-6.300518424948465e-11,5.884306770144269e-12,-3.154149041025075e-11,-4.579959422265653e-11,4.571175938485648e-11,8.635419381863533e-12,1.9425929259128938e-11,1.1328968805134597e-10,5.861246988068017e-10,5.318797848880104e-10,1.3353361061154801e-09,4.860560360848271e-10,4.969108536111132e-10,5.343269262198324e-10,3.2989447718551087e-10,2.08231933180037e-10,1.2941898761401327e-10,2.715294819616465e-10,2.450165360400968e-10,1.0689688030851354e-10
633,4.750733137829911,1.9224222827075454e-11,3.8992394260547655e-12,1.9850046049487517e-11,5.044229281982402e-13,2.0911592808837505e-11,5.865359540669108e-11,2.1199565597863793e-12,6.34324379981592e-11,1.398399637791181e-10,6.411930643342891e-10,5.621341812224611e-10,1.5403815168420516e-09,3.752426630793919e-10,5.166213050070449e-10,5.343269262198324e-10,3.2989447718551087e-10,2.08231933180037e-10,1.2941898761401327e-10,2.715294819616465e-10,2.450165360400968e-10,1.0689688030851354e-10
634,4.789833822091887,5.245308321866153e-12,2.607439912225627e-12,1.0501282302774759e-11,-2.9672176835234504e-11,4.449524687488083e-11,4.6565012098709056e-11,6.204903930606606e-13,4.609729158575142e-11,1.7003914964353688e-10,8.427696263427345e-10,3.1051560230393864e-10,1.334348905273042e-09,6.086571580765779e-10,6.222383062430756e-10,5.343269262198324e-10,3.2989447718551087e-10,2.08231933180037e-10,1.2941898761401327e-10,2.715294819616465e-10,2.450165360400968e-10,1.0689688030851354e-10
635,4.8289345063538605,-3.273918116879529e-11,2.8841196526152543e-11,9.488672096227364e-12,2.785085872522776e-11,-8.060101191455657e-12,-1.6834801531085775e-11,1.5063047365629368e-11,5.160830029239169e-11,1.112365487074037e-10,4.967731411326325e-10,4.5349691633438196e-10,1.1266800561459372e-09,4.366263534759333e-10,4.299405538070113e-10,5.343269262198324e-10,3.2989447718551087e-10,2.08231933180037e-10,1.2941898761401327e-10,2.715294819616465e-10,2.450165360400968e-10,1.0689688030851354e-10
636,4.868035190615834,-7.149442136537269e-12,2.2178296653921258e-12,6.420726675043988e-12,2.59743301454446e-11,-8.212557374061752e-13,5.6901290383904197e-11,2.0455479041436576e-11,6.380416758203602e-11,1.397235826190637e-10,7.692653556609982e-10,4.758483730979295e-10,1.481103666691382e-09,4.221878745493034e-10,6.174211927575065e-10,5.343269262198324e-10,3.2989447718551087e-10,2.08231933180037e-10,1.2941898761401327e-10,2.715294819616465e-10,2.450165360400968e-10,1.0689688030851354e-10
637,4.90713587487781,2.1837936656189245e-11,4.5341598281368975e-12,-1.3811400921317324e-11,-2.295312540619835e-12,1.9819303856877075e-12,-3.723569750114186e-12,9.492436446377175e-12,5.045484065399114e-12,1.5169798063657685e-10,6.473054279878776e-10,5.777546661146898e-10,7.657165145004798e-10,4.6402674495932637e-10,4.2137069685792113e-10,5.635081690491202e-10,4.3025707292017426e-10,2.2221712160119693e-10,8.435406907377879e-11,2.3910650621082187e-10,2.6843895044075645e-10,1.3388664392311815e-10
638,4.946236559139785,1.449023874204481e-11,-1.289227207779468e-11,1.6671052295809993e-11,1.6090714972947622e-11,2.4173402265814782e-11,-3.767424429361988e-11,4.1803109083086155e-11,2.345221550487731e-11,1.1408114268317106e-10,6.397679440837079e-10,5.228999274615395e-10,1.2564309339706958e-09,6.217994457477359e-10,6.498084071816504e-10,5.635081690491202e-10,4.3025707292017426e-10,2.2221712160119693e-10,8.435406907377879e-11,2.3910650621082187e-10,2.6843895044075645e-10,1.3388664392311815e-10
639,4.985337243401759,3.2116808600744567e-11,2.5626441446902957e-11,-1.6696147964044695e-11,-3.79477870768658e-12,3.397326064593943e-11,5.015996655009856e-12,1.0456737491871092e-11,2.5846969630047082e-11,9.058720563051371e-11,5.503087887330257e-10,5.596418676872191e-10,1.1617261566009949e-09,4.750556636826074e-10,5.461068328109964e-10,5.635081690491202e-10,4.3025707292017426e-10,2.2221712160119693e-10,8.435406907377879e-11,2.3910650621082187e-10,2.6843895044075645e-10,1.3388664392311815e-10
640,5.024437927663732,2.773447756449106e-11,-1.3500214636909337e-11,2.3168948150974565e-11,-5.220840045465136e-12,-2.9587792651281895e-12,-6.627138544955256e-12,3.2601782386018506e-11,2.4667473230674635e-11,1.0180528295181614e-10,3.641648078027113e-10,5.321586604986506e-10,1.3631891607118275e-09,6.278264841296664e-10,4.585985519563272e-10,5.635081690491202e-10,4.3025707292017426e-10,2.2221712160119693e-10,8.435406907377879e-11,2.3910650621082187e-10,2.6843895044075645e-10,1.3388664392311815e-10
641,5.063538611925708,2.2517088173387344e-12,3.755503987163461e-11,2.0034499211099623e-11,-1.5372978866200856e-11,1.9873886934225098e-11,4.2636285262009416e-11,5.17610701713871e-11,-1.657600245452239e-11,1.0074373619331858e-10,5.209220751220459e-10,4.0956381242395884e-10,1.2785276697033634e-09,6.385504904867906e-10,4.172653592579999e-10,5.635081690491202e-10,4.3025707292017426e-10,2.2221712160119693e-10,8.435406907377879e-11,2.3910650621082187e-10,2.6843895044075645e-10,1.3388664392311815e-10
642,5.102639296187683,1.2882233810159801e-11,2.938514513032966e-11,7.1698323654647245e-12,2.5715844764329505e-11,1.5401838884415683e-11,-1.9259043066730172e-11,1.4341546908051571e-11,-6.35023921729165e-11,1.259429238912058e-10,4.2822495119869836e-10,3.696306443078928e-10,9.85774467561189e-10,3.994615512434774e-10,5.519315373692954e-10,5.61338648544782e-10,2.473956053741119e-10,2.467926819476216e-10,1.1511571160006344e-10,2.33186438113912e-10,2.1975398178106721e-10,4.304346247728943e-10
643,5.141739980449657,6.4633893098499775e-12,2.9892705018549393e-11,1.7358046211824933e-11,2.226707258027961e-11,-5.9953551011035785e-12,2.1895970437017578e-13,2.0814347094980338e-11,6.303718122644173e-11,1.0203584940276624e-10,6.150728656178042e-10,3.721813052712266e-10,7.440573844788877e-10,3.560212635149287e-10,5.405857858362098e-10,5.61338648544782e-10,2.473956053741119e-10,2.467926819476216e-10,1.1511571160006344e-10,2.33186438113912e-10,2.1975398178106721e-10,4.304346247728943e-10
644,5.1808406647116305,1.3072960887552318e-11,-2.442498633871957e-11,-1.7447135832609763e-11,2.131437828059899e-11,1.8771559715315083e-11,1.909780339895545e-12,5.847290659539957e-12,-8.113429486497498e-12,1.1807104020997832e-10,3.9075021746575685e-10,3.377826730510909e-10,8.064599589997176e-10,5.971442066559012e-10,4.561281971310042e-10,5.61338648544782e-10,2.473956053741119e-10,2.467926819476216e-10,1.1511571160006344e-10,2.33186438113912e-10,2.1975398178106721e-10,4.304346247728943e-10
645,5.219941348973606,7.466274945744921e-12,-2.442498633871957e-11,-3.856702268506938e-11,2.3300386712566967e-11,1.0205153419477274e-11,1.909780339895545e-12,2.7531202652469527e-11,2.8897661779084676e-11,1.2700007890814589e-10,3.853502570893087e-10,2.826111015891588e-10,5.070325639345192e-10,3.5835955238716674e-10,6.296427831063672e-10,5.61338648544782e-10,2.473956053741119e-10,2.467926819476216e-10,1.1511571160006344e-10,2.33186438113912e-10,2.1975398178106721e-10,4.304346247728943e-10
646,5.259042033235581,1.2651353663932223e-11,9.466085994475102e-12,2.5148996360564863e-11,6.299326380489974e-12,1.3448768517283003e-11,-2.06957700632096e-11,-1.466653581024481e-11,-8.64075221129992e-12,1.262688538804259e-10,5.002721046525552e-10,3.246375621175761e-10,1.0790089524766334e-09,5.320846282782948e-10,5.347381814807104e-10,5.61338648544782e-10,2.473956053741119e-10,2.467926819476216e-10,1.1511571160006344e-10,2.33186438113912e-10,2.1975398178106721e-10,4.304346247728943e-10
647,5.298142717497555,-2.6676695161599743e-12,-1.1272346704904828e-11,2.0304277640789948e-11,3.04175181768695e-11,1.8002377486554846e-11,1.1958085834694768e-11,8.475434497419874e-12,2.9262490054324635e-11,1.3205811080706584e-10,3.407367468786169e-10,3.3907070821494027e-10,9.392969766046612e-10,6.083315417840846e-10,3.829144088075107e-10,5.61338648544782e-10,2.473956053741119e-10,2.467926819476216e-10,1.1511571160006344e-10,2.33186438113912e-10,2.1975398178106721e-10,4.304346247728943e-10
648,5.337243401759529,2.917810587037465e-11,-3.767926342658451e-11,1.4250575111849713e-11,-3.903631167782362e-12,1.808644797607986e-11,6.342930105049609e-12,1.2737933718234743e-11,-9.988389585459939e-12,1.3759076452868806e-10,4.393824852209592e-10,3.71117876336887e-10,1.2935395846446448e-09,5.670548143385189e-10,5.468973463550282e-10,5.402137425562884e-10,3.1851798345922083e-10,2.379037963191419e-10,8.087831904624878e-11,2.861840973295222e-10,1.4498583051600803e-10,2.784044402291863e-10
649,5.376344086021504,6.807513658412309e-12,-1.942530186712461e-11,1.2153204651939708e-11,6.087895377272381e-12,1.5270086627289736e-11,-2.949493867864466e-11,1.8161734980784793e-11,3.235584483867959e-11,9.67842671629887e-11,3.1061661236828613e-10,4.229052969606024e-10,8.188133016050216e-10,6.012222527158707e-10,5.418044942167946e-10,5.402137425562884e-10,3.1851798345922083e-10,2.379037963191419e-10,8.087831904624878e-11,2.861840973295222e-10,1.4498583051600803e-10,2.784044402291863e-10
650,5.41544477028348,-2.364325627839968e-12,-2.7403214745664446e-11,1.6697402748564877e-11,7.449021673939891e-12,9.178740595145183e-13,-1.7222529603014595e-11,-1.8723877944474765e-11,1.763409855899977e-11,1.0942589625797357e-10,4.208819587221562e-10,5.42605359723739e-10,1.2132682670690344e-09,7.560590740362671e-10,5.55670478215458e-10,5.402137425562884e-10,3.1851798345922083e-10,2.379037963191419e-10,8.087831904624878e-11,2.861840973295222e-10,1.4498583051600803e-10,2.784044402291863e-10
651,5.454545454545453,-1.7774634300774758e-11,-4.965993536388436e-11,5.4835916901974344e-11,-1.2180182496954813e-11,9.816170565244898e-12,1.812722843717472e-11,2.758955008149948e-11,2.274608614453965e-11,1.303447040701284e-10,4.3945055722081224e-10,3.4161791852331654e-10,1.1284342433434581e-09,5.144897417006782e-10,4.601751873027479e-10,5.402137425562884e-10,3.1851798345922083e-10,2.379037963191419e-10,8.087831904624878e-11,2.861840973295222e-10,1.4498583051600803e-10,2.784044402291863e-10
652,5.493646138807427,-2.516844550442709e-11,-1.029110608151985e-11,2.0484966451399695e-11,-5.560572652469977e-12,7.607751774205078e-12,-6.156594767510068e-12,2.3285643007329644e-11,9.626070878833626e-11,1.502427455848805e-10,3.790716346343884e-10,4.3262202594044493e-10,1.2047611492900202e-09,4.4494588113655324e-10,5.294928731586737e-10,5.402137425562884e-10,3.1851798345922083e-10,2.379037963191419e-10,8.087831904624878e-11,2.861840973295222e-10,1.4498583051600803e-10,2.784044402291863e-10
653,5.532746823069402,1.545830413734726e-11,1.1873387954615034e-11,3.543947505323451e-11,-7.288409398599802e-12,2.708199019498482e-11,2.0766037933244822e-11,1.7905131774914827e-11,-4.519823927613438e-11,2.0819962250677966e-10,4.73030756965387e-10,3.6535936160328077e-10,9.554391376968087e-10,6.682665847417774e-10,6.391621973963954e-10,4.832126968932386e-10,3.835546620391151e-10,3.128645568358161e-10,1.4157156487539799e-10,2.132316176499272e-10,1.6173216981822778e-10,3.364475835101108e-10
654,5.571847507331378,4.895537448163928e-11,-1.2695271083770053e-11,5.180373280500172e-12,2.969350815331953e-11,2.516907289753948e-11,8.395755752010122e-12,1.2611827986504855e-11,-1.492376640837472e-11,1.8209542227860255e-10,4.540534127736141e-10,3.209670069673113e-10,5.716561050779488e-10,7.018869375547608e-10,5.542268499099153e-10,4.832126968932386e-10,3.835546620391151e-10,3.128645568358161e-10,1.4157156487539799e-10,2.132316176499272e-10,1.6173216981822778e-10,3.364475835101108e-10
655,5.6109481915933515,-1.7184258707550238e-12,-1.731287400661481e-11,5.269462902478427e-11,3.057593458100462e-11,1.8341796399135e-11,3.877594412180437e-11,3.176546924715942e-11,-1.7545636328769825e-11,2.015674648281773e-10,4.518205257071104e-10,3.622217757029584e-10,1.1217722845594447e-09,5.883224519380319e-10,4.232155421563658e-10,4.832126968932386e-10,3.835546620391151e-10,3.128645568358161e-10,1.4157156487539799e-10,2.132316176499272e-10,1.6173216981822778e-10,3.364475835101108e-10
656,5.650048875855325,-1.9401460982557264e-11,7.522426503569782e-12,-1.6208664612799834e-11,9.898045181859729e-12,8.632282424314818e-12,1.612898586738981e-11,3.88462119918396e-11,-1.6733164074989756e-11,1.8262305870038753e-10,3.4771679325507957e-10,3.424840327671605e-10,7.820114454729012e-10,6.327461761580164e-10,6.047516447335498e-10,4.832126968932386e-10,3.835546620391151e-10,3.128645568358161e-10,1.4157156487539799e-10,2.132316176499272e-10,1.6173216981822778e-10,3.364475835101108e-10
657,5.6891495601173006,-1.3438730248624814e-12,5.980987831307424e-11,1.4489611349784581e-11,-9.488672095374959e-12,-1.0583470615519778e-11,2.0149939282934805e-11,3.3685915246609485e-11,5.4202878675136665e-11,2.2138363172631447e-10,3.1854119695229567e-10,3.7621794347997266e-10,9.798082861736629e-10,3.62565586354794e-10,5.794367032676123e-10,4.832126968932386e-10,3.835546620391151e-10,3.128645568358161e-10,1.4157156487539799e-10,2.132316176499272e-10,1.6173216981822778e-10,3.364475835101108e-10
658,5.728250244379276,2.1163647424914222e-10,-9.31174763661969e-12,-1.8075154932450757e-12,2.7396627132902148e-11,9.514395155869889e-12,3.455987188730938e-11,2.0390230291749765e-12,5.654022645966657e-11,2.099713766727472e-10,3.6243195192276387e-10,7.406842129954177e-10,6.117862741885513e-10,6.193406976683108e-10,5.972734493451803e-10,3.745735498285501e-10,3.674708483752303e-10,2.4182624923852666e-10,1.263554339364334e-10,2.1080110219833228e-10,1.9658001449542238e-10,2.469219246389463e-10
659,5.76735092864125,-4.21594675706594e-11,2.199321610260476e-11,6.55624328248971e-12,-4.86510895032235e-12,1.7788436918559742e-11,-2.6736924758884488e-11,1.253528620410003e-12,7.805756595504906e-11,1.959209395136648e-10,3.692040179507109e-10,6.389150050654743e-10,8.729804189536481e-10,6.055405897990628e-10,5.196233742991542e-10,3.745735498285501e-10,3.674708483752303e-10,2.4182624923852666e-10,1.263554339364334e-10,2.1080110219833228e-10,1.9658001449542238e-10,2.469219246389463e-10
660,5.806451612903223,-2.956661818134985e-10,-1.8351207272804737e-11,2.0230245422309724e-11,2.8732030369927118e-11,4.871759302651935e-11,2.436161977672471e-11,-3.712904090560434e-11,-3.516216791642419e-12,2.190497345958046e-10,3.4787709183531237e-10,4.175922303346722e-10,5.865528936432694e-10,6.419155058791501e-10,4.724570072546907e-10,3.745735498285501e-10,3.674708483752303e-10,2.4182624923852666e-10,1.263554339364334e-10,2.1080110219833228e-10,1.9658001449542238e-10,2.469219246389463e-10
661,5.845552297165199,1.0898734945697337e-11,4.219209193748962e-11,-1.4280062522494862e-11,1.1466524435464705e-11,-1.0461129233939978e-11,6.7864960373098764e-12,4.546707660549997e-12,-1.0023523522182491e-11,2.707907282327738e-10,4.2157679503178803e-10,5.275915626069563e-10,7.040781030732286e-10,6.166789883745289e-10,5.720300305321779e-10,3.745735498285501e-10,3.674708483752303e-10,2.4182624923852666e-10,1.263554339364334e-10,2.1080110219833228e-10,1.9658001449542238e-10,2.469219246389463e-10
662,5.884652981427174,4.3820173403791764e-11,2.0574683464444616e-11,-2.4692882595039515e-11,-5.45705302078739e-12,-6.906327851554957e-12,-3.2476304046889456e-11,1.0715222874179756e-11,-1.27771457003849e-11,2.874818570647062e-10,3.4941671107112904e-10,5.258383164969728e-10,7.355486982206729e-10,6.470359632514193e-10,6.3020900411719e-10,3.745735498285501e-10,3.674708483752303e-10,2.4182624923852666e-10,1.263554339364334e-10,2.1080110219833228e-10,1.9658001449542238e-10,2.469219246389463e-10
663,5.923753665689148,7.312250282315029e-12,-6.132753885499789e-12,-2.6595134234294698e-11,1.0410310506062487e-11,-1.218394684539858e-12,-2.0026343121950906e-12,1.0654993270074622e-11,-2.69593351164223e-11,2.532893230191192e-10,4.17544548565452e-10,9.921089278766112e-10,4.719321940960296e-10,7.380306597929167e-10,5.754000650586958e-10,4.518707170430689e-10,3.390794916981403e-10,2.778830777248861e-10,9.337345217810366e-11,3.0823001433388587e-10,2.0483648928847233e-10,3.2250443033115546e-10
664,5.9628543499511215,-1.6393745164967377e-11,1.5786429998624756e-11,-2.5882417261194862e-11,2.898549661535009e-12,-1.0303026525934744e-11,2.581716853265145e-12,1.3971385803374953e-11,-7.693202524314907e-11,3.505253122086327e-10,7.111434747222015e-10,4.345609799945149e-10,5.237970975952289e-10,5.417323441710878e-10,5.61306337871951e-10,4.518707170430689e-10,3.390794916981403e-10,2.778830777248861e-10,9.337345217810366e-11,3.0823001433388587e-10,2.0483648928847233e-10,3.2250443033115546e-10
665,6.001955034213097,-6.584068104498405e-11,1.5793331306664835e-11,4.2857127139749336e-12,6.404100795839934e-12,1.267080280609008e-11,-3.7963471868024715e-11,6.8159834479550255e-12,-1.9415263600342248e-11,2.664626665796116e-10,3.2616965265343365e-10,7.935115353638419e-10,5.659041779577019e-10,6.094922164314285e-10,4.908047638745836e-10,4.518707170430689e-10,3.390794916981403e-10,2.778830777248861e-10,9.337345217810366e-11,3.0823001433388587e-10,2.0483648928847233e-10,3.2250443033115546e-10
666,6.041055718475075,1.750027590912127e-10,5.6337892637399396e-11,5.809647161449522e-13,2.2074777023942096e-11,-1.7711895131039724e-11,-1.8282194190701475e-12,-1.2234765574129717e-11,-3.7694007133612036e-11,3.407141607780581e-10,3.6981666594700104e-10,4.253577711215195e-10,5.510428370242961e-10,6.373186068799138e-10,4.6263424907753567e-10,4.518707170430689e-10,3.390794916981403e-10,2.778830777248861e-10,9.337345217810366e-11,3.0823001433388587e-10,2.0483648928847233e-10,3.2250443033115546e-10
667,6.08015640273705,1.2499493503032073e-10,2.575442935780047e-12,-3.24913614457847e-11,1.4832480915532274e-11,2.62814383787992e-12,2.0202012794479937e-11,-3.1118628406800446e-12,-2.544826220345713e-11,3.4756810142193804e-10,8.689939720811163e-10,5.155886182659949e-10,5.618659712687321e-10,9.075249197440571e-10,4.686870105191942e-10,4.518707170430689e-10,3.390794916981403e-10,2.778830777248861e-10,9.337345217810366e-11,3.0823001433388587e-10,2.0483648928847233e-10,3.2250443033115546e-10
668,6.119257086999024,6.35171358731248e-12,3.7512377233759474e-11,7.809144510639902e-12,5.353219694679974e-12,-5.357297740959831e-12,5.070015080344437e-11,-1.1178865340004716e-11,6.365296618147408e-11,5.150644324985703e-10,6.293987277338475e-10,7.220415822756388e-10,5.240091559906212e-10,7.727207154573838e-10,4.811027786000637e-10,4.44284923977504e-10,2.9519783390828113e-10,3.0133999866745124e-10,1.2525749845669332e-10,2.487965710426318e-10,1.8709008761723271e-10,3.1244483178727087e-10
669,6.158357771260999,4.52970534692769e-11,3.8799157616669547e-11,-1.2936816892450693e-12,3.635829020045713e-11,-1.207666286441968e-11,-4.111297822554817e-12,1.0215819078520005e-11,4.977631652240431e-11,5.005478433054759e-10,3.627083179676036e-10,8.526990411086097e-10,5.030508224997603e-10,8.092982790577441e-10,4.693040502578939e-10,4.44284923977504e-10,2.9519783390828113e-10,3.0133999866745124e-10,1.2525749845669332e-10,2.487965710426318e-10,1.8709008761723271e-10,3.1244483178727087e-10
670,6.197458455522973,1.3266511228409856e-11,3.9877643949989435e-11,7.247127024549404e-11,3.523463166192711e-11,2.329944562511463e-11,-2.6287712301399782e-11,-3.709767132499972e-12,6.218800655784666e-11,4.2639328112594945e-10,3.251909215979805e-10,4.838344420689443e-10,7.054775002634002e-10,8.347528151782602e-10,4.898887719902293e-10,4.44284923977504e-10,2.9519783390828113e-10,3.0133999866745124e-10,1.2525749845669332e-10,2.487965710426318e-10,1.8709008761723271e-10,3.1244483178727087e-10
671,6.236559139784948,-3.6023890423399665e-11,-5.126354855165425e-11,3.242234835856461e-11,5.074971474594808e-12,3.119705236598464e-11,2.7494186541524476e-11,-6.844843469748599e-13,2.8690936213554622e-11,6.66084830098344e-10,3.729457820590597e-10,4.160488467481088e-10,5.137045609862528e-10,6.983798179424485e-10,4.969303027541233e-10,4.44284923977504e-10,2.9519783390828113e-10,3.0133999866745124e-10,1.2525749845669332e-10,2.487965710426318e-10,1.8709008761723271e-10,3.1244483178727087e-10
672,6.275659824046922,8.56891586146743e-12,-1.119266794415039e-12,2.8637294224769564e-11,7.711271405034857e-12,-1.5324669704464784e-11,-1.7947794409379798e-11,-1.505238170573466e-11,3.802872060509447e-11,5.170090330787181e-10,4.373713811221204e-10,4.199458903036404e-10,5.524356466015348e-10,7.371043159452238e-10,4.0243977965101923e-10,4.44284923977504e-10,2.9519783390828113e-10,3.0133999866745124e-10,1.2525749845669332e-10,2.487965710426318e-10,1.8709008761723271e-10,3.1244483178727087e-10
673,6.314760508308897,-5.5563063885119545e-11,-8.669298533555072e-12,-3.328187499092449e-11,1.1863977082649229e-12,1.8050686647949893e-11,5.822822383564796e-12,-1.218143727976977e-11,-4.154587849280146e-12,5.067907044337159e-10,3.5600589241802847e-10,7.287844745893266e-10,5.491518784351502e-10,7.598902414631504e-10,4.660648269017312e-10,6.491157667441613e-10,3.4221080368183033e-10,3.1774629166653575e-10,1.230622548928835e-10,2.5200818916399166e-10,1.838477273024129e-10,3.6805934179167484e-10
674,6.3538611925708715,1.050347817397985e-11,-1.3311369735784878e-11,-7.166005277452918e-11,1.4051691942749607e-11,4.920005724479847e-12,1.1081619628364705e-11,3.585104400751463e-11,-3.593856515105955e-11,3.131101806865134e-10,5.078619757645707e-10,5.485395441337112e-10,6.276084655128338e-10,9.856737711922045e-10,4.766219470663714e-10,6.491157667441613e-10,3.4221080368183033e-10,3.1774629166653575e-10,1.230622548928835e-10,2.5200818916399166e-10,1.838477273024129e-10,3.6805934179167484e-10
675,6.392961876832846,-2.2562887767446928e-11,-1.3660826912589776e-11,4.745904527314471e-11,-3.129963091012964e-11,6.258859615524886e-12,1.1274856270534732e-11,3.3813275761154475e-11,9.072084006425821e-13,5.558034852568476e-10,4.860221569333919e-10,5.266972157360501e-10,9.66424452698002e-10,7.208351080327857e-10,5.907194019337247e-10,6.491157667441613e-10,3.4221080368183033e-10,3.1774629166653575e-10,1.230622548928835e-10,2.5200818916399166e-10,1.838477273024129e-10,3.6805934179167484e-10
676,6.4320625610948206,2.3486408353209733e-11,1.3064177403584643e-11,-1.8542561741604926e-11,-1.3202830970284843e-11,7.2626863381047404e-12,2.6474675027789518e-11,3.712841351334452e-11,-2.7803176955922158e-11,6.905995334492558e-10,3.92607610597978e-10,6.718326791731633e-10,5.791026171861734e-10,8.270688353120686e-10,5.964716427507838e-10,6.491157667441613e-10,3.4221080368183033e-10,3.1774629166653575e-10,1.230622548928835e-10,2.5200818916399166e-10,1.838477273024129e-10,3.6805934179167484e-10
677,6.471163245356795,3.913167521779943e-11,2.01580953754948e-11,-6.386847522329952e-12,-4.4809883813309254e-11,2.855008677735483e-11,1.4128233730269893e-11,-6.8090821382098574e-12,1.948051228199749e-13,6.382157770130918e-10,4.6394549773411904e-10,6.740793688569402e-10,6.672561704053267e-10,8.371541569164483e-10,4.2223587001490956e-10,6.491157667441613e-10,3.4221080368183033e-10,3.1774629166653575e-10,1.230622548928835e-10,2.5200818916399166e-10,1.838477273024129e-10,3.6805934179167484e-10
678,6.5102639296187705,1.239443676252908e-10,-8.065747718214671e-12,1.4530391810880014e-11,-1.5614210975852345e-11,2.6274537074169798e-11,3.864105490354853e-12,1.7571986781524844e-11,4.2703102478877e-11,8.611528305932637e-10,3.6535936160217245e-10,5.798507817900798e-10,7.36900099947029e-10,8.175412649299064e-10,4.912467613287512e-10,5.768408701004324e-10,3.230929237493057e-10,2.898587305275162e-10,1.4808138117156838e-10,2.213776715058122e-10,2.213657510631019e-10,2.9054384226504634e-10
679,6.549364613880743,2.2558182329759915e-11,5.026976009670956e-11,4.0617338783452154e-12,-7.164499537222451e-12,-7.784676234665005e-12,-1.3634476461539976e-11,2.861157116427477e-11,1.58513650387122e-11,7.785331858783776e-10,3.635549830684373e-10,6.355110913883739e-10,7.597136306989057e-10,8.500448605152126e-10,5.084360391710559e-10,5.768408701004324e-10,3.230929237493057e-10,2.898587305275162e-10,1.4808138117156838e-10,2.213776715058122e-10,2.213657510631019e-10,2.9054384226504634e-10
680,6.588465298142719,-3.634166432517397e-12,4.3436209682524537e-11,1.8908331105234608e-11,1.1442997247027405e-11,-2.687746049724955e-12,-3.3097421830164646e-11,-1.6472169128414695e-11,-1.3616282101344813e-11,6.896302132711385e-10,3.673704657027164e-10,1.1801975093864762e-09,6.610158188443366e-10,8.330688958511151e-10,4.3403334357298545e-10,5.768408701004324e-10,3.230929237493057e-10,2.898587305275162e-10,1.4808138117156838e-10,2.213776715058122e-10,2.213657510631019e-10,2.9054384226504634e-10
681,6.627565982404693,-2.242988072682465e-11,3.5364188048529305e-11,-5.054016592036422e-11,-1.5484027200398388e-12,8.363131383474972e-12,1.122466493406505e-11,1.4829030260659944e-11,-6.452723648249864e-13,7.565280493330624e-10,3.84601465092631e-10,1.4746694510956208e-09,6.702999612465798e-10,8.165120288439842e-10,5.217605841312578e-10,5.768408701004324e-10,3.230929237493057e-10,2.898587305275162e-10,1.4808138117156838e-10,2.213776715058122e-10,2.213657510631019e-10,2.9054384226504634e-10
682,6.666666666666669,-7.950307643822168e-12,5.3792564495997365e-12,-2.2835803157584853e-11,-2.2158533815632254e-11,1.5192290056954896e-11,3.668986671404843e-12,1.290858426291468e-11,2.3596829292079713e-11,8.963830705134628e-10,5.455428076711234e-10,1.160237669788674e-09,1.1291745655508495e-09,8.522332027705566e-10,4.738112322429771e-10,5.768408701004324e-10,3.230929237493057e-10,2.898587305275162e-10,1.4808138117156838e-10,2.213776715058122e-10,2.213657510631019e-10,2.9054384226504634e-10
683,6.7057673509286415,8.152014076387705e-12,-7.595203940939996e-12,-6.0292342529648065e-12,-5.336248749136179e-11,1.2542814900989808e-11,-1.694396768850475e-11,1.9428438825014883e-11,2.1203957341984626e-11,1.0721735198863501e-09,5.170855748664087e-10,7.803410150671555e-10,8.209379636032631e-10,9.854927686861462e-10,5.800628401853869e-10,5.042108697563783e-10,3.0408609214620554e-10,2.4313749789400176e-10,1.0348135988338384e-10,2.767035813263665e-10,3.212954465219907e-10,2.0725131995061726e-10
684,6.744868035190617,5.461444763112198e-11,-6.9678749780419e-11,8.359367033324602e-12,-7.641630926407588e-12,-1.1380258076439824e-11,4.120520479228954e-11,8.954008888120905e-11,-7.861218022184893e-12,1.1276280450063958e-09,6.0768877898506e-10,9.070979796908306e-10,6.06368119453528e-10,7.470632181220849e-10,6.506051946423147e-10,5.042108697563783e-10,3.0408609214620554e-10,2.4313749789400176e-10,1.0348135988338384e-10,2.767035813263665e-10,3.212954465219907e-10,2.0725131995061726e-10
685,6.7839687194525915,2.6754805422097202e-11,8.448268437284367e-11,3.160673914689438e-11,2.6956198159384833e-11,1.4013421048990002e-11,5.26419281226844e-11,2.0079671412899592e-11,7.404790558824844e-12,1.0700099596043053e-09,8.916161483642785e-10,1.1122936507297441e-09,1.0393195260363603e-09,7.396659562627928e-10,6.241120115601609e-10,5.042108697563783e-10,3.0408609214620554e-10,2.4313749789400176e-10,1.0348135988338384e-10,2.767035813263665e-10,3.212954465219907e-10,2.0725131995061726e-10
686,6.823069403714567,7.877153771266906e-11,3.07936395008549e-11,-6.011604546315434e-11,2.4440043732499873e-12,-2.9769736241297988e-12,-1.3005829974554977e-11,2.2404785058589404e-11,2.7821371315264637e-11,1.3065494926665875e-09,7.152968077872172e-10,8.843023296018251e-10,8.018216521486605e-10,8.001490258719653e-10,7.398544874690655e-10,5.042108697563783e-10,3.0408609214620554e-10,2.4313749789400176e-10,1.0348135988338384e-10,2.767035813263665e-10,3.212954465219907e-10,2.0725131995061726e-10
687,6.86217008797654,9.216697792774839e-12,-3.535164021355915e-11,1.2348950864855164e-11,1.6134004999502453e-11,1.1670113043105022e-11,-2.6758256087199633e-12,1.407929717661477e-11,9.086576754502367e-11,1.1420263708641905e-09,6.218998284199941e-10,1.1166794324207847e-09,1.0938069268483002e-09,9.10850409458648e-10,6.430545355132166e-10,5.042108697563783e-10,3.0408609214620554e-10,2.4313749789400176e-10,1.0348135988338384e-10,2.767035813263665e-10,3.212954465219907e-10,2.0725131995061726e-10
688,6.901270772238515,1.2241039491614801e-11,1.189471927269937e-11,1.549532024743992e-11,-1.8861904118914736e-11,1.4368524752724967e-11,2.3771244185204676e-11,1.0294870433374765e-11,5.867304454987184e-11,1.1626794782920835e-09,8.990510537249003e-10,8.231736739321235e-10,1.2459735690861387e-09,6.678979921166432e-10,6.396258398631581e-10,5.856776822190723e-10,2.679313905525362e-10,2.450102621243163e-10,1.0474555416198349e-10,2.637611179121015e-10,1.935152060333223e-10,2.1494565177997698e-10
689,6.94037145650049,3.2742631823412115e-11,-1.1407235919749443e-11,-2.1158157747924836e-11,1.0521986228599838e-11,-1.0740318542414729e-11,1.4140781563534715e-11,1.4901180305769505e-11,6.761525847356418e-11,1.2512248376294457e-09,6.925322135866935e-10,9.171776547693885e-10,1.0585726088813944e-09,8.840507455301136e-10,5.369349935238065e-10,5.856776822190723e-10,2.679313905525362e-10,2.450102621243163e-10,1.0474555416198349e-10,2.637611179121015e-10,1.935152060333223e-10,2.1494565177997698e-10
690,6.979472140762465,-7.648218539170088e-12,-1.1407235919749443e-11,2.777274845773969e-11,-1.0569981693864979e-11,2.7004193622944347e-11,1.414078156353471e-11,1.0321848274979832e-11,-2.5429754147984608e-11,1.2942454003088526e-09,9.572457121014078e-10,5.412759167079836e-10,1.1196990686812553e-09,9.144955552454001e-10,6.582185929427677e-10,5.856776822190723e-10,2.679313905525362e-10,2.450102621243163e-10,1.0474555416198349e-10,2.637611179121015e-10,1.935152060333223e-10,2.1494565177997698e-10
691,7.018572825024438,1.3909807309235565e-10,5.57751222985163e-13,1.2204023380670018e-11,1.1379944381162174e-11,9.508748630644888e-12,2.4144542247429446e-11,-2.7923949859409363e-11,4.659387211726422e-11,1.4209524872932103e-09,7.675688884996505e-10,6.446449734769107e-10,5.377330357684793e-10,7.76874048523508e-10,4.461473362442245e-10,5.856776822190723e-10,2.679313905525362e-10,2.450102621243163e-10,1.0474555416198349e-10,2.637611179121015e-10,1.935152060333223e-10,2.1494565177997698e-10
692,7.057673509286413,1.6798412812059512e-11,-2.002571572457473e-11,-2.473805478319682e-12,2.0943276088982402e-11,1.7626569858699892e-11,3.1111099703089534e-11,-5.3861577593451744e-12,1.9378874881657285e-11,1.3366147304031018e-09,1.1776710030036694e-09,7.665230265330751e-10,8.132226141519484e-10,8.787803415390747e-10,6.107419807017736e-10,5.856776822190723e-10,2.679313905525362e-10,2.450102621243163e-10,1.0474555416198349e-10,2.637611179121015e-10,1.935152060333223e-10,2.1494565177997698e-10
693,7.096774193548388,-2.5096922850725097e-11,-1.834116900687491e-11,-3.313569272392451e-11,2.053390300505483e-11,5.6640922815949366e-12,2.334524521065175e-12,-3.3301951527898558e-12,-1.8843709751899265e-12,1.4308464544284491e-09,9.906922774143788e-10,6.834466406588693e-10,1.121555834421813e-09,9.45443846801348e-10,5.885451759920402e-10,5.856776822190723e-10,2.679313905525362e-10,2.450102621243163e-10,1.0474555416198349e-10,2.637611179121015e-10,1.935152060333223e-10,2.1494565177997698e-10
694,7.135874877810363,7.612833647333681e-11,-7.371852490750047e-13,-6.940834396869831e-12,-1.0265069326599688e-11,2.5758193704539597e-11,1.1733479605099879e-11,-6.6352946356399195e-12,8.206095240521644e-11,1.3467135409293927e-09,9.967676249573631e-10,1.3635464602853184e-09,1.201465460681693e-09,6.998375625613945e-10,5.191421648641155e-10,4.632779529628189e-10,2.7189462393301637e-10,2.0773315677663737e-10,6.37643282087341e-11,2.2062354667935718e-10,1.8609943612017747e-10,2.837485627446215e-10
695,7.174975562072336,-3.5090331570854436e-11,-2.5949548173339254e-11,9.109727507924506e-12,-4.187525913092666e-12,9.698848316629995e-12,7.383145546314708e-12,4.5017236771098986e-11,-4.801585540859201e-11,1.2954201912707077e-09,1.323931066065827e-09,5.580624090781858e-10,9.721707332928537e-10,8.307829941862963e-10,5.28447952279977e-10,4.632779529628189e-10,2.7189462393301637e-10,2.0773315677663737e-10,6.37643282087341e-11,2.2062354667935718e-10,1.8609943612017747e-10,2.837485627446215e-10
696,7.2140762463343115,-4.987764028032338e-12,3.3133183156589234e-11,3.04987654012248e-11,-1.7109912792087246e-11,-5.911912004349627e-12,1.4704179313449957e-11,1.622748636355001e-11,-3.6418519802857044e-11,1.7051198339987535e-09,8.870581476513177e-10,5.388974747671664e-10,1.1360413677265113e-09,8.88993651051453e-10,5.531590292341038e-10,4.632779529628189e-10,2.7189462393301637e-10,2.0773315677663737e-10,6.37643282087341e-11,2.2062354667935718e-10,1.8609943612017747e-10,2.837485627446215e-10
697,7.253176930596286,-1.4683789082902226e-11,1.937260096502475e-11,-2.0759136625204995e-11,7.072272956842558e-12,1.7841137820659887e-11,-1.990400173525474e-11,-1.7316010979848556e-12,-1.960881394034727e-11,1.6347873420646493e-09,8.477564492833149e-10,1.4519406182230565e-09,6.54083140541135e-10,8.394014739919736e-10,6.217254135269542e-10,4.632779529628189e-10,2.7189462393301637e-10,2.0773315677663737e-10,6.37643282087341e-11,2.2062354667935718e-10,1.8609943612017747e-10,2.837485627446215e-10
698,7.2922776148582615,-2.724793529941959e-11,2.153835711818941e-11,-1.8932171990654752e-11,3.0609500037929514e-11,-9.79985837159705e-13,1.4335272991929996e-11,2.4052943059309622e-11,-1.80155527103736e-12,1.650267918608642e-09,6.957833573850546e-10,1.3493598791273822e-09,8.217676891287629e-10,8.541806266128904e-10,5.515253012418939e-10,4.632779529628189e-10,2.7189462393301637e-10,2.0773315677663737e-10,6.37643282087341e-11,2.2062354667935718e-10,1.8609943612017747e-10,2.837485627446215e-10
699,7.331378299120234,-7.780598188470163e-11,-9.936002379489983e-12,-6.209107453977918e-11,-1.4179679848702137e-11,-7.987951146175294e-12,-2.425057144388954e-11,-3.2762394661700843e-12,-2.8607493117142235e-11,1.6201666058485497e-09,4.882117539725733e-10,8.254100116528174e-10,8.974979455677695e-10,9.069307798021312e-10,5.470535668888109e-10,5.485706000238125e-10,2.6308102530583147e-10,2.7782159333796636e-10,1.1370345287938865e-10,3.337071365565806e-10,2.1677198902226687e-10,2.4905693860035667e-10
700,7.37047898338221,-1.1467779219132222e-11,1.88098306073696e-11,-1.1840136193820348e-11,1.8860021944692096e-11,-6.675447695950703e-13,-2.3407984385499836e-12,-2.7097674986139905e-11,-3.2191468212337026e-11,1.8115333089999156e-09,6.200935677114394e-10,1.1548599818181897e-09,1.113515496069242e-09,7.88001467743631e-10,6.558235251211266e-10,5.485706000238125e-10,2.6308102530583147e-10,2.7782159333796636e-10,1.1370345287938865e-10,3.337071365565806e-10,2.1677198902226687e-10,2.4905693860035667e-10
701,7.409579667644184,4.244210753144968e-11,-2.842084409285194e-12,-4.842522849422423e-11,1.916995344406974e-11,2.0465517308389442e-11,-1.0385842229234774e-11,9.36131158082956e-12,1.378150570621532e-10,1.7551185608805712e-09,4.4418673717696275e-10,1.3128805023289275e-09,7.402321772744673e-10,1.1079063005606111e-09,7.050994967639994e-10,5.485706000238125e-10,2.6308102530583147e-10,2.7782159333796636e-10,1.1370345287938865e-10,3.337071365565806e-10,2.1677198902226687e-10,2.4905693860035667e-10
702,7.44868035190616,1.1720931770982225e-11,1.583348437550016e-11,5.992218142019738e-12,-1.710426626771479e-11,2.506618065726456e-11,2.2483836413444704e-11,3.374614484900981e-11,-7.669361639662159e-11,1.9603710108688876e-09,4.910020785647386e-10,7.224688360236312e-10,1.2109064510085296e-09,9.243032560212731e-10,5.30020823275651e-10,5.485706000238125e-10,2.6308102530583147e-10,2.7782159333796636e-10,1.1370345287938865e-10,3.337071365565806e-10,2.1677198902226687e-10,2.4905693860035667e-10
703,7.4877810361681325,2.4834045727369767e-11,1.4027223666774989e-11,5.951249464610887e-11,2.4601910798327236e-11,-3.235960918882955e-11,1.046552097464507e-11,-3.085700606455484e-11,4.606027547582941e-11,1.6971086693595887e-09,5.879667208430597e-10,1.521030247195538e-09,9.229992223701388e-10,8.283559293878689e-10,5.321825013838149e-10,5.485706000238125e-10,2.6308102530583147e-10,2.7782159333796636e-10,1.1370345287938865e-10,3.337071365565806e-10,2.1677198902226687e-10,2.4905693860035667e-10
704,7.526881720430108,5.641506181547493e-12,2.0791760993739347e-11,3.1054634450839566e-11,-3.0917863062625133e-12,1.0954259106999697e-12,-1.0078420296339863e-11,3.511009440999407e-11,-1.8080174059447313e-11,1.9909359660952317e-09,5.576238622794875e-10,1.0391648739820342e-09,6.42787894040564e-10,1.0059372683737745e-09,6.248008876486932e-10,6.295160499822065e-10,2.739882300410715e-10,2.8641246791063135e-10,9.882234910718386e-11,2.1513512407370225e-10,2.0501529592571228e-10,3.1436590517727595e-10
705,7.5659824046920825,2.8940324415254547e-11,1.543320846996525e-11,1.7620295942919884e-11,2.0273535448181962e-11,6.403787098004663e-12,-4.710205939433428e-11,1.9456671452844667e-11,3.067945421183454e-11,2.0081440656890533e-09,8.584239903873366e-10,6.447572765914527e-10,5.589617750818869e-10,8.588706932779129e-10,6.2784593327225e-10,6.295160499822065e-10,2.739882300410715e-10,2.8641246791063135e-10,9.882234910718386e-11,2.1513512407370225e-10,2.0501529592571228e-10,3.1436590517727595e-10
706,7.605083088954058,-9.556430399780143e-12,2.1589803237475023e-11,3.3060405719219314e-11,-4.707633632872392e-12,1.095802346226473e-11,-1.424367380210481e-11,4.249073038726953e-11,-6.3818283902174514e-12,2.013949948496432e-09,9.895268973284951e-10,1.1869328729996933e-09,6.076266672068179e-10,8.992245275309139e-10,4.11685337463202e-10,6.295160499822065e-10,2.739882300410715e-10,2.8641246791063135e-10,9.882234910718386e-11,2.1513512407370225e-10,2.0501529592571228e-10,3.1436590517727595e-10
707,7.644183773216031,-1.5240285521367223e-11,5.717169620755942e-11,-6.642195945384815e-12,-8.482335806312502e-12,4.186208390369444e-11,-1.1569102976199065e-12,3.398831804653923e-11,2.7586099426627166e-11,1.8796147195069803e-09,7.388917549029431e-10,1.1072647925446572e-09,5.421065833210209e-10,8.121642043508294e-10,5.955120471429777e-10,6.295160499822065e-10,2.739882300410715e-10,2.8641246791063135e-10,9.882234910718386e-11,2.1513512407370225e-10,2.0501529592571228e-10,3.1436590517727595e-10
708,7.683284457478006,-2.173410333025207e-11,-2.283517576703012e-11,1.929668656805972e-11,1.19925923774523e-11,3.417465338237453e-11,1.969382551570492e-11,2.79672398844299e-11,3.682757919235965e-11,2.0268243399104177e-09,7.646788086262088e-10,1.0289518781666387e-09,7.113997642320265e-10,8.894425498142575e-10,5.663982489219651e-10,6.295160499822065e-10,2.739882300410715e-10,2.8641246791063135e-10,9.882234910718386e-11,2.1513512407370225e-10,2.0501529592571228e-10,3.1436590517727595e-10
709,7.722385141739981,5.499809765625924e-11,-3.289414691865437e-11,-4.859776120374724e-12,-4.2443048623250654e-12,-2.5811521998899555e-11,-7.150069528200405e-11,3.632597952720138e-12,-1.6267012040977377e-11,1.9924727620683504e-09,5.32185952037238e-10,9.334716446540169e-10,9.153899021158804e-10,8.870939089782544e-10,4.0864593836504085e-10,5.646926845814578e-10,2.4429817254347713e-10,2.5404783958542614e-10,1.0188653017872868e-10,3.131173956915357e-10,2.2775322597598682e-10,2.3038952590642676e-10
710,7.761485826001956,7.497675900566402e-11,-2.983937672418972e-11,9.22642236427986e-12,1.8809203215962327e-11,2.158227453887993e-11,-3.207100900668454e-11,-1.3626947764651861e-12,1.7755185161174664e-12,2.1054418529606795e-09,1.0609654808322568e-09,1.325654197374781e-09,8.643092382448477e-10,9.488869724605138e-10,6.438886527798475e-10,5.646926845814578e-10,2.4429817254347713e-10,2.5404783958542614e-10,1.0188653017872868e-10,3.131173956915357e-10,2.2775322597598682e-10,2.3038952590642676e-10
711,7.800586510263929,1.5082810203917303e-11,-3.829347990352444e-11,-3.4349695664348586e-12,-2.5038575422547144e-11,5.3554155658851996e-12,1.4867928546679898e-11,-2.1663835459364588e-11,2.888856459983963e-11,1.966192578468188e-09,7.745818729410336e-10,1.4127998458250748e-09,5.783572758448793e-10,9.062227682670598e-10,7.996809916624519e-10,5.646926845814578e-10,2.4429817254347713e-10,2.5404783958542614e-10,1.0188653017872868e-10,3.131173956915357e-10,2.2775322597598682e-10,2.3038952590642676e-10
712,7.839687194525904,-8.92527434801746e-12,2.3796339853439656e-11,8.496765817210141e-12,2.1735985504474995e-11,1.9801736887240206e-11,-2.2121831411899067e-12,2.651984723299525e-12,-1.8365637283702208e-11,2.0323425636230183e-09,6.518781724054789e-10,1.286258703947368e-09,6.098598679685135e-10,7.994447786870439e-10,6.050195409902961e-10,5.646926845814578e-10,2.4429817254347713e-10,2.5404783958542614e-10,1.0188653017872868e-10,3.131173956915357e-10,2.2775322597598682e-10,2.3038952590642676e-10
713,7.878787878787879,4.7518961181119094e-11,-5.515588666983971e-11,1.7313501400579974e-11,9.34499940082369e-13,1.3047237827909663e-11,-1.6852995889234564e-11,4.11418382285896e-11,1.7831413249154765e-11,2.1129545548926596e-09,1.3277835648108805e-09,1.5935730400942227e-09,5.831866234679244e-10,8.852101653947277e-10,6.164198756014943e-10,5.646926845814578e-10,2.4429817254347713e-10,2.5404783958542614e-10,1.0188653017872868e-10,3.131173956915357e-10,2.2775322597598682e-10,2.3038952590642676e-10
714,7.917888563049854,-4.6624614309871775e-11,-4.411818445705105e-12,1.9295431785244633e-11,2.3258978859297135e-11,1.930045091820954e-11,1.5157783511639752e-11,2.455297424552464e-11,5.1769539960076844e-11,2.1252573924667274e-09,1.3774249921180142e-09,1.2487259364810149e-09,5.828355978109808e-10,6.82975155795165e-10,5.48630829626213e-10,4.4571537705837424e-10,3.291347058355356e-10,2.5435777108736167e-10,1.4769616266833806e-10,2.38895702599012e-10,1.8375863768162748e-10,4.875178587485188e-10
715,7.956989247311827,-1.645243765863201e-10,4.291233761088937e-11,-6.773383550499431e-11,1.0822506855160028e-11,2.5778270238104857e-11,4.030113334868443e-11,-2.7156022415169304e-11,2.4743387625934575e-11,2.3240994677428274e-09,1.3538143602091726e-09,1.3027716535355136e-09,5.972320414940416e-10,6.562523473499397e-10,5.35876897418988e-10,4.4571537705837424e-10,3.291347058355356e-10,2.5435777108736167e-10,1.4769616266833806e-10,2.38895702599012e-10,1.8375863768162748e-10,4.875178587485188e-10
716,7.9960899315738025,-1.0864134293333602e-10,-9.837941056547916e-11,1.565405034940977e-11,-2.967217683438224e-11,1.736933926056957e-11,6.449586693258409e-11,1.9740252502024788e-11,2.245591748259722e-11,2.0125750195818944e-09,1.5920302838995787e-09,1.5770020567729216e-09,7.827997631451312e-10,8.014831743259198e-10,5.350907756179631e-10,4.4571537705837424e-10,3.291347058355356e-10,2.5435777108736167e-10,1.4769616266833806e-10,2.38895702599012e-10,1.8375863768162748e-10,4.875178587485188e-10
717,8.035190615835777,3.062330265486192e-11,-2.4007770857509653e-11,-5.657190975260207e-12,3.9943520078467015e-11,1.23702821829395e-11,-2.728150075634474e-11,-1.8245805468604994e-11,4.0708937955371934e-11,2.0176603430200837e-09,1.6185507585209165e-09,1.6355991869272773e-09,5.429011749114178e-10,8.001556134845575e-10,5.263374065957353e-10,4.4571537705837424e-10,3.291347058355356e-10,2.5435777108736167e-10,1.4769616266833806e-10,2.38895702599012e-10,1.8375863768162748e-10,4.875178587485188e-10
718,8.074291300097752,-5.102200274808945e-11,1.7920189175514356e-11,2.4031611741224736e-11,7.176419979932546e-12,1.651169480498938e-11,1.2387849149170048e-11,1.4623873174074473e-11,2.7525556128097084e-11,2.1279529809133082e-09,1.319749186679153e-09,1.0150736600296464e-09,5.824833173698584e-10,8.531099826731872e-10,5.215886788047857e-10,4.4571537705837424e-10,3.291347058355356e-10,2.5435777108736167e-10,1.4769616266833806e-10,2.38895702599012e-10,1.8375863768162748e-10,4.875178587485188e-10
719,8.113391984359726,5.961946493095921e-11,2.3291916924815e-11,5.41940951843534e-12,3.304723049454696e-11,3.200576026961422e-11,2.0697652243400347e-12,1.0016308517160088e-11,1.1698094712837355e-10,1.9276660225476574e-09,1.5486960253685981e-09,1.0897571134141993e-09,7.066858566807316e-10,7.654988095802034e-10,4.5397028337418407e-10,5.104120093368385e-10,2.809798831649666e-10,1.7427812167710786e-10,1.9068880641689752e-10,2.893957154522457e-10,2.077971507291875e-10,2.1747278555265718e-10
720,8.1524926686217,-3.2802579100232795e-10,-4.3290027407002634e-12,1.7538107628469787e-11,1.7256722450495035e-11,5.290166828814892e-12,-1.3614399926269884e-11,2.965492356342988e-11,5.94692046185318e-11,2.1130703086609654e-09,1.4059559434481475e-09,1.7353723481571062e-09,7.870635171505515e-10,7.371021200739334e-10,5.473180124917928e-10,5.104120093368385e-10,2.809798831649666e-10,1.7427812167710786e-10,1.9068880641689752e-10,2.893957154522457e-10,2.077971507291875e-10,2.1747278555265718e-10
721,8.191593352883675,5.8080473087146466e-11,1.253591359124465e-11,-9.243361939954575e-12,2.322321753287225e-11,2.277431878259665e-12,3.0325605292619474e-11,3.4027216332559196e-11,9.783263869681365e-11,1.979520887778881e-09,1.1395095890534005e-09,1.7147939003423411e-09,5.996544008537588e-10,8.733182693852371e-10,6.787430850718505e-10,5.104120093368385e-10,2.809798831649666e-10,1.7427812167710786e-10,1.9068880641689752e-10,2.893957154522457e-10,2.077971507291875e-10,2.1747278555265718e-10
722,8.23069403714565,8.98424916760214e-12,2.764099620078452e-11,8.784738607094781e-12,1.4848793099800097e-11,1.2947482548934635e-11,8.10753200419788e-11,-2.297194715694965e-11,2.709359694156473e-11,1.8634691077600453e-09,1.267678812398262e-09,1.6108165873186812e-09,6.073556339914995e-10,8.228728396114795e-10,5.539896958469701e-10,5.104120093368385e-10,2.809798831649666e-10,1.7427812167710786e-10,1.9068880641689752e-10,2.893957154522457e-10,2.077971507291875e-10,2.1747278555265718e-10
723,8.269794721407624,-2.1157216659534845e-11,-8.482335802045367e-13,6.730219001373906e-11,1.5187584618414814e-11,2.1441738797104963e-11,-2.3482016610799832e-11,1.4143291130869438e-11,2.956897090053477e-11,2.1346259190525793e-09,1.5095273340409621e-09,7.32135373667515e-10,5.62104693812157e-10,8.422589294972214e-10,6.245834964239505e-10,5.104120093368385e-10,2.809798831649666e-10,1.7427812167710786e-10,1.9068880641689752e-10,2.893957154522457e-10,2.077971507291875e-10,2.1747278555265718e-10
724,8.308895405669599,-6.944316419650373e-11,6.136016320818924e-11,1.3633221677019513e-11,2.1467461856747482e-11,4.300142722314646e-12,5.326555547499852e-12,-1.3563581197539583e-11,1.1592096884882112e-10,2.1307938105380736e-09,1.2849995288018183e-09,1.4672188609423952e-09,4.861504585360712e-10,8.84192222358659e-10,6.860688242759912e-10,3.7580386495750513e-10,2.8894775777587095e-10,2.6026905569945157e-10,1.43697167961433e-10,3.350190126043156e-10,2.3726009243326195e-10,4.686954803078841e-10
725,8.347996089931573,2.260617779502481e-11,7.73147341807488e-11,-1.8633533532349394e-12,2.638934975630224e-11,4.4905561047709625e-11,8.023336037925877e-11,-2.347950704346429e-11,6.561607481624168e-11,1.802675479258724e-09,1.4744059465812845e-09,1.5076755874337101e-09,5.453229068796422e-10,5.328547515927172e-10,8.220440551733464e-10,3.7580386495750513e-10,2.8894775777587095e-10,2.6026905569945157e-10,1.43697167961433e-10,3.350190126043156e-10,2.3726009243326195e-10,4.686954803078841e-10
726,8.387096774193548,5.7294978676676937e-11,1.728275920541492e-11,5.017878830084928e-11,-1.3470099827522041e-12,1.2682723250504693e-11,6.9577739708400025e-12,-1.3025906509825319e-11,6.426247721902152e-11,2.3161046152881007e-09,1.5247447197655547e-09,1.641979446836504e-09,5.511021255401815e-10,5.439806023339803e-10,5.591299160577826e-10,3.7580386495750513e-10,2.8894775777587095e-10,2.6026905569945157e-10,1.43697167961433e-10,3.350190126043156e-10,2.3726009243326195e-10,4.686954803078841e-10
727,8.426197458455523,-3.172343400324972e-11,4.412445837964922e-12,-2.9482390845379285e-11,-1.2647903010765017e-11,1.924273088143995e-11,3.205971596135144e-12,2.6486595468794802e-11,1.4566184507514565e-10,1.960936918183239e-09,1.3358737808038772e-09,1.578238332121356e-09,6.426708854879086e-10,9.301486645066757e-10,5.908160202556623e-10,3.7580386495750513e-10,2.8894775777587095e-10,2.6026905569945157e-10,1.43697167961433e-10,3.350190126043156e-10,2.3726009243326195e-10,4.686954803078841e-10
728,8.465298142717497,1.650231529888678e-10,-3.289540170147e-11,1.8365637282849798e-11,3.865673969896683e-11,1.3566090766579932e-11,2.3759323744201263e-12,1.496956599049987e-12,2.7283477039832405e-10,1.7406537315016977e-09,1.4350001011897652e-09,1.3893968805700678e-09,6.02379163013917e-10,6.00542160111306e-10,4.444276555896318e-10,3.7580386495750513e-10,2.8894775777587095e-10,2.6026905569945157e-10,1.43697167961433e-10,3.350190126043156e-10,2.3726009243326195e-10,4.686954803078841e-10
729,8.504398826979472,-1.4031960473563828e-10,8.31852383351539e-11,-2.986070804056952e-11,1.185017446145467e-11,-2.3763715484904778e-11,-1.0698910689059763e-11,-4.43239689410094e-11,2.634505590196115e-10,1.7717855351318059e-09,1.5278092145320363e-09,1.2301200081764774e-09,5.410450365615004e-10,9.057882995140448e-10,5.415996508257427e-10,4.4070000779562445e-10,3.407094553403707e-10,2.3424673008874175e-10,1.7376679744044283e-10,2.7615524097705126e-10,2.0905883544215694e-10,5.916680181774899e-11
730,8.543499511241446,-2.4478000936097366e-11,-2.4236141435549276e-11,-5.630213130244986e-12,-1.1434527459190047e-11,1.648095261152997e-11,7.050627943479901e-11,-2.4490862466344342e-11,2.2415701674280466e-10,2.1067747466316486e-09,1.5404558627587928e-09,1.1913528475376172e-09,5.044433183815509e-10,6.963141307651558e-10,5.207134673812705e-10,4.4070000779562445e-10,3.407094553403707e-10,2.3424673008874175e-10,1.7376679744044283e-10,2.7615524097705126e-10,2.0905883544215694e-10,5.916680181774899e-11
731,8.58260019550342,3.828720598689189e-11,-2.4433142429574742e-11,7.518160239611898e-11,-7.312250282315152e-12,-3.6407540435750545e-12,9.415267267449874e-12,9.00495309428005e-12,2.6372723875989903e-10,1.0054827230862568e-09,1.3551986999984882e-09,1.5599084561655278e-09,7.174848363459193e-10,6.498197002324414e-10,5.622471117284101e-10,4.4070000779562445e-10,3.407094553403707e-10,2.3424673008874175e-10,1.7376679744044283e-10,2.7615524097705126e-10,2.0905883544215694e-10,5.916680181774899e-11
732,8.621700879765395,1.1142790317449948e-11,-7.553545131533433e-11,1.4716727146714766e-11,4.4596884330294534e-11,-1.076039507597999e-11,2.1776765958747603e-12,-7.569480880444929e-12,2.326569195170518e-10,1.9194145668869756e-09,1.7055034840238912e-09,1.0914780488522898e-09,5.095214268157409e-10,8.018341999830337e-10,5.89421014806792e-10,4.4070000779562445e-10,3.407094553403707e-10,2.3424673008874175e-10,1.7376679744044283e-10,2.7615524097705126e-10,2.0905883544215694e-10,5.916680181774899e-11
733,8.66080156402737,-3.295763895935732e-10,6.10947765174995e-11,-4.5452019220244255e-11,2.8950990066626885e-12,1.7784045174444482e-11,-2.2503285556454676e-11,4.075661972535959e-11,2.7957954488700105e-10,1.608433126243109e-09,1.5911698161797665e-09,1.2917082282681957e-09,6.436395782749595e-10,9.962305776612261e-10,4.824055574685537e-10,4.4070000779562445e-10,3.407094553403707e-10,2.3424673008874175e-10,1.7376679744044283e-10,2.7615524097705126e-10,2.0905883544215694e-10,5.916680181774899e-11
734,8.699902248289344,7.506114318876159e-11,6.10947765174995e-11,-5.4172763873084365e-11,4.191541219720183e-11,1.8708193151614593e-11,-2.2503285556454676e-11,-5.119328068161932e-11,2.7996131273621123e-10,1.948625610820907e-09,1.2702115926977017e-09,1.1810234705608885e-09,5.493159413645951e-10,5.368361793311755e-10,5.433425449733254e-10,4.4070000779562445e-10,3.407094553403707e-10,2.3424673008874175e-10,1.7376679744044283e-10,2.7615524097705126e-10,2.0905883544215694e-10,5.916680181774899e-11
735,8.739002932551319,1.2880979027259589e-10,2.34067296060949e-11,-1.6374296022810067e-11,-7.464392769817477e-12,2.2183315786884505e-11,-5.847918051800041e-12,3.8058835407999724e-11,3.5108118125654295e-10,1.31063412634111e-09,1.8742853406971235e-09,1.1531848459751826e-09,5.373518953093978e-10,7.731024833077876e-10,4.957652363640284e-10,5.673779210655523e-10,4.0940069058162473e-10,2.2997670216933185e-10,1.2408239379887824e-10,2.438627627020715e-10,2.7248186256494143e-10,2.6194921067815137e-10
736,8.778103616813294,-1.0623843271731106e-10,3.4040391558084645e-11,2.8897661779084527e-11,7.694174981550672e-11,6.931360781075423e-11,1.7286523555565004e-11,1.8348697707175085e-11,4.550261836066042e-10,1.3026907200061804e-09,1.689948561563413e-09,1.2701711259327364e-09,5.431844422644676e-10,9.702490325106735e-10,5.653034504029282e-10,5.673779210655523e-10,4.0940069058162473e-10,2.2997670216933185e-10,1.2408239379887824e-10,2.438627627020715e-10,2.7248186256494143e-10,2.6194921067815137e-10
737,8.817204301075268,-1.652988916433227e-11,2.29058200717387e-10,4.2680830074959736e-11,-4.6967170179489115e-11,2.583034375135425e-11,4.2555979124339307e-11,8.61910719878965e-12,3.668996082305904e-10,1.2969736131237978e-09,1.7975565903658259e-09,1.4161639201304932e-09,5.267593275137805e-10,7.442346226353925e-10,4.001077646966073e-10,5.673779210655523e-10,4.0940069058162473e-10,2.2997670216933185e-10,1.2408239379887824e-10,2.438627627020715e-10,2.7248186256494143e-10,2.6194921067815137e-10
738,8.856304985337243,-4.419974538350155e-11,2.768616840258448e-11,-2.007026053752449e-11,9.531648428527317e-12,-1.2635041479664926e-11,1.2531521848834744e-11,3.672123630999919e-12,4.1476551702288444e-10,1.1393521137367172e-09,1.6939557123628777e-09,1.6312880648492784e-09,6.762222252142685e-10,6.513254403171639e-10,5.201365807114054e-10,5.673779210655523e-10,4.0940069058162473e-10,2.2997670216933185e-10,1.2408239379887824e-10,2.438627627020715e-10,2.7248186256494143e-10,2.6194921067815137e-10
739,8.895405669599217,1.0112895469740113e-10,5.442372055372907e-11,5.171527057647449e-11,2.600224907884842e-12,-1.0475559242279695e-11,1.5424424985144875e-11,-1.4185326374779955e-11,6.361303269967443e-10,1.398830969588864e-09,1.4645273505424347e-09,1.3909888870130477e-09,5.903257136409524e-10,8.639566441075951e-10,4.070953397733697e-10,5.673779210655523e-10,4.0940069058162473e-10,2.2997670216933185e-10,1.2408239379887824e-10,2.438627627020715e-10,2.7248186256494143e-10,2.6194921067815137e-10
740,8.934506353861192,1.6124060841899786e-10,5.558627737827932e-11,-7.90513531499372e-14,4.133570226472331e-12,-4.9438466081952e-12,3.8642937080329594e-11,2.3993340847464592e-11,6.343861780671991e-10,1.3922361417156316e-09,1.7131068440566239e-09,1.338114510265958e-09,1.1056442397795925e-09,7.391718852980175e-10,4.3011402761191684e-10,4.761514032898634e-10,3.8937873920549475e-10,2.4820745023563194e-10,1.8653798291947256e-10,3.188655584626559e-10,1.7519411356171742e-10,1.4389730591505297e-10
741,8.973607038123166,8.030394194457162e-11,-4.767424062736452e-11,-7.069135998781865e-11,1.5592879656914653e-11,-2.8092090835049764e-11,2.3419904831619788e-11,5.110356366857411e-11,9.134647506795952e-10,1.2824846291662731e-09,1.8101000326571148e-09,1.2254998956851039e-09,8.470296159966409e-10,7.825199464461863e-10,3.5163987356621295e-10,4.761514032898634e-10,3.8937873920549475e-10,2.4820745023563194e-10,1.8653798291947256e-10,3.188655584626559e-10,1.7519411356171742e-10,1.4389730591505297e-10
742,9.01270772238514,1.2822725707750596e-10,1.1064115398291878e-10,2.1109221195974514e-11,-4.458308171336181e-11,4.1517645858149104e-11,-5.2920490038900726e-12,2.289979711525297e-12,7.591075703151225e-10,1.2032896020549091e-09,1.6649739800949504e-09,1.2714114793264275e-09,5.708938241610651e-10,7.020895850740109e-10,4.721414292286389e-10,4.761514032898634e-10,3.8937873920549475e-10,2.4820745023563194e-10,1.8653798291947256e-10,3.188655584626559e-10,1.7519411356171742e-10,1.4389730591505297e-10
743,9.051808406647115,-3.753966877405179e-11,-7.833612786615045e-12,-4.983372286474965e-12,-5.7491352279294036e-11,-3.899239426224997e-12,-3.1185759313829564e-11,1.8573303936769433e-11,9.048591324033132e-10,1.4859082323435154e-09,1.5680021228124593e-09,1.2538310227580032e-09,8.166572700225943e-10,6.612987725011712e-10,5.047488581402235e-10,4.761514032898634e-10,3.8937873920549475e-10,2.4820745023563194e-10,1.8653798291947256e-10,3.188655584626559e-10,1.7519411356171742e-10,1.4389730591505297e-10
744,9.09090909090909,-1.0295936998852811e-10,3.15377260613799e-11,5.093793227049782e-12,-6.115124177145425e-11,1.3194047485465169e-11,-1.928727569268492e-11,-7.871256288114855e-12,9.071789132207601e-10,7.326347774624079e-10,1.5915804440498334e-09,1.4422860010213713e-09,7.4975159156424e-10,7.788274325857471e-10,4.965472801204784e-10,4.761514032898634e-10,3.8937873920549475e-10,2.4820745023563194e-10,1.8653798291947256e-10,3.188655584626559e-10,1.7519411356171742e-10,1.4389730591505297e-10
745,9.130009775171064,1.863136903851553e-10,6.082562547324754e-12,-7.930231107702288e-13,-7.647904846449716e-13,6.085385810448916e-11,6.351713586460079e-12,1.6933302028609767e-11,9.343365041148751e-10,1.1813202268360189e-09,1.6941633790159452e-09,1.0377350482947883e-09,9.74982389204041e-10,5.685705926895973e-10,5.973534417874021e-10,3.5655360537406044e-10,3.7067054605217505e-10,3.2728076335767516e-10,1.4042594762822834e-10,3.088185077520359e-10,2.32850783553187e-10,2.751162803203063e-10
746,9.16911045943304,-1.359379010902806e-10,1.0038016270259852e-10,1.583536654205176e-12,-1.3157658767632473e-11,-3.22153090986093e-11,2.5696081925359567e-11,1.4246183369440079e-11,1.0059203287980141e-09,1.0164749393951488e-09,1.4730972074917808e-09,9.564018702633571e-10,1.065794828455984e-09,4.4541830708753916e-10,4.960143108695984e-10,3.5655360537406044e-10,3.7067054605217505e-10,3.2728076335767516e-10,1.4042594762822834e-10,3.088185077520359e-10,2.32850783553187e-10,2.751162803203063e-10
747,9.208211143695014,1.1565652323884836e-11,6.069512800422439e-11,3.506617699100976e-11,1.1587297338099652e-11,-9.222658037990683e-14,5.0941069218159514e-11,1.8801674516514696e-11,1.1053910872287654e-09,9.67752327233107e-10,1.397266568379834e-09,1.0487442041786736e-09,1.0447467779524189e-09,5.45344551894113e-10,5.532506284219675e-10,3.5655360537406044e-10,3.7067054605217505e-10,3.2728076335767516e-10,1.4042594762822834e-10,3.088185077520359e-10,2.32850783553187e-10,2.751162803203063e-10
748,9.247311827956988,1.9262964264604245e-10,-2.3896722526379576e-11,4.658383385644695e-12,5.2108331479544784e-11,1.7991084437809947e-11,-3.222158301438957e-11,3.765793211020444e-11,1.3011015368250453e-09,1.0667522281921584e-09,1.6435084004135338e-09,1.3735254389960849e-09,1.2203085430495167e-09,4.222904530920844e-10,4.610306358883164e-10,3.5655360537406044e-10,3.7067054605217505e-10,3.2728076335767516e-10,1.4042594762822834e-10,3.088185077520359e-10,2.32850783553187e-10,2.751162803203063e-10
749,9.286412512218963,3.906736756911963e-11,5.273854645399995e-12,5.3764331874989464e-11,-3.917998437834193e-11,-3.138213291729837e-12,-2.2714716558819857e-11,1.877783363280009e-12,1.2559497245352307e-09,1.0154955809485437e-09,1.605057758889201e-09,1.6147625674258216e-09,6.960368236323527e-10,3.855736085355775e-10,4.693253815760643e-10,3.5655360537406044e-10,3.7067054605217505e-10,3.2728076335767516e-10,1.4042594762822834e-10,3.088185077520359e-10,2.32850783553187e-10,2.751162803203063e-10
750,9.325513196480937,7.632828620902273e-10,-6.652234213019719e-12,1.9914040002889915e-11,4.6165990976159175e-11,1.2274918642964505e-11,1.0519915836187892e-10,9.486162529403891e-11,1.32941352845115e-09,9.754573247232147e-10,1.2011668222314868e-09,1.3249979456554655e-09,1.1086011368698164e-09,4.3557547237596686e-10,4.131493559992921e-10,3.746795790267151e-10,3.5277921689675085e-10,3.4756998359616025e-10,1.2762903909040807e-10,3.5456916542206e-10,2.44503329630062e-10,2.8813779508942603e-10
751,9.364613880742912,4.88764486060889e-10,8.677203669210918e-11,-4.3119376874254256e-11,-5.995762905987173e-11,1.4852243753820282e-11,1.2862784668854897e-11,9.71967772090687e-11,1.6023201351993065e-09,7.992255052884192e-10,1.6401556191602702e-09,1.3008634416742216e-09,7.888603669835604e-10,6.37396089755994e-10,3.7686760758720754e-10,3.746795790267151e-10,3.5277921689675085e-10,3.4756998359616025e-10,1.2762903909040807e-10,3.5456916542206e-10,2.44503329630062e-10,2.8813779508942603e-10
752,9.403714565004886,-8.264474038312161e-11,-4.265573440501939e-11,8.947797710202902e-11,2.4525369009954634e-11,4.33195148244641e-11,6.664154655388928e-11,7.597274333181431e-11,1.6006955043878762e-09,7.025093101225557e-10,1.5550907152874432e-09,1.0817500268211447e-09,1.2223152554078212e-09,6.24139616795219e-10,4.120147181055895e-10,3.746795790267151e-10,3.5277921689675085e-10,3.4756998359616025e-10,1.2762903909040807e-10,3.5456916542206e-10,2.44503329630062e-10,2.8813779508942603e-10
753,9.442815249266861,5.0681329052694485e-11,5.444316969673959e-11,-2.7385647784547282e-12,-2.7824821965875905e-12,6.966996629559918e-11,9.586733419169367e-11,3.795619412496954e-10,1.6583960917983307e-09,6.252689218572691e-10,1.4606510109127283e-09,1.5690486121707828e-09,1.1831139397115646e-09,5.555186494240003e-10,4.426499412040142e-10,3.746795790267151e-10,3.5277921689675085e-10,3.4756998359616025e-10,1.2762903909040807e-10,3.5456916542206e-10,2.44503329630062e-10,2.8813779508942603e-10
754,9.481915933528837,8.89308915380863e-11,-1.9438477094354314e-11,6.889011841205893e-11,7.075566763649897e-11,1.1522299558104317e-10,1.7863786661126756e-10,1.6695332355982257e-10,1.6365374512161458e-09,6.88670931358951e-10,1.5266585781513897e-09,1.1831976965040217e-09,8.103613942961243e-10,5.921084471612399e-10,4.1055258174627946e-10,3.746795790267151e-10,3.5277921689675085e-10,3.4756998359616025e-10,1.2762903909040807e-10,3.5456916542206e-10,2.44503329630062e-10,2.8813779508942603e-10
755,9.52101661779081,-7.86880946171092e-11,-3.134762637539422e-11,-2.0095356204054686e-11,1.2176418145952318e-11,1.561458741069677e-10,2.0735672175481726e-10,2.5067059005576145e-10,1.6098419343097638e-09,6.744667832334212e-10,7.792954667956872e-10,1.10404784159514e-09,1.10610349050565e-09,5.066197401954632e-10,3.8664299769050485e-10,4.080028618709944e-10,3.4067494879505526e-10,2.523865063608867e-10,1.4050123463293356e-10,2.63039617455887e-10,1.7139902115687764e-10,3.1610252540822573e-10
756,9.560117302052785,-1.8328934868631507e-10,3.5805244415159104e-11,5.736556024369435e-11,7.313912871036619e-11,2.409554295557171e-10,3.041381656560459e-10,2.7881161744276154e-10,1.71025346659723e-09,5.168092088220806e-10,9.27550949165103e-10,1.4537901689590184e-09,7.717758635547299e-10,4.998680643970407e-10,5.592996255140727e-10,4.080028618709944e-10,3.4067494879505526e-10,2.523865063608867e-10,1.4050123463293356e-10,2.63039617455887e-10,1.7139902115687764e-10,3.1610252540822573e-10
757,9.599217986314759,6.423424459374897e-11,2.8964792691229753e-11,1.410062849640474e-11,1.1186707736861106e-10,2.3583716805439695e-10,4.116260489483395e-10,3.7081421875354507e-10,1.7187997963569448e-09,6.973897938375683e-10,8.69108784762311e-10,1.0680641042404903e-09,8.996734262925246e-10,4.878510037427609e-10,4.3139923951332426e-10,4.080028618709944e-10,3.4067494879505526e-10,2.523865063608867e-10,1.4050123463293356e-10,2.63039617455887e-10,1.7139902115687764e-10,3.1610252540822573e-10
758,9.638318670576734,-8.78417395431658e-11,-1.256759687224234e-10,1.317340629937733e-10,3.5123301004876783e-10,3.9963220178551425e-10,7.195913039837958e-10,3.705839659987249e-10,1.412216371543129e-09,7.042973764727909e-10,1.0105912600160717e-09,6.102121484099771e-10,1.3635539889855332e-09,6.513028542154114e-10,3.7799095242875494e-10,4.080028618709944e-10,3.4067494879505526e-10,2.523865063608867e-10,1.4050123463293356e-10,2.63039617455887e-10,1.7139902115687764e-10,3.1610252540822573e-10
759,9.677419354838708,4.035822599404675e-11,8.359367033324614e-12,4.861451257061233e-10,4.4105667997745216e-10,6.327904072750066e-10,4.1107708120846963e-10,6.837220656160859e-10,1.51464496815113e-09,4.3012092892166173e-10,8.859696230496809e-10,1.1383197406912003e-09,9.667444224650997e-10,6.099759354338019e-10,5.694916037080251e-10,4.080028618709944e-10,3.4067494879505526e-10,2.523865063608867e-10,1.4050123463293356e-10,2.63039617455887e-10,1.7139902115687764e-10,3.1610252540822573e-10
760,9.716520039100683,-1.8224442780906782e-10,1.6152450316430813e-10,3.7946030379393987e-10,5.002448131141382e-10,7.784525660454295e-10,4.587036400649942e-10,5.983033128233624e-10,1.232662199351974e-09,4.5166869691522626e-10,1.0287482895591692e-09,7.849579905996161e-10,1.40737322130264e-09,6.433346659083765e-10,4.1016642215295465e-10,5.015444550247385e-10,4.0720670180062973e-10,3.01440381338686e-10,1.0519100227102344e-10,2.9060846360985627e-10,1.282846634189979e-10,1.4459057374514312e-10
761,9.755620723362657,-5.190756613451678e-11,-6.917746381138943e-11,8.294745688515222e-12,4.4230424837565444e-10,8.497656712087834e-10,8.881777281437382e-10,9.675007431619074e-10,1.2854932860714002e-09,4.978629205183634e-10,1.4410729391666936e-09,1.0529790981647711e-09,1.4935188073813558e-09,5.983585232945021e-10,5.66157644205085e-10,5.015444550247385e-10,4.0720670180062973e-10,3.01440381338686e-10,1.0519100227102344e-10,2.9060846360985627e-10,1.282846634189979e-10,1.4459057374514312e-10
762,9.794721407624634,7.43772862690005e-13,9.274976208707423e-10,-2.4118819188639744e-11,5.722536956749176e-10,8.913956201808782e-10,8.985968221320631e-10,9.603980417068825e-10,1.4431881902872586e-09,4.1447032922627215e-10,1.2841556869623182e-09,8.741294868550084e-10,1.641676416644996e-09,6.533362307202141e-10,5.700869984325097e-10,5.015444550247385e-10,4.0720670180062973e-10,3.01440381338686e-10,1.0519100227102344e-10,2.9060846360985627e-10,1.282846634189979e-10,1.4459057374514312e-10
763,9.833822091886606,6.022521161920951e-11,9.353594662851823e-11,-1.082006002636881e-10,4.01918417147742e-10,9.247571739172123e-10,8.356098322429439e-10,9.339352871218026e-10,1.3883682718742742e-09,3.73507611328495e-10,1.163240993864962e-09,9.592524244605648e-10,1.6966654171225215e-09,6.00107063966457e-10,5.205239950875456e-10,5.015444550247385e-10,4.0720670180062973e-10,3.01440381338686e-10,1.0519100227102344e-10,2.9060846360985627e-10,1.282846634189979e-10,1.4459057374514312e-10
764,9.872922776148581,5.521046975042605e-12,-1.9203832597125106e-11,-6.076225891636903e-11,1.6547393392700284e-10,9.664197472595477e-10,8.963852663848383e-10,1.061576874045476e-09,9.307070431208977e-10,4.1383729099943463e-10,3.695672777458976e-10,5.084379213468984e-10,1.1956573820025982e-09,8.774308219894134e-10,6.319042164954669e-10,5.015444550247385e-10,4.0720670180062973e-10,3.01440381338686e-10,1.0519100227102344e-10,2.9060846360985627e-10,1.282846634189979e-10,1.4459057374514312e-10
765,9.912023460410555,2.7655739906107243e-11,6.851682034812909e-11,1.9573993701459846e-11,1.8919906482116502e-10,9.256405414332875e-10,1.1392184793038348e-09,1.0754610524031409e-09,1.0250209554595866e-09,6.610907921528264e-10,5.67373215627865e-10,1.1250243694450873e-09,1.4356365900712198e-09,8.237082116613516e-10,5.527380494007826e-10,3.944806885233994e-10,4.046143192891747e-10,2.925922761713009e-10,7.520920763168897e-11,3.000036543437409e-10,1.8571045326509256e-10,2.0787557469178275e-10
766,9.95112414467253,1.0977158908292407e-11,-6.386722044730419e-11,3.186522453124882e-12,5.5868603643792084e-11,8.246141652791788e-10,1.077786166048831e-09,1.0090259177203568e-09,1.0038712675003518e-09,5.031025823154308e-10,4.2398880242842193e-10,9.584440302530648e-10,1.6559941226690758e-09,8.155568249780767e-10,-1.542679966340817e-09,3.944806885233994e-10,4.046143192891747e-10,2.925922761713009e-10,7.520920763168897e-11,3.000036543437409e-10,1.8571045326509256e-10,2.0787557469178275e-10
767,9.990224828934505,9.535381408467625e-11,3.267832417387982e-11,5.513518273889611e-12,2.6067497814214504e-11,7.290642912880151e-10,1.0872133537589906e-09,7.680591951158949e-10,9.450536091624252e-10,3.8373566454500277e-10,6.841446139272435e-10,7.582486710750228e-10,1.5161720395531704e-09,8.770719539363807e-10,3.4943114107989573e-10,3.944806885233994e-10,4.046143192891747e-10,2.925922761713009e-10,7.520920763168897e-11,3.000036543437409e-10,1.8571045326509256e-10,2.0787557469178275e-10
768,10.029325513196483,-1.4463574594012443e-11,5.875711503683949e-11,7.30283940693952e-12,2.951877956747635e-12,6.201127031574668e-10,9.388603119809525e-10,5.280774774798531e-10,8.651286118070083e-10,6.18184414762439e-10,8.906399268771832e-10,1.2022854616362843e-09,1.162046753760523e-09,6.375811703073091e-10,3.8423412725141967e-10,3.944806885233994e-10,4.046143192891747e-10,2.925922761713009e-10,7.520920763168897e-11,3.000036543437409e-10,1.8571045326509256e-10,2.0787557469178275e-10
769,10.068426197458457,8.779719473277336e-12,-3.182883580915456e-11,6.002695584066442e-11,3.321097972862944e-11,4.0171137788522937e-10,9.723128375131468e-10,6.56659524564111e-10,6.621589265249387e-10,5.119390807370882e-10,7.032342612336431e-10,1.0502320635993313e-09,1.2833331764422669e-09,9.645190640992373e-10,4.230426957426117e-10,3.944806885233994e-10,4.046143192891747e-10,2.925922761713009e-10,7.520920763168897e-11,3.000036543437409e-10,1.8571045326509256e-10,2.0787557469178275e-10
770,10.10752688172043,-3.700764061070946e-11,-6.889576493728363e-11,4.181628430963465e-11,7.165503363985893e-11,3.445340351541503e-10,5.493629957423228e-10,3.9583020807433963e-10,7.594187565981674e-10,5.976411008820099e-10,8.130632566580592e-10,9.859711548592545e-10,1.2838495198125793e-09,7.626178268862623e-10,3.454970814147827e-10,6.175303589136467e-10,3.037535745433711e-10,3.372945623075e-10,1.1946604565884862e-10,2.8601156461283664e-10,1.707967251226478e-10,2.4571984213952697e-10
771,10.146627565982406,1.386880726178717e-11,-7.464267292388401e-11,2.5685416267169664e-11,-2.398424366821968e-11,2.4360114036153214e-10,6.802958795327661e-10,7.560320961922748e-10,5.40510185135545e-10,6.210835918162343e-10,9.169442650564227e-10,1.0445180936767144e-09,1.3636242568563355e-09,9.234559635285204e-10,3.9214867356881725e-10,6.175303589136467e-10,3.037535745433711e-10,3.372945623075e-10,1.1946604565884862e-10,2.8601156461283664e-10,1.707967251226478e-10,2.4571984213952697e-10
772,10.18572825024438,-1.2737620023809924e-11,6.164248947455427e-11,-8.97960646948189e-11,-5.403473769949694e-11,1.4672935205670326e-10,5.44840128965488e-10,4.4778514228271396e-10,6.255888916259869e-10,6.492202274616764e-10,5.007093966692056e-10,8.13771268194324e-10,1.3161887387714579e-09,7.569822809252176e-10,5.88160584879195e-10,6.175303589136467e-10,3.037535745433711e-10,3.372945623075e-10,1.1946604565884862e-10,2.8601156461283664e-10,1.707967251226478e-10,2.4571984213952697e-10
773,10.224828934506355,-6.411943191417465e-12,-4.449838383242925e-11,-4.1147484753814335e-11,-4.858678185710192e-11,5.60455281016944e-11,5.672988697106972e-10,3.5327234677492493e-10,5.621674329812952e-10,5.296851687147555e-10,6.408806232666391e-10,8.715236154218987e-10,1.6554787203864716e-09,8.668821716127812e-10,4.0771833973427713e-10,6.175303589136467e-10,3.037535745433711e-10,3.372945623075e-10,1.1946604565884862e-10,2.8601156461283664e-10,1.707967251226478e-10,2.4571984213952697e-10
774,10.263929618768332,-9.784173582149749e-13,1.864921833254128e-10,-3.352781255394932e-12,-3.2473167087294636e-11,1.073209970977638e-10,2.7196363702023626e-10,2.616511996189261e-10,3.9645226694685717e-10,5.956899126899521e-10,5.981932055797697e-10,6.002817925557122e-10,1.6538700880630941e-09,7.990510903935893e-10,4.740678354477387e-10,6.175303589136467e-10,3.037535745433711e-10,3.372945623075e-10,1.1946604565884862e-10,2.8601156461283664e-10,1.707967251226478e-10,2.4571984213952697e-10
775,10.303030303030305,4.808330001942625e-12,1.9551909512833246e-10,5.856387839296441e-11,2.8980791180219547e-11,4.707947329513939e-11,2.2069820629180203e-10,2.9520097086617143e-10,4.250371739622466e-10,3.3501932630044563e-10,4.001231357933372e-10,7.81245400204077e-10,1.4469883018252338e-09,7.355129368942477e-10,5.359637911694207e-10,4.65164519810919e-10,3.377594595578454e-10,3.248571492124159e-10,2.175380342897269e-10,2.622974130721419e-10,2.2043093742603733e-10,1.922020752027726e-10
776,10.342130987292279,-7.67927443387524e-13,-7.275673346804402e-11,3.255911975189483e-11,2.9770049940839694e-11,4.350334058785163e-12,1.6564270229490277e-10,4.388899827350444e-10,3.8258345968421754e-10,4.544634132506539e-10,4.742952649407987e-10,6.676827967617411e-10,1.3126013130216464e-09,8.021215453817671e-10,5.091788709461231e-10,4.65164519810919e-10,3.377594595578454e-10,3.248571492124159e-10,2.175380342897269e-10,2.622974130721419e-10,2.2043093742603733e-10,1.922020752027726e-10
777,10.381231671554254,4.408210943875694e-11,-4.837315498267939e-11,-1.3323917567344889e-11,2.8943461373144583e-11,2.6589487709069425e-11,2.174834512125522e-10,1.758811074743225e-10,4.1882787829093185e-10,3.098235892582833e-10,6.874628886373232e-10,9.489798264316188e-10,1.7092352098649462e-09,6.669183199749311e-10,5.569930199221499e-10,4.65164519810919e-10,3.377594595578454e-10,3.248571492124159e-10,2.175380342897269e-10,2.622974130721419e-10,2.2043093742603733e-10,1.922020752027726e-10
778,10.420332355816226,-1.9461690590924543e-12,1.8593004036001746e-10,3.419222035030958e-11,-2.2352397850914647e-11,1.247693876995488e-11,2.2508367428645707e-10,1.4220899484379316e-10,2.92867073735661e-10,3.22718057205578e-10,7.17821745689033e-10,5.373264859458854e-10,1.5914938639945932e-09,7.602193084100898e-10,3.743376505493578e-10,4.65164519810919e-10,3.377594595578454e-10,3.248571492124159e-10,2.175380342897269e-10,2.622974130721419e-10,2.2043093742603733e-10,1.922020752027726e-10
779,10.459433040078203,-3.0560249789849618e-12,1.8593004036001746e-10,2.1997607845014665e-11,2.5097236547707274e-11,1.198443628574512e-11,2.2508367428645707e-10,1.1013735844655338e-10,2.392181819333595e-10,5.21307921018218e-10,7.314207745194254e-10,9.769000119404522e-10,1.4409800851949063e-09,5.025285189081786e-10,4.565250223824337e-10,4.65164519810919e-10,3.377594595578454e-10,3.248571492124159e-10,2.175380342897269e-10,2.622974130721419e-10,2.2043093742603733e-10,1.922020752027726e-10
780,10.498533724340177,1.738847470830232e-11,-6.457178132954889e-11,1.1497454846602864e-10,2.5584406202821924e-11,3.793147489174964e-11,5.936254802895909e-11,6.53892727162945e-11,2.6766318060008633e-10,4.3136755623232685e-10,5.92017475364527e-10,5.163094913319957e-10,1.5808125202729567e-09,7.498867944752151e-10,4.855390653217436e-10,4.65164519810919e-10,3.377594595578454e-10,3.248571492124159e-10,2.175380342897269e-10,2.622974130721419e-10,2.2043093742603733e-10,1.922020752027726e-10
781,10.537634408602152,-1.0562139302551722e-12,5.175228668741956e-11,-2.150636014191493e-11,3.952630459725709e-11,2.1065303775284565e-11,1.647775291373176e-10,6.26124370440791e-11,2.456285566458317e-10,3.174451436494211e-10,5.802498029119473e-10,8.67140970689856e-10,1.5098783596973084e-09,8.068972510151743e-10,5.299759647698106e-10,4.618267959578289e-10,3.2484962051382075e-10,3.5014103479123543e-10,1.2385276843631845e-10,2.2917050383133214e-10,1.5543503930723793e-10,2.103412240809526e-10
782,10.576735092864128,-4.3260853701862015e-11,-2.196372869195956e-11,1.5866736135442316e-10,6.433682313618915e-11,3.264632719760475e-11,7.099815452845406e-11,8.716290172397355e-11,1.711006964032279e-10,2.7801608476550884e-10,3.8687105457326737e-10,5.04463081220691e-10,1.3686010415297066e-09,9.200118967819879e-10,5.569218109637249e-10,4.618267959578289e-10,3.2484962051382075e-10,3.5014103479123543e-10,1.2385276843631845e-10,2.2917050383133214e-10,1.5543503930723793e-10,2.103412240809526e-10
783,10.615835777126101,-2.960912396936968e-11,-4.5110090742034195e-11,2.2583591692419426e-11,3.039775533858214e-11,-1.4062984993199875e-11,5.278497342838418e-11,2.703619059921942e-11,1.8303996048546767e-10,2.7852489943569144e-10,4.1169537573083703e-10,9.4928222923189e-10,1.4235156960908322e-09,7.965512481586445e-10,4.976643510445408e-10,4.618267959578289e-10,3.2484962051382075e-10,3.5014103479123543e-10,1.2385276843631845e-10,2.2917050383133214e-10,1.5543503930723793e-10,2.103412240809526e-10
784,10.654936461388075,7.159480404257407e-12,3.335527981884996e-11,5.2531507182109055e-11,-6.872166373943665e-11,4.642322157428922e-11,1.6985375538449814e-11,4.2854617575824305e-11,1.3785991556867567e-10,3.4105420707948806e-10,8.189299964614614e-10,5.495587419535328e-10,1.0693424148330053e-09,6.857974773656507e-10,4.515541979300766e-10,4.618267959578289e-10,3.2484962051382075e-10,3.5014103479123543e-10,1.2385276843631845e-10,2.2917050383133214e-10,1.5543503930723793e-10,2.103412240809526e-10
785,10.69403714565005,8.068257285549373e-13,-3.081873516908961e-11,5.888698511871921e-11,-1.8422102536804553e-11,-2.2990768907699808e-11,4.228243634279463e-11,3.245183576920945e-11,1.1999493686430093e-10,3.220232208965432e-10,9.605937879172397e-10,4.90699675763956e-10,1.0070863362758173e-09,7.422225774479075e-10,5.467665351845881e-10,4.618267959578289e-10,3.2484962051382075e-10,3.5014103479123543e-10,1.2385276843631845e-10,2.2917050383133214e-10,1.5543503930723793e-10,2.103412240809526e-10
786,10.733137829912023,1.4384209544732326e-11,1.146683813176531e-10,7.147120787135946e-11,-2.6309671010039683e-11,-1.6405038216269476e-11,9.287844012485381e-11,3.96643307725496e-11,9.613774001620089e-11,1.8552443162453522e-10,5.283394135156705e-10,7.248654723253255e-10,1.5141684641536084e-09,8.501267351321688e-10,4.897764688760286e-10,5.449417664212425e-10,3.3278926249689535e-10,3.9454781943554514e-10,1.6239469545485793e-10,2.370430149039667e-10,2.2292293726625703e-10,1.3361498331494277e-10
787,10.772238514174,-1.6534908298150334e-12,1.1472610135271867e-10,8.86623678903588e-11,-7.718266822851624e-11,-9.638618712524595e-12,4.309930033898419e-11,5.4500889733509176e-11,7.705436662472902e-11,1.7349952857382512e-10,3.8483830546157757e-10,4.595060740536963e-10,1.4271457844767286e-09,6.918583949004659e-10,3.225787762491758e-10,5.449417664212425e-10,3.3278926249689535e-10,3.9454781943554514e-10,1.6239469545485793e-10,2.370430149039667e-10,2.2292293726625703e-10,1.3361498331494277e-10
788,10.811339198435974,2.863133400170972e-11,5.5672230039469066e-11,1.8502408674474953e-11,1.4375739756894692e-11,1.9851300833154872e-11,-1.7225666562609676e-11,-2.2453094219984997e-11,8.734860966584394e-11,2.0028162553621464e-10,3.9362116189274463e-10,5.227484123650181e-10,1.7351932278260376e-09,6.368317509210988e-10,3.935543446767301e-10,5.449417664212425e-10,3.3278926249689535e-10,3.9454781943554514e-10,1.6239469545485793e-10,2.370430149039667e-10,2.2292293726625703e-10,1.3361498331494277e-10
789,10.850439882697948,-3.884401612148705e-11,-5.3584270458343776e-11,-3.1121765362984795e-11,-5.782167401007168e-11,5.346945777535933e-11,-4.2240401098884395e-11,-1.2204650772929838e-11,4.6555914919634395e-11,2.8442645947712876e-10,4.830298122114235e-10,4.3802261370795926e-10,1.3718333635761244e-09,9.144321886834903e-10,3.965862150741649e-10,5.449417664212425e-10,3.3278926249689535e-10,3.9454781943554514e-10,1.6239469545485793e-10,2.370430149039667e-10,2.2292293726625703e-10,1.3361498331494277e-10
790,10.889540566959925,-1.7240723961504806e-11,6.429196462881402e-11,1.0890265157859685e-11,-6.262435748678947e-11,1.4042281067374797e-11,1.3861592258469854e-11,6.367147423609382e-11,-6.02910877485391e-11,1.9799258691222733e-10,4.3343951732787196e-10,4.5396777380684904e-10,1.2872612758860243e-09,7.606581689055148e-10,4.942303225664959e-10,5.449417664212425e-10,3.3278926249689535e-10,3.9454781943554514e-10,1.6239469545485793e-10,2.370430149039667e-10,2.2292293726625703e-10,1.3361498331494277e-10
791,10.928641251221897,3.612239092041198e-11,1.335327950039039e-10,5.287531783368949e-11,-6.464330399092513e-12,-3.347448424424458e-11,-2.7931478556300457e-12,2.998995073189505e-11,2.954889436611696e-11,2.334204552180294e-10,3.6664049545738484e-10,9.394265329909227e-10,1.4477587388353598e-09,7.963570704263797e-10,4.1557955775475686e-10,3.78930785198785e-10,2.8458236631478146e-10,3.521562169366954e-10,1.446853098911532e-10,2.2543313146496698e-10,1.9597395411104245e-10,1.6142474788533312e-10
792,10.967741935483872,1.8810144303499785e-11,1.6256346381933996e-11,3.275925770380918e-11,5.831762715085897e-11,1.9645516354310153e-11,-3.897608207542438e-11,5.816548466079713e-12,6.565277723105682e-11,2.111671852555351e-10,4.3526585457016183e-10,8.228775450490814e-10,1.5320654398363043e-09,9.51054924485395e-10,4.483074458745516e-10,3.78930785198785e-10,2.8458236631478146e-10,3.521562169366954e-10,1.446853098911532e-10,2.2543313146496698e-10,1.9597395411104245e-10,1.6142474788533312e-10
793,11.006842619745846,-4.045421691519891e-12,6.223349245662849e-11,2.039650421434223e-12,-5.622527582476643e-11,1.778028082599976e-11,-3.752429766964948e-12,-7.736994465530055e-12,1.7011725991204688e-11,1.9617942489375753e-10,4.4148832546870657e-10,6.168126228075817e-10,1.3616523647381974e-09,6.912441784226735e-10,5.058640468900634e-10,3.78930785198785e-10,2.8458236631478146e-10,3.521562169366954e-10,1.446853098911532e-10,2.2543313146496698e-10,1.9597395411104245e-10,1.6142474788533312e-10
794,11.04594330400782,-1.3802617437179687e-11,-9.256788123236322e-11,-4.2938060671383865e-11,-1.137414100770186e-10,-4.779469982705151e-12,1.6689874048264972e-11,3.624128164711947e-11,-2.2138457281214724e-11,2.387749296963769e-10,4.606642391341313e-10,1.0864134293393283e-09,1.3519224605323182e-09,8.383480833244166e-10,4.966743269388934e-10,3.78930785198785e-10,2.8458236631478146e-10,3.521562169366954e-10,1.446853098911532e-10,2.2543313146496698e-10,1.9597395411104245e-10,1.6142474788533312e-10
795,11.085043988269796,3.026631677690462e-11,1.0605115629393891e-10,-4.583284598276974e-11,1.0228053216677877e-10,-1.2921132096179762e-11,-4.139844143616438e-11,8.895786938224865e-12,-1.7837059775232163e-11,1.8211487142161265e-10,5.17843464042843e-10,6.510456236172815e-10,1.1099572440331778e-09,7.624967402874973e-10,4.093175611813422e-10,3.78930785198785e-10,2.8458236631478146e-10,3.521562169366954e-10,1.446853098911532e-10,2.2543313146496698e-10,1.9597395411104245e-10,1.6142474788533312e-10
796,11.12414467253177,-8.290981341774223e-13,6.308925473713486e-11,4.105086643272987e-11,-7.618950716497884e-11,1.5394937574500007e-11,1.1857075769495053e-11,1.9310489185844985e-11,5.1077213217524306e-11,1.8671177042033767e-10,3.860171744678376e-10,5.290675015855007e-10,1.3494404989607563e-09,8.370437359769814e-10,4.370642728833095e-10,3.2247807988010574e-10,2.7738869306560116e-10,3.3235385265549025e-10,1.388951118778284e-10,2.96049204448081e-10,1.401147613451828e-10,1.3916489030922323e-10
797,11.163245356793745,2.5756938920872097e-11,8.598905184897331e-11,-9.496200795674179e-12,7.5091885383074e-11,2.5587543161564477e-11,-1.274797198757474e-11,2.6431384999359944e-11,1.3709449770114421e-11,1.8477407114908248e-10,4.25923992132342e-10,4.5135280519449413e-10,1.2466975791102856e-09,8.679794796994086e-10,4.4643813229825666e-10,3.2247807988010574e-10,2.7738869306560116e-10,3.3235385265549025e-10,1.388951118778284e-10,2.96049204448081e-10,1.401147613451828e-10,1.3916489030922323e-10
798,11.202346041055721,2.9637670290772176e-11,1.9612891985774752e-11,-2.7577002246529867e-11,-3.6122390920412124e-11,-7.664844420419928e-12,4.0209534160564324e-11,1.6295244667954486e-11,5.198191205083163e-11,1.4280344848244574e-10,4.268202211786642e-10,5.697033484073728e-10,1.4109822920661552e-09,8.798371828611632e-10,3.9112916205337744e-10,3.2247807988010574e-10,2.7738869306560116e-10,3.3235385265549025e-10,1.388951118778284e-10,2.96049204448081e-10,1.401147613451828e-10,1.3916489030922323e-10
799,11.241446725317694,2.270405090062969e-11,-4.042221994744968e-11,6.559756676076887e-11,-6.758200671276935e-11,2.9037570128599686e-11,2.6174781795194503e-11,3.67400580607482e-12,-3.4948854742394584e-11,1.809105930509877e-10,4.3634936003985686e-10,4.764211817212586e-10,1.3786214280934878e-09,7.499978428071977e-10,2.824947204280813e-10,3.2247807988010574e-10,2.7738869306560116e-10,3.3235385265549025e-10,1.388951118778284e-10,2.96049204448081e-10,1.401147613451828e-10,1.3916489030922323e-10
800,11.280547409579668,-8.294118295402582e-12,9.707820017593335e-11,4.4187824941645176e-11,1.5549903328023038e-12,-2.657003857970066e-12,1.4158975923729608e-11,2.0130490139924274e-11,-3.27241237679396e-11,1.9666816302952227e-10,4.4559429045960873e-10,4.701300114333287e-10,1.2288432660634187e-09,7.509916312621427e-10,4.3003089821248693e-10,3.2247807988010574e-10,2.7738869306560116e-10,3.3235385265549025e-10,1.388951118778284e-10,2.96049204448081e-10,1.401147613451828e-10,1.3916489030922323e-10
801,11.319648093841643,2.0792388385147167e-11,7.320782810230924e-11,3.765604993512897e-11,2.6203014420466932e-11,4.076791277580957e-11,-1.732103009917479e-11,5.050503191804833e-13,-7.236492735119896e-11,1.6752142674572024e-10,3.580072719472377e-10,5.118876346186556e-10,1.3159415464411332e-09,8.522548477846863e-10,5.390179339741827e-10,3.263101883941855e-10,4.2766657258379445e-10,3.026154859965008e-10,1.5024149080121317e-10,2.895029994332265e-10,1.687583294857326e-10,9.355602316378857e-11
802,11.358748778103616,-4.1470591472760135e-13,-1.2764974301623317e-10,3.73153762397351e-11,-6.637929682023655e-11,3.53390923819997e-11,2.0087827505459574e-11,-7.252648072174648e-12,2.589935683686984e-11,1.657223810403131e-10,4.2132709313532207e-10,6.121191054869194e-10,1.4169020464675318e-09,7.966786086740418e-10,4.3753889470601185e-10,3.263101883941855e-10,4.2766657258379445e-10,3.026154859965008e-10,1.5024149080121317e-10,2.895029994332265e-10,1.687583294857326e-10,9.355602316378857e-11
803,11.397849462365592,2.097370459057466e-12,2.5171080549702654e-10,-2.359369233248493e-11,-5.941650371557913e-11,-2.19674930438145e-11,-4.0686351855324364e-11,-1.5740630402859335e-11,7.0609799063925435e-12,1.8574245024051507e-10,4.141738866485493e-10,5.519732589169902e-10,1.3964101787075802e-09,8.433383569197838e-10,4.405114765894368e-10,3.263101883941855e-10,4.2766657258379445e-10,3.026154859965008e-10,1.5024149080121317e-10,2.895029994332265e-10,1.687583294857326e-10,9.355602316378857e-11
804,11.436950146627566,-1.0200134286512382e-11,-1.3862658822754295e-10,-9.767861403850668e-12,7.070484890862177e-11,2.121211343625081e-12,1.30026930166647e-11,-5.4175273450655065e-12,2.526443643580968e-11,1.8965706076347005e-10,4.901356506243387e-10,5.392165034471528e-10,1.2300390746470585e-09,7.696182634932722e-10,4.4695071131858933e-10,3.263101883941855e-10,4.2766657258379445e-10,3.026154859965008e-10,1.5024149080121317e-10,2.895029994332265e-10,1.687583294857326e-10,9.355602316378857e-11
805,11.476050830889541,-9.366017018517382e-12,-4.634981674465949e-11,-3.527196146815322e-12,4.445446641344467e-11,-2.4593754704914427e-11,5.500531266042929e-11,4.4327733291159227e-11,-3.1837619293974625e-11,1.8681089830875771e-10,4.949069645161887e-10,4.74283344498941e-10,1.1872635084269418e-09,8.023031752799143e-10,4.098928793722619e-10,3.263101883941855e-10,4.2766657258379445e-10,3.026154859965008e-10,1.5024149080121317e-10,2.895029994332265e-10,1.687583294857326e-10,9.355602316378857e-11
806,11.515151515151517,2.221405798119729e-11,7.530770812784832e-11,-9.887065826687382e-11,8.511038977143866e-11,2.3802613770924748e-11,-9.877027559904739e-12,-1.9311116578105347e-11,-2.780286325382513e-12,2.4374544045345686e-10,3.822525105620321e-10,4.987268388914285e-10,1.0461806816864562e-09,7.640476525748723e-10,5.538394355336903e-10,4.0922000177101474e-10,1.9316512146425759e-10,3.637441416670548e-10,1.4641628359687826e-10,3.3116620016441035e-10,1.874263695685122e-10,3.572098570932056e-10
807,11.55425219941349,3.757135205505033e-12,5.431894614008406e-11,5.642070834069915e-11,5.535476985087399e-12,1.0799920754259772e-11,-4.260617045739964e-12,-2.6991018397419457e-11,3.1860519090151975e-11,2.0789502383649725e-10,4.074404052094695e-10,5.32387344775378e-10,1.2218023626914437e-09,7.425052174095499e-10,5.828415580319951e-10,4.0922000177101474e-10,1.9316512146425759e-10,3.637441416670548e-10,1.4641628359687826e-10,3.3116620016441035e-10,1.874263695685122e-10,3.572098570932056e-10
808,11.593352883675465,1.486604637160485e-11,-4.3665207652824e-11,1.0102135702114322e-10,-2.5328116692229623e-11,2.4006516072989475e-11,-3.75305715922476e-12,4.2076024473394615e-11,-1.2103327012452195e-11,2.4332791127611673e-10,4.1114483951287467e-10,4.848323085708512e-10,9.988126082100242e-10,8.273819037704438e-10,4.992375357366857e-10,4.0922000177101474e-10,1.9316512146425759e-10,3.637441416670548e-10,1.4641628359687826e-10,3.3116620016441035e-10,1.874263695685122e-10,3.572098570932056e-10
809,11.63245356793744,2.3014296096989652e-11,-8.307920913698874e-11,2.3548520130684967e-11,3.251457493979732e-11,-2.7021133200324696e-11,-8.445319696219991e-12,-2.4356600642055555e-11,1.1292109542339899e-11,1.7644732848514497e-10,4.2662667083865925e-10,5.278673012585978e-10,1.474969344328983e-09,8.510461776707988e-10,4.856093331926311e-10,4.0922000177101474e-10,1.9316512146425759e-10,3.637441416670548e-10,1.4641628359687826e-10,3.3116620016441035e-10,1.874263695685122e-10,3.572098570932056e-10
810,11.671554252199412,4.199132659672414e-12,5.951814117133358e-11,3.4127599003794025e-11,-4.144235885514952e-11,-1.3515272037849612e-11,5.915362659222435e-11,2.654933464023492e-11,-8.498020599172382e-12,2.405677014842992e-10,5.797140103984549e-10,6.252883710011317e-10,1.378888696958997e-09,9.204818131670026e-10,4.861482626640136e-10,4.0922000177101474e-10,1.9316512146425759e-10,3.637441416670548e-10,1.4641628359687826e-10,3.3116620016441035e-10,1.874263695685122e-10,3.572098570932056e-10
811,11.710654936461388,3.30898931298646e-11,1.7166064349741702e-10,-3.516405009661384e-11,-1.3491744848559915e-11,2.639436889011941e-11,7.287531049947423e-11,4.815294049549521e-11,4.4376669843109277e-11,4.1198742656785447e-10,3.954384019574947e-10,8.123066222676793e-10,1.3186387033668301e-09,8.067905944264544e-10,5.188278416224134e-10,4.338890434806343e-10,3.5786736359687025e-10,3.5851169487501005e-10,1.3988388119810337e-10,2.6374919746939146e-10,1.5316325395761262e-10,1.2250450366989833e-10
812,11.749755620723363,2.4472981803984845e-11,1.9598587455375226e-10,-5.5211724531534386e-11,-3.151827691751654e-11,8.532527148745303e-13,1.2545763641031362e-10,4.8854991810404585e-11,3.271973202638223e-11,2.3969217636380157e-10,3.264516652226456e-10,4.265849492908793e-10,1.3129623769463952e-09,9.58721337383907e-10,5.248790345840182e-10,4.338890434806343e-10,3.5786736359687025e-10,3.5851169487501005e-10,1.3988388119810337e-10,2.6374919746939146e-10,1.5316325395761262e-10,1.2250450366989833e-10
813,11.788856304985337,-1.0944848240150494e-12,-7.12221333657897e-11,1.815044193544962e-12,-6.1798082615224005e-12,2.327058560672957e-11,-2.5019753670944423e-11,-4.757950447964935e-11,1.3520291169962265e-11,2.2332133099756955e-10,5.528575675214553e-10,5.784432285079448e-10,1.337519742932625e-09,7.281043819844202e-10,5.87484256623927e-10,4.338890434806343e-10,3.5786736359687025e-10,3.5851169487501005e-10,1.3988388119810337e-10,2.6374919746939146e-10,1.5316325395761262e-10,1.2250450366989833e-10
814,11.827956989247314,2.160799759681723e-11,-2.1438601837510424e-11,-6.701735418174439e-11,-5.344373471571657e-11,1.2199004246000032e-11,3.789445874500396e-13,2.1859581670574407e-11,-4.3664893957546605e-11,2.872757588914362e-10,5.877781896360197e-10,9.669398549801798e-10,1.50174767694037e-09,8.71455229726086e-10,5.314998992121704e-10,4.338890434806343e-10,3.5786736359687025e-10,3.5851169487501005e-10,1.3988388119810337e-10,2.6374919746939146e-10,1.5316325395761262e-10,1.2250450366989833e-10
815,11.867057673509287,5.1963090299229324e-11,-8.784048476120458e-11,5.337848597949577e-12,-1.5315980330188873e-10,4.603172916210392e-12,7.223788052084768e-12,3.4394240477299985e-11,4.488517081716221e-11,2.2404502732413723e-10,4.0077719164127717e-10,4.242253291007269e-10,1.431431497189851e-09,8.37257362851404e-10,5.702683146336748e-10,4.338890434806343e-10,3.5786736359687025e-10,3.5851169487501005e-10,1.3988388119810337e-10,2.6374919746939146e-10,1.5316325395761262e-10,1.2250450366989833e-10
816,11.906158357771261,2.76573083841997e-11,9.776205713064891e-11,-4.692262536995235e-12,-5.301616727159492e-11,2.61923487614245e-11,1.4120705029969725e-11,1.935817095498022e-11,3.502571022604452e-11,2.3862215981661417e-10,3.727117649542599e-10,4.924930749432862e-10,1.4211005517356263e-09,9.147499625810031e-10,7.753987369359444e-10,4.23904104549194e-10,3.876220424409797e-10,3.491585393850354e-10,1.3424551197529785e-10,3.3995093877321086e-10,2.907019449730513e-10,1.9180932799583277e-10
817,11.945259042033236,1.332172169699233e-11,9.355916011997292e-11,-1.087840745471689e-10,7.698409875640544e-12,2.816863262256952e-11,-3.2428622276049684e-11,4.692262536994128e-12,3.4664018908694557e-11,3.626408733590728e-10,3.946278118779373e-10,4.625473553265065e-10,1.3252874869249774e-09,6.530539044547014e-10,4.980796843515284e-10,4.23904104549194e-10,3.876220424409797e-10,3.491585393850354e-10,1.3424551197529785e-10,3.3995093877321086e-10,2.907019449730513e-10,1.9180932799583277e-10
818,11.984359726295208,-3.6548703591950224e-12,-6.530896657691934e-11,3.6694258456460176e-11,-8.295090753405457e-11,2.3067310695219564e-11,-1.0680716330569686e-11,-6.394878136778885e-11,9.484907746077542e-12,2.697611784496988e-10,3.2225535582643824e-10,4.390004036747665e-10,1.4739369712841478e-09,7.744444741584273e-10,6.744128275459487e-10,4.23904104549194e-10,3.876220424409797e-10,3.491585393850354e-10,1.3424551197529785e-10,3.3995093877321086e-10,2.907019449730513e-10,1.9180932799583277e-10
819,12.023460410557185,2.2050308747114677e-11,-1.4134758603806377e-10,-2.7179863300590008e-11,3.773165063511128e-11,2.925652983296984e-11,-8.386972268895128e-12,-1.2356479565154794e-11,1.2762401995062181e-11,2.3196616125344468e-10,4.259682232483096e-10,5.031888486744559e-10,1.242594751076591e-09,8.684252415028735e-10,4.789018885101762e-10,4.23904104549194e-10,3.876220424409797e-10,3.491585393850354e-10,1.3424551197529785e-10,3.3995093877321086e-10,2.907019449730513e-10,1.9180932799583277e-10
820,12.06256109481916,-8.193108231907254e-12,4.895600187389982e-11,-2.256100558469696e-12,-5.931361147786185e-11,-1.6380569938590065e-11,3.766922516065442e-11,1.004893288569497e-11,2.8394493634979786e-11,2.746793020008089e-10,5.5603844344765e-10,5.333983865012755e-10,1.235191842693097e-09,7.365086075242678e-10,6.136414714503341e-10,4.23904104549194e-10,3.876220424409797e-10,3.491585393850354e-10,1.3424551197529785e-10,3.3995093877321086e-10,2.907019449730513e-10,1.9180932799583277e-10
821,12.101661779081134,-2.2965045848909557e-11,-5.486791387824942e-11,1.7158535648759935e-11,-8.362284404605924e-11,-7.738249248345146e-12,4.605494264502937e-11,1.8342423791394535e-11,-1.4068004127017318e-11,2.686271679499613e-10,6.17833702801967e-10,4.888739659130735e-10,8.580102255599758e-10,7.121516931860834e-10,4.059992864704097e-10,4.6107769026604364e-10,4.4320141850951416e-10,3.031594346017013e-10,1.6042405812064274e-10,2.494785458222714e-10,2.335371500735317e-10,4.3844014288529877e-10
822,12.14076246334311,1.309146894387739e-11,4.373547551944947e-12,4.053264088802504e-11,-2.932617031159643e-11,2.5852302459994422e-11,2.399271345690985e-11,1.2140029428120438e-11,5.681125967387656e-11,3.5643157768775803e-10,5.619007915094951e-10,4.615206288068965e-10,1.243215555165441e-09,7.371011789869926e-10,6.190019061491843e-10,4.6107769026604364e-10,4.4320141850951416e-10,3.031594346017013e-10,1.6042405812064274e-10,2.494785458222714e-10,2.335371500735317e-10,4.3844014288529877e-10
823,12.179863147605083,-4.896792231319913e-12,4.373547551944975e-12,-7.106152109044834e-11,-9.912757516972595e-11,6.13300484069891e-11,2.3992713456909844e-11,6.800298655095967e-12,1.543069890348223e-11,3.5636444677646513e-10,4.967386345892782e-10,4.424510580340616e-10,9.267306345157452e-10,7.7271851958652e-10,4.905955287417184e-10,4.6107769026604364e-10,4.4320141850951416e-10,3.031594346017013e-10,1.6042405812064274e-10,2.494785458222714e-10,2.335371500735317e-10,4.3844014288529877e-10
824,12.218963831867057,-1.5456735658402257e-11,2.767048360972433e-11,6.894030974682437e-11,-9.832106313815374e-11,1.851181954984948e-11,3.625320208982927e-11,1.6381824721405152e-11,1.946074949912466e-11,3.016615369151135e-10,5.995311183841297e-10,4.4854993276565404e-10,1.3494778287672348e-09,5.633265391509726e-10,3.9072982723538e-10,4.6107769026604364e-10,4.4320141850951416e-10,3.031594346017013e-10,1.6042405812064274e-10,2.494785458222714e-10,2.335371500735317e-10,4.3844014288529877e-10
825,12.258064516129032,3.8461620880016955e-11,-1.8256784823095309e-10,-6.969255239820425e-11,3.490493732255688e-11,-2.199133392752958e-11,-1.7075092553199273e-11,2.6709946915575148e-11,1.6916676148212415e-11,3.683479419738203e-10,4.2649303640577693e-10,5.30604297558108e-10,8.259169441468165e-10,7.466965076719402e-10,5.045847952100109e-10,4.6107769026604364e-10,4.4320141850951416e-10,3.031594346017013e-10,1.6042405812064274e-10,2.494785458222714e-10,2.335371500735317e-10,4.3844014288529877e-10
826,12.297165200391005,7.353030744262295e-12,1.1872321388454837e-10,8.47970076171894e-11,1.516593960420004e-11,4.5835982940659744e-11,1.536168581540983e-11,-1.1884053612805214e-11,1.8757129706122273e-11,3.714892922234401e-10,3.3492208058710057e-10,4.5178539177158144e-10,1.0868968346459982e-09,5.933506827311998e-10,5.560108382137855e-10,4.6107769026604364e-10,4.4320141850951416e-10,3.031594346017013e-10,1.6042405812064274e-10,2.494785458222714e-10,2.335371500735317e-10,4.3844014288529877e-10
827,12.336265884652981,-1.7305659004149614e-11,-1.1624125231366861e-10,-1.3507115945289623e-11,6.198943708487699e-11,1.5681028191014844e-11,-7.876275422784842e-12,2.497144451125501e-11,5.017251439530041e-12,4.3071569625303433e-10,4.532230598566215e-10,6.334287783300865e-10,7.575403458451852e-10,5.618129566706725e-10,4.6100648130676673e-10,4.846770291254583e-10,3.232817686490661e-10,3.644173329635802e-10,1.6757632351987803e-10,2.9023955729004116e-10,2.4439541825682193e-10,-6.772153862778054e-10
828,12.375366568914956,2.569670931761965e-11,-5.984626703005387e-11,1.1786305985992782e-10,-3.564776909770998e-11,-1.8219455017555198e-11,-2.8917738314354325e-11,-5.854819359840411e-12,-1.3621928626569806e-11,4.2993678945617935e-10,4.066357753521196e-10,8.096841249533193e-10,7.480679859323723e-10,5.662661829697326e-10,5.518942075629874e-10,4.846770291254583e-10,3.232817686490661e-10,3.644173329635802e-10,1.6757632351987803e-10,2.9023955729004116e-10,2.4439541825682193e-10,-6.772153862778054e-10
829,12.41446725317693,6.503856075667354e-12,-9.540369172416335e-11,1.378944220995011e-11,-5.1910703092406715e-11,2.2659506089384457e-11,-2.905074535582967e-11,1.0365765693964695e-11,-1.8619103530829763e-11,3.7929059433764986e-10,5.141035821082907e-10,6.760349487908962e-10,5.842952246043196e-10,5.310208856479104e-10,5.721573910474051e-10,4.846770291254583e-10,3.232817686490661e-10,3.644173329635802e-10,1.6757632351987803e-10,2.9023955729004116e-10,2.4439541825682193e-10,-6.772153862778054e-10
830,12.453567937438907,5.025658487118437e-11,-4.395506261948977e-11,-5.3036557501290097e-11,-1.8999302901947174e-11,-7.923329801364798e-12,7.031053322358919e-11,6.132753883794707e-12,-3.1680143976523565e-12,6.899197545399685e-10,5.599194885145327e-10,9.476554025501077e-10,5.15829850376328e-10,4.50940608844544e-10,6.481997748586991e-10,4.846770291254583e-10,3.232817686490661e-10,3.644173329635802e-10,1.6757632351987803e-10,2.9023955729004116e-10,2.4439541825682193e-10,-6.772153862778054e-10
831,12.49266862170088,1.6551847874677408e-11,-1.265185557774038e-10,3.471295546234914e-11,4.7379680223864314e-11,9.021892669954762e-12,6.274042495258896e-11,4.976470978434078e-12,-1.3383519780042458e-11,6.181166564597393e-10,1.063056891068851e-09,4.858260970249438e-10,7.85587578172007e-10,5.757570509363123e-10,4.585653001969813e-10,4.846770291254583e-10,3.232817686490661e-10,3.644173329635802e-10,1.6757632351987803e-10,2.9023955729004116e-10,2.4439541825682193e-10,-6.772153862778054e-10
832,12.531769305962854,9.394877036902447e-12,-5.3050360119074214e-11,2.8139772604185008e-11,-5.107815430506121e-11,6.6014154859944806e-12,-4.61634814173474e-12,-2.291673668751478e-11,-2.2552849499812275e-11,6.867382512215135e-10,6.296120409127367e-10,8.670964258794638e-10,6.710427930213058e-10,5.036938989944883e-10,4.6479780936060386e-10,5.973791648461922e-10,3.912533856108847e-10,2.960617522813461e-10,1.6715157933666308e-10,2.5587856857353695e-10,2.081497448655872e-10,1.3139652625797342e-10
833,12.570869990224828,6.4169623252350484e-12,-5.0791122601009976e-11,8.35873964140592e-11,3.127108458702221e-11,6.437038858799994e-13,-4.226737894389985e-12,3.1282377638325007e-11,1.7302522044554804e-11,7.677621251442074e-10,9.85767252556337e-10,7.020924083374757e-10,7.25281433022868e-10,5.527788298627302e-10,5.449053777025579e-10,5.973791648461922e-10,3.912533856108847e-10,2.960617522813461e-10,1.6715157933666308e-10,2.5587856857353695e-10,2.081497448655872e-10,1.3139652625797342e-10
834,12.609970674486801,1.2800672889674724e-11,-1.548528198150955e-11,4.2290592435355195e-11,1.323106359666558e-10,1.6427624315464914e-11,9.17999537966536e-12,5.349141648400116e-12,3.416147815599709e-11,3.743570996923675e-10,8.631692675223912e-10,5.40689932858618e-10,6.654828477610962e-10,5.909483999057298e-10,4.5263017469776627e-10,5.973791648461922e-10,3.912533856108847e-10,2.960617522813461e-10,1.6715157933666308e-10,2.5587856857353695e-10,2.081497448655872e-10,1.3139652625797342e-10
835,12.649071358748778,1.0639308476362328e-11,-1.7357105122923252e-10,1.9851928225415802e-11,2.8244547018682283e-11,-1.7422667554930074e-11,3.4549206227414944e-11,4.868183170009418e-11,-4.86162692660417e-11,5.93278218989107e-10,7.061920994117456e-10,6.480648856430014e-10,8.235403843826942e-10,5.479607752901354e-10,4.312464696335619e-10,5.973791648461922e-10,3.912533856108847e-10,2.960617522813461e-10,1.6715157933666308e-10,2.5587856857353695e-10,2.081497448655872e-10,1.3139652625797342e-10
836,12.688172043010752,-2.888511394581959e-11,2.049525567542721e-10,7.492876354039884e-11,-1.8553446989216978e-10,2.374740330148988e-11,-4.205218358967955e-11,2.6173527010674332e-11,-3.513926812280452e-11,6.281034775654016e-10,4.776816116505609e-10,6.270177762270594e-10,5.137290292623984e-10,6.166589118402819e-10,6.130074921368121e-10,5.973791648461922e-10,3.912533856108847e-10,2.960617522813461e-10,1.6715157933666308e-10,2.5587856857353695e-10,2.081497448655872e-10,1.3139652625797342e-10
837,12.727272727272727,3.396886890438206e-11,-3.886879809444468e-11,2.7230682027614684e-11,-1.5143039808022384e-11,-2.1557178872348676e-12,-7.071331869304809e-12,-1.9111606016745156e-11,-1.0670991758212439e-11,7.653730175451148e-10,1.0312710315919963e-09,6.280303864327542e-10,6.21701886338602e-10,6.459901012848441e-10,5.472681348505999e-10,8.088346365902995e-10,3.545666558547253e-10,2.2648589473949722e-10,2.327478913146169e-10,2.963773303068013e-10,2.340290251688918e-10,1.5092032862296276e-10
838,12.766373411534703,8.38509009381981e-12,-1.1974460757335876e-10,9.517720331949356e-11,-5.349518083500215e-11,4.5266311269850104e-12,6.051443919531945e-11,-2.0596642174789318e-11,5.451249647923653e-11,4.5777572773937897e-10,1.0830681767859383e-09,5.481693830307402e-10,6.255019978755543e-10,5.365494613241054e-10,6.29802767990129e-10,8.088346365902995e-10,3.545666558547253e-10,2.2648589473949722e-10,2.327478913146169e-10,2.963773303068013e-10,2.340290251688918e-10,1.5092032862296276e-10
839,12.805474095796676,-1.841896557891471e-11,2.401900116805164e-10,-1.5356039290185128e-11,1.2405635704395893e-10,-3.4817102483734896e-11,4.723945817821925e-11,-3.036199401130417e-11,2.4315820182664667e-11,6.049222952764394e-10,7.277091252127028e-10,4.413452801595968e-10,8.655122618321461e-10,3.9878302711777213e-10,7.445059695458178e-10,8.088346365902995e-10,3.545666558547253e-10,2.2648589473949722e-10,2.327478913146169e-10,2.963773303068013e-10,2.340290251688918e-10,1.5092032862296276e-10
840,12.84457478005865,7.818241690737341e-12,-1.7039958607097748e-12,-4.0784852351484826e-11,6.0068049998742e-11,5.792707582364637e-12,1.5435718037299956e-11,1.2131245943300097e-11,-3.489270318542199e-11,7.709897417528522e-10,7.031235265994958e-10,5.053944442011783e-10,8.70179428700906e-10,3.8744260841403757e-10,5.373995770785329e-10,8.088346365902995e-10,3.545666558547253e-10,2.2648589473949722e-10,2.327478913146169e-10,2.963773303068013e-10,2.340290251688918e-10,1.5092032862296276e-10
841,12.883675464320625,1.6542750693727283e-11,1.3597272133087365e-10,-1.8086447976079304e-11,-3.919127742964418e-11,2.7352396018639495e-11,-4.572681678460456e-11,1.012986641562489e-11,2.1986942186822823e-12,7.392659940534729e-10,7.33561748703043e-10,5.768957668745899e-10,6.429767389428815e-10,4.59847061442664e-10,4.424645469557165e-10,8.088346365902995e-10,3.545666558547253e-10,2.2648589473949722e-10,2.327478913146169e-10,2.963773303068013e-10,2.340290251688918e-10,1.5092032862296276e-10
842,12.922776148582598,1.4025341490847408e-11,-6.522113173894958e-11,4.4841567093454417e-11,5.6651902182204514e-11,3.600412758425949e-11,-4.402156614107912e-11,3.308110964675001e-11,-8.171776914674754e-13,8.538418350937638e-10,1.0907477649108283e-09,9.157475153852453e-10,4.293944093316292e-10,3.9946311972233716e-10,6.00507339871992e-10,4.607319974376837e-10,2.000394523395375e-10,3.0704675358692106e-10,1.2516778144364842e-10,3.007301739346257e-10,2.5457986774962134e-10,2.003368360047972e-10
843,12.961876832844576,2.523024358747711e-11,-1.475506077918931e-10,-3.4009021972363765e-11,6.053326094436399e-11,1.8924015898094763e-11,-5.9677498660448666e-12,1.7073210378123807e-11,2.429260668950458e-11,8.343782623320265e-10,8.331780620068288e-10,7.656522068510323e-10,6.611692161154212e-10,4.886757101353809e-10,4.555171176144266e-10,4.607319974376837e-10,2.000394523395375e-10,3.0704675358692106e-10,1.2516778144364842e-10,3.007301739346257e-10,2.5457986774962134e-10,2.003368360047972e-10
844,13.000977517106548,1.8232630243079816e-11,7.151638008679446e-12,3.328438455826003e-11,-6.227740987646675e-11,-3.87477114854502e-12,-6.362379246354509e-12,4.161677374656939e-11,2.3232628409099606e-11,5.907027760541797e-10,9.305272953978249e-10,7.022897230276307e-10,5.493159413654479e-10,5.763345649975849e-10,5.126605811933031e-10,4.607319974376837e-10,2.000394523395375e-10,3.0704675358692106e-10,1.2516778144364842e-10,3.007301739346257e-10,2.5457986774962134e-10,2.003368360047972e-10
845,13.040078201368523,5.030269816222688e-11,2.3988949105054374e-11,-3.1385897269153835e-11,1.0372949330141674e-10,6.14028258409489e-12,3.870379407669481e-11,6.377436647466334e-11,2.3523738158579874e-11,9.5272315901968e-10,9.20852915358875e-10,6.281110062674067e-10,5.797786317441175e-10,4.694075698895764e-10,6.281539825971493e-10,4.607319974376837e-10,2.000394523395375e-10,3.0704675358692106e-10,1.2516778144364842e-10,3.007301739346257e-10,2.5457986774962134e-10,2.003368360047972e-10
846,13.0791788856305,1.5601663141734723e-11,-1.4913351705554248e-10,2.6914476611604766e-11,-4.070329142929453e-11,2.2619980412809755e-11,3.042473318103922e-11,4.868496865968984e-11,6.777147900734667e-11,7.177282643258379e-10,6.67605000191406e-10,1.4620105687299395e-09,3.7513569279394504e-10,4.1165302679164953e-10,6.009665905979644e-10,4.607319974376837e-10,2.000394523395375e-10,3.0704675358692106e-10,1.2516778144364842e-10,3.007301739346257e-10,2.5457986774962134e-10,2.003368360047972e-10
847,13.118279569892472,-2.1549022778084694e-11,5.981866179619002e-11,-1.0791137323953913e-13,-2.6184820061124318e-11,5.050503191799352e-13,-1.7415138856334985e-11,9.404601605850122e-13,3.474150178460458e-11,7.169474753530554e-10,5.660478506567697e-10,9.93616550135812e-10,4.599697165203737e-10,5.98446671828602e-10,6.119600616905244e-10,4.890806914786034e-10,3.421085388338155e-10,3.506053046510251e-10,1.507283467619033e-10,3.8383447873814457e-10,1.8996479639334742e-10,2.964563816616563e-10
848,13.157380254154447,1.4652419496329638e-11,-1.7875330668480782e-10,8.44883308997735e-11,-2.7562258542059386e-11,-7.402594689325242e-12,5.895411603256898e-11,2.0407169881064574e-11,4.082124107187575e-12,1.0123852865876614e-09,8.385817867332562e-10,5.964694468799195e-10,3.779633471931848e-10,5.677967050257076e-10,7.638531611456248e-10,4.890806914786034e-10,3.421085388338155e-10,3.506053046510251e-10,1.507283467619033e-10,3.8383447873814457e-10,1.8996479639334742e-10,2.964563816616563e-10
849,13.196480938416421,-1.5433835862222609e-12,-3.0390854029348663e-10,-2.1488165781720012e-11,9.2653206511532e-12,4.87357873815998e-12,2.359620189981965e-11,4.3952553053859547e-11,-2.7970376844877226e-11,7.611509850867076e-10,7.513574006240678e-10,8.405743827786689e-10,4.461122023090366e-10,4.772195376619759e-10,6.78177177756476e-10,4.890806914786034e-10,3.421085388338155e-10,3.506053046510251e-10,1.507283467619033e-10,3.8383447873814457e-10,1.8996479639334742e-10,2.964563816616563e-10
850,13.235581622678394,2.8169887401973873e-12,1.1601476390729318e-10,6.67224800821137e-11,-1.0814319392304899e-10,-2.970950664230946e-11,-1.376999306864466e-11,-6.664280133499889e-11,-1.2535913590392366e-11,1.0200551501401939e-09,7.88438446064407e-10,1.480612732686458e-09,4.825627190898736e-10,4.256027675816618e-10,5.492089710797453e-10,4.890806914786034e-10,3.421085388338155e-10,3.506053046510251e-10,1.507283467619033e-10,3.8383447873814457e-10,1.8996479639334742e-10,2.964563816616563e-10
851,13.274682306940372,-7.516779978344917e-12,1.636582623411972e-10,-8.561198943659981e-11,2.864701879542203e-11,1.2411690034589653e-11,3.438169264403434e-11,-1.1082874411180077e-11,-7.986696368474941e-13,8.838882510779087e-10,6.542748087048714e-10,9.354002467454301e-10,5.248489197836706e-10,4.5206081672820147e-10,5.342610500915252e-10,4.890806914786034e-10,3.421085388338155e-10,3.506053046510251e-10,1.507283467619033e-10,3.8383447873814457e-10,1.8996479639334742e-10,2.964563816616563e-10
852,13.313782991202345,7.032433584137383e-12,7.114245462037935e-11,-2.648283111864444e-11,9.82438939575208e-11,-2.3993340847464576e-11,1.9389540540699454e-11,3.2938064324000798e-12,-4.966119014670076e-12,8.980199354630504e-10,1.0189600379247713e-09,1.107634639953118e-09,5.586496477115601e-10,5.113480777541607e-10,5.018208210680433e-10,6.088660795130571e-10,8.773207147466732e-10,3.84654479692225e-10,1.5617159716575766e-10,3.01140488106091e-10,2.54758674385157e-10,1.6385212637903776e-10
853,13.35288367546432,-1.1574435808704788e-11,1.0438103958287281e-10,2.993285808738417e-11,7.695147438615893e-11,2.962292658715481e-11,7.489802134693885e-11,2.636111713102981e-11,2.7126848701507143e-11,9.579897986600572e-10,1.3037801856955252e-09,1.0454372225198962e-09,4.819519532678061e-10,4.555989922310414e-10,5.465340865594152e-10,6.088660795130571e-10,8.773207147466732e-10,3.84654479692225e-10,1.5617159716575766e-10,3.01140488106091e-10,2.54758674385157e-10,1.6385212637903776e-10
854,13.391984359726296,-2.5848224413714567e-11,-3.127422154576446e-11,-1.7324794449324893e-11,-2.3345245210648787e-12,-4.655873818309981e-12,6.77583044050313e-14,-1.2825141165650032e-11,1.7368711869162287e-11,8.962688852237604e-10,1.283026068204138e-09,8.169512030346866e-10,4.73882754897276e-10,4.4542144404542926e-10,4.777826217140561e-10,6.088660795130571e-10,8.773207147466732e-10,3.84654479692225e-10,1.5617159716575766e-10,3.01140488106091e-10,2.54758674385157e-10,1.6385212637903776e-10
855,13.431085043988269,1.8123777782302275e-11,2.6250696190454476e-11,-3.0943586118003855e-11,1.6499335188294522e-10,1.1530204693590424e-11,-2.2799414438898463e-12,-6.857767734449377e-11,-1.8716976635582386e-11,8.90734035630933e-10,9.93194629216062e-10,6.90937697577316e-10,3.952564583623646e-10,6.414813508210716e-10,2.561389361278517e-10,6.088660795130571e-10,8.773207147466732e-10,3.84654479692225e-10,1.5617159716575766e-10,3.01140488106091e-10,2.54758674385157e-10,1.6385212637903776e-10
856,13.470185728250243,-3.031023419588963e-11,1.9153892217388262e-10,4.152831151804435e-11,-1.98625938827526e-11,2.7224408111834695e-11,-1.4979604268364717e-11,-1.5554922459284395e-11,6.58635808368987e-12,8.467375651597937e-10,1.1479903563806824e-09,6.741907308845409e-10,5.474428634398553e-10,5.221799954838433e-10,4.179263164155146e-10,6.088660795130571e-10,8.773207147466732e-10,3.84654479692225e-10,1.5617159716575766e-10,3.01140488106091e-10,2.54758674385157e-10,1.6385212637903776e-10
857,13.509286412512218,1.1223096455119909e-11,-1.3112172869361304e-10,-9.278558615391942e-11,4.60596480827172e-11,1.2627512779364748e-11,6.814728663605415e-11,1.2923014271255227e-11,-2.8709444276699767e-12,1.005195691381352e-09,9.172447856821306e-10,8.609373215437662e-10,4.481775757918189e-10,6.178945597966269e-10,5.694564697730073e-10,5.506259352381078e-10,3.528068221323203e-10,3.8973697986882475e-10,1.6112109029917758e-10,2.989490088924313e-10,1.8561508972511754e-10,2.706705827232513e-10
858,13.54838709677419,2.209203029489487e-11,-3.8512439607895126e-11,-7.266074253921877e-11,3.404133264562208e-11,6.995417474044321e-12,-1.4907454223254604e-11,-1.7503601084860002e-11,-2.0574056073890162e-11,1.0059742844846344e-09,1.1070016017262803e-09,1.3030514702342874e-09,5.22936316179798e-10,5.04375873773276e-10,4.572553063234691e-10,5.506259352381078e-10,3.528068221323203e-10,3.8973697986882475e-10,1.6112109029917758e-10,2.989490088924313e-10,1.8561508972511754e-10,2.706705827232513e-10
859,13.587487781036168,-4.621367274699923e-12,-1.0830286510999787e-10,8.460753532175904e-11,4.4404588773956596e-11,9.15991881195542e-14,-1.7939638316819806e-11,-3.1330686798013887e-11,1.9499647784292364e-11,1.068135626895301e-09,8.110932467161041e-10,1.3818261449056988e-09,5.04438299248586e-10,5.148824889059983e-10,5.249035028608454e-10,5.506259352381078e-10,3.528068221323203e-10,3.8973697986882475e-10,1.6112109029917758e-10,2.989490088924313e-10,1.8561508972511754e-10,2.706705827232513e-10
860,13.626588465298141,1.7386278837949778e-11,3.284897471685437e-11,1.4687365214521843e-10,7.520638436737152e-11,-4.912727980913417e-11,-3.4948227350134765e-11,3.371979439795892e-11,6.223725686476384e-13,1.1669375857710845e-09,1.0154660935378994e-09,1.3238037055506e-09,4.663264492415038e-10,4.506535771413439e-10,5.663204523516302e-10,5.506259352381078e-10,3.528068221323203e-10,3.8973697986882475e-10,1.6112109029917758e-10,2.989490088924313e-10,1.8561508972511754e-10,2.706705827232513e-10
861,13.665689149560116,2.5857635289942053e-11,1.2266135159850325e-11,2.2259230183848973e-11,1.067789306676388e-10,-3.130057199170944e-12,2.4010280426548377e-12,1.9415890991749247e-11,1.6685482305854793e-11,1.095316117587298e-09,1.402458862103044e-09,1.190453167837957e-09,7.189030552875229e-10,4.688664445461363e-10,6.145402100631391e-10,5.506259352381078e-10,3.528068221323203e-10,3.8973697986882475e-10,1.6112109029917758e-10,2.989490088924313e-10,1.8561508972511754e-10,2.706705827232513e-10
862,13.704789833822092,9.97395957711981e-12,-1.331061686439074e-10,-1.820126065735978e-11,-8.941586532370207e-11,-1.7634098560704047e-11,-6.594263219686892e-11,3.7710005620044746e-11,-2.151043818734237e-11,7.787835151676146e-10,1.0768962109208457e-09,1.2732086428569308e-09,7.703002382729124e-10,4.886114024858487e-10,7.474876486084877e-10,5.689608303274977e-10,3.02431032837446e-10,3.089483778339161e-10,1.3767734458384326e-10,2.7438913333716115e-10,2.12998227937217e-10,1.2781600181679868e-10
863,13.743890518084065,2.3766538746664597e-11,6.802557264502822e-11,4.9352513429284345e-11,8.30810913120636e-11,3.465084369340107e-12,-4.9164295920079224e-11,2.7750789749100063e-11,1.5697340376134826e-11,1.1859306147555468e-09,1.1599484422145246e-09,1.1446024411919748e-09,8.091348435198768e-10,3.8366069123728003e-10,3.6037975366763764e-10,5.689608303274977e-10,3.02431032837446e-10,3.089483778339161e-10,1.3767734458384326e-10,2.7438913333716115e-10,2.12998227937217e-10,1.2781600181679868e-10
864,13.78299120234604,-3.2624368488112036e-11,-1.092445800551036e-10,9.559002705999811e-11,-2.6000366901217312e-11,1.766233118682985e-11,2.3118129423949327e-11,3.927472052349691e-12,2.553609704142716e-11,1.0512220877049787e-09,1.0156329797307241e-09,1.369908525836822e-09,4.975887503445583e-10,3.946651416841598e-10,4.6456034160076174e-10,5.689608303274977e-10,3.02431032837446e-10,3.089483778339161e-10,1.3767734458384326e-10,2.7438913333716115e-10,2.12998227937217e-10,1.2781600181679868e-10
865,13.822091886608014,1.2901996649299681e-11,1.6885808476641216e-10,2.1630583698569897e-11,4.293523740877151e-11,-9.050752688339827e-12,2.898675139986938e-11,1.381328309536972e-11,-1.4288532310332495e-11,1.1581566115141401e-09,9.150238190578253e-10,1.1547771661141226e-09,6.114098391678393e-10,4.002072062811574e-10,7.335539063049074e-10,5.689608303274977e-10,3.02431032837446e-10,3.089483778339161e-10,1.3767734458384326e-10,2.7438913333716115e-10,2.12998227937217e-10,1.2781600181679868e-10
866,13.861192570869987,-3.26720502563946e-11,-2.2067060105623146e-10,-1.4837813745479193e-11,3.4062350267577085e-11,-1.1368337640551966e-12,-8.187461712647549e-13,1.0250953014389876e-11,3.530803649070473e-11,1.2555880332187334e-09,1.2375577367996259e-09,1.3949370629917337e-09,4.5456348222661157e-10,4.767521308442965e-10,7.044614394030035e-10,5.689608303274977e-10,3.02431032837446e-10,3.089483778339161e-10,1.3767734458384326e-10,2.7438913333716115e-10,2.12998227937217e-10,1.2781600181679868e-10
867,13.900293255131965,4.331418199707436e-11,-1.1421352233323804e-10,1.0978727388090361e-11,5.863885170153859e-11,1.4886750297428975e-11,2.5400580433469925e-11,-1.6349827745129537e-11,2.9590929617698978e-12,1.2246287623070167e-09,1.179895106585949e-09,1.2256862310200865e-09,4.115636234721772e-10,4.53451744131644e-10,5.454549728329827e-10,6.049950727129567e-10,3.313017167732205e-10,2.989370884497209e-10,2.0110350866451763e-10,2.97436367498816e-10,2.5161920631061157e-10,1.39036275008453e-10
868,13.939393939393938,3.428977975978461e-11,-1.1421352233323802e-10,8.725136395250851e-12,5.396007808619929e-11,3.965241032983925e-11,2.540058043346993e-11,-1.3652670821734023e-11,2.0717728772702592e-11,1.1756564482497021e-09,8.864731048899158e-10,1.4130464107648438e-09,3.6518243714265014e-10,4.333381935673941e-10,5.23193860474058e-10,6.049950727129567e-10,3.313017167732205e-10,2.989370884497209e-10,2.0110350866451763e-10,2.97436367498816e-10,2.5161920631061157e-10,1.39036275008453e-10
869,13.978494623655912,1.8993028985314734e-11,-1.4892396822825243e-10,2.5019753670944985e-11,-1.0929571247825871e-10,-1.1206470575575248e-11,-5.887443728374736e-12,-8.81046166588477e-12,-2.287250557239973e-11,1.2118961614178763e-09,1.298302742445043e-09,1.5190316909294526e-09,6.710606736845187e-10,4.775824837612887e-10,4.5153035704465634e-10,6.049950727129567e-10,3.313017167732205e-10,2.989370884497209e-10,2.0110350866451763e-10,2.97436367498816e-10,2.5161920631061157e-10,1.39036275008453e-10
870,14.017595307917889,7.884431514492297e-12,2.832548054605538e-11,2.1261049986494943e-11,6.868841197949395e-11,4.730721648262428e-11,4.519980775678449e-11,-1.460379663880524e-11,4.871696568197559e-13,1.1941877169425615e-09,1.1745001653426369e-09,1.4971234864030578e-09,6.656679283132639e-10,4.125091027674318e-10,4.5745701275518157e-10,6.049950727129567e-10,3.313017167732205e-10,2.989370884497209e-10,2.0110350866451763e-10,2.97436367498816e-10,2.5161920631061157e-10,1.39036275008453e-10
871,14.056695992179861,2.4106271353669702e-11,-1.070794512924936e-10,-2.6051185627388618e-11,-5.513988818170247e-11,3.5560561651998463e-12,-5.05238537369511e-12,3.5554287734514976e-11,4.518161339147371e-12,1.2094910553297942e-09,8.533182767182587e-10,1.406385079371726e-09,3.429498711068331e-10,3.640468581631153e-10,5.803906523489999e-10,6.049950727129567e-10,3.313017167732205e-10,2.989370884497209e-10,2.0110350866451763e-10,2.97436367498816e-10,2.5161920631061157e-10,1.39036275008453e-10
872,14.095796676441836,1.968786529520229e-11,1.1131120832155309e-10,5.6891879515352706e-12,4.109227428523176e-11,9.149880576760116e-12,-1.3084253938854707e-11,1.2599907545499852e-11,1.0916929305039946e-11,1.202140534152014e-09,1.408241845113904e-09,1.208189844940249e-09,3.6324473787224776e-10,4.366815639457094e-10,5.816131250806723e-10,6.049950727129567e-10,3.313017167732205e-10,2.989370884497209e-10,2.0110350866451763e-10,2.97436367498816e-10,2.5161920631061157e-10,1.39036275008453e-10
873,14.13489736070381,1.9814912113617373e-11,1.0979982171075347e-10,5.755942427982925e-11,6.966369237981918e-11,3.5583775145160403e-11,2.129806609743945e-11,-1.0207662982551307e-12,5.679149683047284e-12,1.3076182544309604e-09,1.3173061233915652e-09,1.1131930167352351e-09,4.920055915920412e-10,4.1335294460607975e-10,5.019343789665085e-10,6.171871756526215e-10,3.5497320567774534e-10,2.0849606508620747e-10,1.651947446185275e-10,2.5602286866375665e-10,1.994685258910274e-10,1.8378059639026766e-10
874,14.173998044965783,5.060259139567417e-11,-1.298123622115084e-10,-7.772881270577458e-11,-3.3427743560942235e-11,-8.651731565619454e-12,-1.2966931690240095e-11,2.593574555725962e-11,1.6902246139019604e-11,1.3033717536982827e-09,1.452297604101611e-09,1.359288666501764e-09,3.4973699453469796e-10,4.770121847041862e-10,5.292682669296753e-10,6.171871756526215e-10,3.5497320567774534e-10,2.0849606508620747e-10,1.651947446185275e-10,2.5602286866375665e-10,1.994685258910274e-10,1.8378059639026766e-10
875,14.213098729227761,4.4858506522595266e-14,1.0933743402774392e-10,7.908648834586362e-11,-2.1697463654236988e-10,-1.1596080821214362e-11,1.7400081455734613e-11,2.0193856701919124e-11,1.7612139850359627e-11,1.2463154975642632e-09,1.2506137581115035e-09,1.2284285601495436e-09,3.9098894000773227e-10,4.1219634800458953e-10,4.930335728953187e-10,6.171871756526215e-10,3.5497320567774534e-10,2.0849606508620747e-10,1.651947446185275e-10,2.5602286866375665e-10,1.994685258910274e-10,1.8378059639026766e-10
876,14.252199413489734,3.034160377990475e-11,2.3310111283304824e-11,-2.264884043290048e-12,1.0685578615128794e-10,4.278309492127001e-11,1.7759576900174664e-11,-2.290230667917424e-11,-3.7733532810187e-11,1.255924628866996e-09,1.3848046870087743e-09,1.2403370820391763e-09,3.670272824421177e-10,4.449123156808214e-10,6.099153921344193e-10,6.171871756526215e-10,3.5497320567774534e-10,2.0849606508620747e-10,1.651947446185275e-10,2.5602286866375665e-10,1.994685258910274e-10,1.8378059639026766e-10
877,14.291300097751709,3.737090040700454e-11,2.0917803986584813e-10,-2.443063284859719e-12,7.212495002572605e-11,1.7201198284929716e-11,-2.7435839114199605e-11,8.971073941224994e-12,1.5451716525437492e-11,1.165089917209857e-09,1.291380729800628e-09,1.2255792607352362e-09,3.849854288144097e-10,4.0468050911378184e-10,5.067856852998983e-10,6.171871756526215e-10,3.5497320567774534e-10,2.0849606508620747e-10,1.651947446185275e-10,2.5602286866375665e-10,1.994685258910274e-10,1.8378059639026766e-10
878,14.330400782013685,3.044763297806966e-11,-1.453930077312884e-10,1.0712713306845335e-11,-3.966684033817981e-11,2.8410178427839673e-11,3.6363623028699e-11,5.416147082263493e-11,-2.7448700644447147e-11,1.2338664777225985e-09,1.1871552833584244e-09,1.2779743102227031e-09,3.805952553820674e-10,5.569854912218503e-10,4.5543179234208654e-10,5.621586494973274e-10,4.177757424078095e-10,2.616712761541965e-10,2.079408234288525e-10,2.7770364369879654e-10,2.487626918912818e-10,1.4436345794821293e-10
879,14.369501466275658,1.1908835585762279e-11,1.8650159420078846e-10,-1.0126164804189377e-10,-2.5717413243444717e-11,5.2512685427949185e-12,1.0710203739510034e-11,1.6701167098715233e-11,5.927565427767424e-11,1.2196328421864242e-09,1.387505921981007e-09,1.3203420718361322e-09,3.4315377340889784e-10,4.823095665388761e-10,6.019672803609495e-10,5.621586494973274e-10,4.177757424078095e-10,2.616712761541965e-10,2.079408234288525e-10,2.7770364369879654e-10,2.487626918912818e-10,1.4436345794821293e-10
880,14.408602150537632,2.208575637911486e-11,1.4892334083599265e-10,-3.155654781212952e-11,2.5707061280532202e-11,1.1552163402230591e-11,9.838756666145152e-12,3.0982484404024924e-11,2.3742697862950064e-11,1.2256034153167862e-09,1.357890210399727e-09,1.2790082517464829e-09,4.94921394525381e-10,3.9593153183396487e-10,6.384686158688116e-10,5.621586494973274e-10,4.177757424078095e-10,2.616712761541965e-10,2.079408234288525e-10,2.7770364369879654e-10,2.487626918912818e-10,1.4436345794821293e-10
881,14.447702834799607,-7.507369102117298e-12,1.5347883198306725e-10,8.813849581872415e-11,1.4025310121490068e-10,-1.939016793295928e-11,-2.262562693803448e-11,-1.6261992903744174e-12,2.198913805632449e-11,1.1818227675887167e-09,1.4156958859208087e-09,1.222740313285546e-09,4.464528760044315e-10,4.746996188934662e-10,5.80093268682035e-10,5.621586494973274e-10,4.177757424078095e-10,2.616712761541965e-10,2.079408234288525e-10,2.7770364369879654e-10,2.487626918912818e-10,1.4436345794821293e-10
882,14.48680351906158,-9.021265278547355e-12,7.845407751213925e-11,-4.7622167115819105e-11,-1.0944816866189068e-10,1.1273601487719913e-11,-1.77307168817896e-11,-1.2167007271430052e-11,-5.393686459644809e-12,1.2330593382979138e-09,1.429783652886966e-09,1.3086603520473002e-09,4.698200799322465e-10,4.259895545663942e-10,5.702858816024625e-10,5.621586494973274e-10,4.177757424078095e-10,2.616712761541965e-10,2.079408234288525e-10,2.7770364369879654e-10,2.487626918912818e-10,1.4436345794821293e-10
883,14.525904203323558,9.384211377859859e-12,-2.515439193059063e-10,-4.046990171658437e-11,-7.502193120661114e-11,1.9395187065925273e-11,-1.2714092834519948e-11,2.446576679810963e-11,-8.83994908335051e-13,1.2327845407335538e-09,1.3804716062209419e-09,1.220994282180074e-09,3.913459258865423e-10,7.102980644026481e-10,5.54504470737655e-10,5.427578159061779e-10,2.9011219677379163e-10,2.652260775348767e-10,7.071080913082919e-11,2.794910826550664e-10,2.1305092883931713e-10,2.0947918788296276e-10
884,14.56500488758553,-1.2372791749422233e-11,-1.6384083332688323e-10,2.8339283167241368e-12,-4.433777155794183e-11,1.6165374584369698e-11,2.2418587676374666e-11,4.912477031003096e-13,5.677142030202421e-11,1.1544779002712297e-09,1.3635345398421821e-09,1.2679216129860058e-09,4.4549359409139175e-10,3.7576778993409755e-10,5.140803686151308e-10,5.427578159061779e-10,2.9011219677379163e-10,2.652260775348767e-10,7.071080913082919e-11,2.794910826550664e-10,2.1305092883931713e-10,2.0947918788296276e-10
885,14.604105571847505,2.0580016293539566e-11,3.3111224447949584e-11,-9.364009364990398e-11,5.251174434296918e-11,-4.694772104329951e-12,-2.0148057107859902e-11,6.516717605914736e-12,2.245905444133963e-11,1.052558118333411e-09,1.4803856168886753e-09,1.1851918610275268e-09,3.214664107610961e-10,3.9283786335347963e-10,5.359487337696731e-10,5.427578159061779e-10,2.9011219677379163e-10,2.652260775348767e-10,7.071080913082919e-11,2.794910826550664e-10,2.1305092883931713e-10,2.0947918788296276e-10
886,14.643206256109481,-3.190600498552479e-12,-2.3872379727322124e-10,6.034567082571412e-11,-1.530217771274485e-10,-5.064744990304959e-11,9.232257107694384e-11,-3.33565346033696e-11,6.904696633724937e-11,1.0187294714746742e-09,1.3652175180826417e-09,1.1084991857184428e-09,3.9167812979324737e-10,3.6895588453242283e-10,3.758992284957751e-10,5.427578159061779e-10,2.9011219677379163e-10,2.652260775348767e-10,7.071080913082919e-11,2.794910826550664e-10,2.1305092883931713e-10,2.0947918788296276e-10
887,14.682306940371454,2.2627509112257117e-11,1.1147621233759845e-10,2.983498498177898e-11,-3.832422210210207e-12,-1.0710831131770407e-11,1.754187197861961e-11,2.515840711999764e-13,1.4023145620494712e-11,1.0441990649962163e-09,1.429480936390906e-09,1.4948206451612854e-09,4.746434673356414e-10,3.9636098145401476e-10,6.45673895867129e-10,5.427578159061779e-10,2.9011219677379163e-10,2.652260775348767e-10,7.071080913082919e-11,2.794910826550664e-10,2.1305092883931713e-10,2.0947918788296276e-10
888,14.721407624633429,-2.34224143989548e-11,-2.696397781573613e-10,2.43151927904043e-11,6.096992557369266e-12,1.0052697235844783e-11,5.490932172990176e-12,3.8795393264814365e-11,5.023180289907933e-11,1.084810757238243e-09,1.3131681614235352e-09,9.220640950392454e-10,5.78990941463295e-10,3.395456437330056e-10,3.995522093439749e-10,5.98982150645112e-10,3.428319214668109e-10,3.3860643835523536e-10,-5.441305489383436e-11,2.1138394908955186e-10,2.863265152460314e-10,1.6614775261408328e-10
889,14.760508308895403,-2.1104202061304797e-11,-8.477818586473363e-11,9.709513976525241e-12,-1.1277993229277245e-11,1.2158851177164976e-11,1.4760644565699624e-11,-2.063867741699475e-11,5.255597545808395e-11,1.1559243518402372e-09,1.3853668299741693e-09,1.314076938303975e-09,4.459042219606914e-10,4.2631077911707435e-10,5.631872581937173e-10,5.98982150645112e-10,3.428319214668109e-10,3.3860643835523536e-10,-5.441305489383436e-11,2.1138394908955186e-10,2.863265152460314e-10,1.6614775261408328e-10
890,14.799608993157376,-8.268081540482559e-12,-1.2328874329584818e-10,3.8185568530284346e-11,7.776833837382386e-12,-2.2320714570770028e-11,-6.3367816653349e-11,-1.3054139135949474e-11,6.98992779637339e-11,1.1405472949263923e-09,1.3142946432238254e-09,1.1762945056103573e-09,4.01376664413747e-10,4.6134715500130887e-10,5.533764204584201e-10,5.98982150645112e-10,3.428319214668109e-10,3.3860643835523536e-10,-5.441305489383436e-11,2.1138394908955186e-10,2.863265152460314e-10,1.6614775261408328e-10
891,14.838709677419354,1.0831917727125216e-12,1.0913729607412389e-10,-3.6647204077879674e-11,-5.7748896572701764e-11,-1.9094039048810077e-11,-2.1159412530739936e-11,8.815480800554756e-12,1.419567833854475e-11,1.0043201662625592e-09,1.2605224689524059e-09,1.3836622067203468e-09,6.228129970413094e-10,4.12009071581217e-10,4.669419205012586e-10,5.98982150645112e-10,3.428319214668109e-10,3.3860643835523536e-10,-5.441305489383436e-11,2.1138394908955186e-10,2.863265152460314e-10,1.6614775261408328e-10
892,14.877810361681327,-1.857926415727221e-11,6.591063522059443e-11,-4.1274217879509675e-11,2.2375925038499766e-12,2.4266256238454516e-11,1.3132563098544678e-11,1.8051314040209706e-11,1.0497204256494752e-11,1.1311511631075275e-09,1.3007890957574801e-09,1.2845296124176556e-09,3.926273734369471e-10,3.6215307631084546e-10,4.071361202344649e-10,5.98982150645112e-10,3.428319214668109e-10,3.3860643835523536e-10,-5.441305489383436e-11,2.1138394908955186e-10,2.863265152460314e-10,1.6614775261408328e-10
893,14.916911045943301,6.195900858669412e-11,-8.734170835780297e-11,2.1456796195943457e-13,1.4604612249254294e-10,2.438797022777478e-11,3.7855560496489715e-11,-2.5420656968739713e-11,3.834178906491947e-11,9.044453675769757e-10,1.1761815751041518e-09,1.4639812060663705e-09,4.777333714668286e-10,4.360046082990339e-10,3.9671451667795244e-10,6.398642487099416e-10,2.5344554355290195e-10,3.1058963452489086e-10,2.4615964372163716e-10,2.7133248096762163e-10,2.38621532426912e-10,2.08160410525483e-10
894,14.956011730205278,-1.6184510032954997e-11,2.3177731634089293e-11,-4.319905561966347e-11,2.9543875233152064e-11,-1.1650663901798955e-12,-1.8263372436540066e-11,3.413638248349969e-12,1.0458117753564116e-10,1.0634370904408207e-09,1.353113563678782e-09,1.5672172557934817e-09,3.7037222129937785e-10,4.026082343238122e-10,4.6219632966905166e-10,6.398642487099416e-10,2.5344554355290195e-10,3.1058963452489086e-10,2.4615964372163716e-10,2.7133248096762163e-10,2.38621532426912e-10,2.08160410525483e-10
895,14.99511241446725,2.2256720619924465e-12,3.3761202251314696e-11,2.021267845266931e-11,-2.6069693683714508e-11,2.8326735330575038e-11,2.127359781976003e-11,-2.6257597498494817e-11,1.1177892883365833e-10,9.601094415247372e-10,1.273423838210298e-09,1.4324281089099662e-09,3.955770555224896e-10,5.592607272280525e-10,5.600032453070749e-10,6.398642487099416e-10,2.5344554355290195e-10,3.1058963452489086e-10,2.4615964372163716e-10,2.7133248096762163e-10,2.38621532426912e-10,2.08160410525483e-10
896,15.034213098729225,2.50153619302396e-11,-1.5523364657250847e-10,-4.529015216208893e-11,-3.8444994999619464e-11,1.1826960968294892e-11,4.9421526516504465e-11,-7.211867611080328e-12,1.3942839482228047e-10,9.961973259006865e-10,1.3027252265497903e-09,1.1953072974339592e-09,4.934642772981836e-10,4.910121168323737e-10,4.569852141950913e-10,6.398642487099416e-10,2.5344554355290195e-10,3.1058963452489086e-10,2.4615964372163716e-10,2.7133248096762163e-10,2.38621532426912e-10,2.08160410525483e-10
897,15.0733137829912,1.7412942985129752e-11,-2.544788576844222e-10,-2.7455915647764884e-11,6.136173168713426e-11,3.934687057031444e-11,3.565592519026997e-11,1.0101006349463305e-13,1.5740442185949032e-10,8.778593305219259e-10,1.3958543096591593e-09,1.3066790490540426e-09,3.6412747799691536e-10,4.839912899948161e-10,5.578343521943154e-10,6.398642487099416e-10,2.5344554355290195e-10,3.1058963452489086e-10,2.4615964372163716e-10,2.7133248096762163e-10,2.38621532426912e-10,2.08160410525483e-10
898,15.112414467253172,6.345753367662519e-12,1.0584411703227798e-10,-3.7710633012304546e-11,3.1328177231531974e-11,-1.6713087541424486e-11,2.8947853130898567e-12,1.709014995379963e-11,1.2551347427030349e-10,7.887788060628195e-10,1.2741384373576207e-09,1.023017380059854e-09,3.992425915398749e-10,4.927023100770035e-10,4.778666922027286e-10,5.427653446081826e-10,7.103987607708654e-10,3.1010842508942597e-10,2.384446079664518e-10,2.133213346646769e-10,2.8763274476854157e-10,2.21400257605008e-10
899,15.15151515151515,7.256726116749837e-12,1.518488683408374e-10,8.436598951648885e-11,-2.7217820497366906e-11,3.6965291670670136e-11,8.132125758795405e-11,-2.928978159206002e-11,7.437885471384402e-11,7.917309977148445e-10,1.263542105212706e-09,1.271875749186388e-09,5.839068691406422e-10,3.9381439853747226e-10,5.077945311562955e-10,5.427653446081826e-10,7.103987607708654e-10,3.1010842508942597e-10,2.384446079664518e-10,2.133213346646769e-10,2.8763274476854157e-10,2.21400257605008e-10
900,15.190615835777123,1.961885220627722e-11,-6.036762954968921e-12,4.5491544896819496e-11,6.384212478077456e-11,3.236713788912917e-11,7.384149372055431e-11,2.3310738677269705e-11,1.2321533846877582e-10,8.251433701799091e-10,9.646740298502047e-10,1.220989576742386e-09,5.377694244875905e-10,3.7504064295180527e-10,3.6272055210448255e-10,5.427653446081826e-10,7.103987607708654e-10,3.1010842508942597e-10,2.384446079664518e-10,2.133213346646769e-10,2.8763274476854157e-10,2.21400257605008e-10
901,15.229716520039098,-1.5675381666642398e-11,-2.4625751682724123e-10,1.628959814238875e-10,1.1602291999985317e-10,4.5090641590504886e-12,-3.3665838714745455e-12,-4.591252473500037e-12,1.3807542461732083e-10,8.433490225796787e-10,1.1129320217869553e-09,1.0957891709293505e-09,7.408404335284328e-10,4.730364034912937e-10,3.5001179209991046e-10,5.427653446081826e-10,7.103987607708654e-10,3.1010842508942597e-10,2.384446079664518e-10,2.133213346646769e-10,2.8763274476854157e-10,2.21400257605008e-10
902,15.268817204301074,8.879474753104892e-12,4.126668917921004e-11,3.286905124360269e-12,-5.772411460059638e-11,1.4591248805539598e-11,-1.4315823848920017e-11,3.975153821484935e-12,1.4284360155128054e-10,7.908560999866071e-10,1.3873271153463245e-09,1.0681688786552432e-09,4.289489612225893e-10,5.543181354018201e-10,5.420664302520151e-10,5.427653446081826e-10,7.103987607708654e-10,3.1010842508942597e-10,2.384446079664518e-10,2.133213346646769e-10,2.8763274476854157e-10,2.21400257605008e-10
903,15.307917888563047,-3.13912300973972e-11,-2.1398950682653235e-10,-6.613963319260004e-11,9.53384429973244e-12,-2.5792072859295882e-12,1.8576440894659424e-11,-5.665347066115122e-12,2.1509685317908982e-10,8.520688261449811e-10,1.373738752174974e-09,1.176790772446422e-09,4.000124011583373e-10,4.436189476868545e-10,3.737632734468278e-10,5.521467327225774e-10,3.6551213148201984e-10,2.725615413120562e-10,1.9977594782392206e-10,2.983969041946708e-10,3.041551052334257e-10,2.3259167077998227e-10
904,15.347018572825021,-5.878346549129978e-12,7.957961822574388e-11,-6.885749404352406e-11,-5.694740367494616e-11,4.940709650305195e-12,4.0292977257829253e-11,1.5678518623680128e-11,2.0401617463996714e-10,9.388317656578454e-10,1.3041525426710653e-09,1.3437861312493024e-09,4.363597120027694e-10,4.0656644856876964e-10,5.785448659636998e-10,5.521467327225774e-10,3.6551213148201984e-10,2.725615413120562e-10,1.9977594782392206e-10,2.983969041946708e-10,3.041551052334257e-10,2.3259167077998227e-10
905,15.386119257086996,4.661520340125099e-13,1.8495507364729496e-11,-1.0782353785131299e-10,-1.4581524234887438e-11,2.5932608595959457e-11,-6.830413456295007e-12,3.2086693797839605e-11,1.95667473265685e-10,7.998701502609848e-10,1.3480458072083573e-09,5.906083536025947e-10,4.432829794317041e-10,4.16058257624592e-10,5.441983072546827e-10,5.521467327225774e-10,3.6551213148201984e-10,2.725615413120562e-10,1.9977594782392206e-10,2.983969041946708e-10,3.041551052334257e-10,2.3259167077998227e-10
906,15.425219941348969,9.326805037219912e-12,-1.9485970644959232e-10,-7.869813288303848e-11,5.37593127420246e-11,-1.693957594438976e-11,-3.622998859666948e-11,-1.420916725849503e-11,2.402345564909093e-10,8.380202711609741e-10,1.0165941438179867e-09,1.1787281580215467e-09,4.077782556413997e-10,3.730257745007701e-10,5.576602509973202e-10,5.521467327225774e-10,3.6551213148201984e-10,2.725615413120562e-10,1.9977594782392206e-10,2.983969041946708e-10,3.041551052334257e-10,2.3259167077998227e-10
907,15.464320625610947,-8.957271324292276e-12,-4.92571498893093e-11,-4.35786275908477e-12,1.586943391985856e-10,-5.748790161674677e-12,1.0569040605474712e-11,8.469787973899968e-12,2.776490606207689e-10,7.235576743230182e-10,1.1503320959067697e-09,1.1984702926977939e-09,4.1504533372191453e-10,4.495167433789943e-10,4.899599809483987e-10,5.521467327225774e-10,3.6551213148201984e-10,2.725615413120562e-10,1.9977594782392206e-10,2.983969041946708e-10,3.041551052334257e-10,2.3259167077998227e-10
908,15.50342130987292,-2.365894107637501e-12,6.36237924669597e-11,-8.332389190014985e-12,-4.448520860690434e-11,1.206787938300976e-11,7.683038778909734e-12,6.760772976815081e-12,3.5837460978725534e-10,8.397067000546015e-10,8.835645169607457e-10,1.3458464855974147e-09,5.22902750724578e-10,3.783457424355075e-10,5.044370444649185e-10,4.988636102830535e-10,7.889852179322201e-10,2.958848278208865e-10,1.8584910683008753e-10,3.383379147066557e-10,2.0678955965816236e-10,2.0204334143454736e-10
909,15.542521994134894,1.5553667676469854e-11,-8.303654650081891e-11,2.277180920503472e-11,-1.5043378635925529e-10,3.1419776418801998e-12,-9.837501873100635e-13,4.747473008135175e-12,3.9816724216359237e-10,5.484288094983702e-10,1.2929498364456403e-09,8.149711548250965e-10,6.031790874327272e-10,3.8681898106342745e-10,4.944448905267509e-10,4.988636102830535e-10,7.889852179322201e-10,2.958848278208865e-10,1.8584910683008753e-10,3.383379147066557e-10,2.0678955965816236e-10,2.0204334143454736e-10
910,15.58162267839687,-8.93750848600465e-12,-6.10803465091589e-11,2.2978221074434718e-11,-4.026819528487164e-11,4.530395478839908e-12,-9.720807025270168e-12,-2.654807985741983e-11,3.5569627461375765e-10,4.980326299738009e-10,1.3205061347663451e-09,1.2088915825590288e-09,5.173459424214055e-10,4.787986825754762e-10,5.822035006721923e-10,4.988636102830535e-10,7.889852179322201e-10,2.958848278208865e-10,1.8584910683008753e-10,3.383379147066557e-10,2.0678955965816236e-10,2.0204334143454736e-10
911,15.620723362658843,-2.00828083656753e-12,4.78034833169844e-11,2.3042215026984862e-11,1.5204210497959634e-11,-3.6323469959864496e-11,3.7486654168145884e-12,3.615030984784522e-12,5.053426843857633e-10,5.613257870138525e-10,1.2191579066692964e-09,1.3809841852421268e-09,6.998052518877109e-10,5.134165881948334e-10,5.273838959536331e-10,4.988636102830535e-10,7.889852179322201e-10,2.958848278208865e-10,1.8584910683008753e-10,3.383379147066557e-10,2.0678955965816236e-10,2.0204334143454736e-10
912,15.659824046920818,-1.4912473357924867e-11,4.78034833169844e-11,5.230188181784416e-11,6.545201188688127e-11,8.922764781535031e-12,3.7486654168145884e-12,2.8779084747654267e-11,5.384978262526977e-10,6.965202289392785e-10,1.2103822652422987e-09,1.2791553751010206e-09,9.128787668296329e-10,5.177851166138131e-10,5.040032031033107e-10,4.988636102830535e-10,7.889852179322201e-10,2.958848278208865e-10,1.8584910683008753e-10,3.383379147066557e-10,2.0678955965816236e-10,2.0204334143454736e-10
913,15.698924731182792,1.6969690747294866e-11,4.515087120312908e-11,6.186082178666466e-11,7.36284942383916e-11,1.500971907126996e-11,-4.160485330556467e-11,5.357925126399071e-13,5.167081987577331e-10,6.221228661691092e-10,1.3289473764171374e-09,1.2215118803333713e-09,7.330918323171752e-10,5.057395096372782e-10,5.055371758133058e-10,4.988636102830535e-10,7.889852179322201e-10,2.958848278208865e-10,1.8584910683008753e-10,3.383379147066557e-10,2.0678955965816236e-10,2.0204334143454736e-10
914,15.738025415444765,-1.7520226965257212e-11,-2.5730462991029245e-10,-6.627264023066412e-11,7.373201387007375e-11,3.162054177144547e-13,-1.735679142730449e-11,1.4997171236299796e-11,5.609399411175101e-10,7.19586912242238e-10,1.4284560920446662e-09,1.2424084157416083e-09,8.732812532739511e-10,4.2288678890495933e-10,4.3354491913377655e-10,5.067794113824134e-10,8.972830639041444e-11,3.0690998219529536e-10,2.288404957958319e-10,2.556294940662615e-10,2.4719860438008714e-10,2.0642065333664215e-10
915,15.777126099706743,-1.9164934311104835e-11,-2.5026027588429495e-11,-8.732100443197907e-11,1.8510878462312038e-11,1.1540870351780054e-11,7.754561431759497e-12,3.847479610468974e-11,6.834858526407635e-10,4.849079092699813e-10,1.0159018170754343e-09,1.3135383225278703e-09,6.240520956533793e-10,2.684402052235716e-10,6.143479145076543e-10,5.067794113824134e-10,8.972830639041444e-11,3.0690998219529536e-10,2.288404957958319e-10,2.556294940662615e-10,2.4719860438008714e-10,2.0642065333664215e-10
916,15.816226783968716,-9.967685660487407e-12,-1.0351649381925399e-10,-7.726642501935372e-11,1.5939984116666262e-10,2.66641473164062e-12,-2.523369424234917e-12,3.079112993522416e-11,6.401192834368662e-10,5.312018881546506e-10,1.2784652442288206e-09,9.78785324003947e-10,8.148566558382419e-10,3.484524100255506e-10,6.552099360372139e-10,5.067794113824134e-10,8.972830639041444e-11,3.0690998219529536e-10,2.288404957958319e-10,2.556294940662615e-10,2.4719860438008714e-10,2.0642065333664215e-10
917,15.85532746823069,2.8272152252546882e-11,2.2458928962546646e-10,6.63849433463144e-11,-1.0767986515250142e-10,-2.0616091317799303e-11,7.1692049749094425e-12,4.5208591239899735e-11,6.836078803262132e-10,4.5606388948223915e-10,1.2709638353480581e-09,1.31188326321911e-09,7.265631942694027e-10,3.641390847426427e-10,5.605437432582552e-10,5.067794113824134e-10,8.972830639041444e-11,3.0690998219529536e-10,2.288404957958319e-10,2.556294940662615e-10,2.4719860438008714e-10,2.0642065333664215e-10
918,15.894428152492667,-1.0703929823729758e-11,1.5655179653602335e-10,7.975466050942467e-11,-1.0005831075965884e-10,3.1682653543859395e-11,2.943157211835461e-11,-2.0503160796249706e-12,7.430479112319352e-10,6.471576772423588e-10,1.079859381927191e-09,7.011848862398508e-10,8.435874314253539e-10,5.279432156555631e-10,6.314970392801863e-10,5.067794113824134e-10,8.972830639041444e-11,3.0690998219529536e-10,2.288404957958319e-10,2.556294940662615e-10,2.4719860438008714e-10,2.0642065333664215e-10
919,15.93352883675464,3.915237914361984e-12,6.301459512639403e-11,2.2101127474140028e-11,-3.402470676522452e-11,4.899301798484373e-11,3.3807629237634293e-11,1.0585101834031835e-10,7.5880171686032e-10,5.885357651164948e-10,1.2246695427689642e-09,9.624546317056974e-10,9.2267141020644e-10,5.589708722622401e-10,5.306165316960955e-10,7.085699139612408e-10,4.218631993449442e-10,3.298260914905503e-10,2.2703486247936713e-10,1.981359459157624e-10,1.6958585913840758e-10,2.408337155663968e-10
920,15.972629521016614,8.268395236612321e-12,-4.024592287925037e-11,1.125672465058882e-10,7.095141384685676e-11,7.085197226315944e-11,1.0300705175766389e-10,6.754310842674883e-11,8.281727310108617e-10,5.530376289389526e-10,8.061211674800793e-10,8.216481710093691e-10,7.079902040287629e-10,4.871978889823588e-10,4.93432280321056e-10,7.085699139612408e-10,4.218631993449442e-10,3.298260914905503e-10,2.2703486247936713e-10,1.981359459157624e-10,1.6958585913840758e-10,2.408337155663968e-10
921,16.01173020527859,-1.5187584618414672e-11,-9.332075127429845e-11,-4.874519826208905e-11,5.988140096592398e-11,1.2314820755577778e-10,1.895601287436984e-11,6.579519514705417e-11,8.402123777668939e-10,5.185448879637883e-10,7.334538373298029e-10,8.028041475528146e-10,9.363278453757675e-10,4.891026501872433e-10,5.557994072097153e-10,7.085699139612408e-10,4.218631993449442e-10,3.298260914905503e-10,2.2703486247936713e-10,1.981359459157624e-10,1.6958585913840758e-10,2.408337155663968e-10
922,16.05083088954057,3.013738778170969e-11,-2.1153828744740754e-10,8.991840607639899e-11,9.415298636721855e-11,1.348735310700233e-10,2.9718290123719656e-11,9.688308135698337e-11,8.186881369609143e-10,4.833137069567333e-10,9.138076202444904e-10,8.34393006037349e-10,8.663404188787861e-10,4.466225854590165e-10,4.3490447695064667e-10,7.085699139612408e-10,4.218631993449442e-10,3.298260914905503e-10,2.2703486247936713e-10,1.981359459157624e-10,1.6958585913840758e-10,2.408337155663968e-10
923,16.089931573802545,-1.3792892864822842e-11,6.114371307115382e-11,6.458934829748502e-11,2.4603479278124494e-11,1.1059159003870863e-10,6.996797735482385e-11,1.3633598112546352e-10,9.251132187084853e-10,4.625373170588711e-10,9.979182613379246e-10,1.0382664490660412e-09,9.003237177923606e-10,4.202341767893992e-10,4.693335376668337e-10,7.085699139612408e-10,4.218631993449442e-10,3.298260914905503e-10,2.2703486247936713e-10,1.981359459157624e-10,1.6958585913840758e-10,2.408337155663968e-10
924,16.12903225806452,1.2229746441165102e-11,-2.67179147902862e-10,1.3224789679777303e-10,-2.9984617901946895e-11,1.8917679241554268e-10,1.1509751724157309e-10,1.5467903230741334e-10,1.78393183853221e-10,5.191716522731406e-10,6.560606791847537e-10,6.056651270515919e-10,6.977521125446208e-10,5.549006685977625e-10,5.315071142163402e-10,6.484438302304515e-10,3.941638557151297e-10,3.9141148831888973e-10,2.4198686151386696e-10,2.5125971086446637e-10,3.709396970930152e-10,1.462989613482631e-10
925,16.168132942326494,4.044104169905211e-11,1.4041653675285327e-10,-2.1722810278950364e-11,-1.0151825125117341e-11,1.9604924111745272e-10,1.5638177338701314e-10,1.738609061958977e-10,3.393219785918002e-10,5.937189616604595e-10,7.197610134400853e-10,7.428308337026402e-10,8.204338543711091e-10,3.817471465467223e-10,6.321887386321841e-10,6.484438302304515e-10,3.941638557151297e-10,3.9141148831888973e-10,2.4198686151386696e-10,2.5125971086446637e-10,3.709396970930152e-10,1.462989613482631e-10
926,16.20723362658847,-4.829661320027376e-12,7.916742187579353e-11,2.6384958014744872e-11,3.263001501248474e-11,3.732190111463503e-10,1.4398137640287345e-10,2.509290754367069e-10,4.197206566832348e-10,2.884094556958964e-10,7.339968448474652e-10,7.381724503169954e-10,6.096744737214095e-10,4.4570408400792395e-10,5.245838467882582e-10,6.484438302304515e-10,3.941638557151297e-10,3.9141148831888973e-10,2.4198686151386696e-10,2.5125971086446637e-10,3.709396970930152e-10,1.462989613482631e-10
927,16.246334310850443,-1.3256159264644658e-11,-6.338224666168952e-11,6.817865621325393e-12,2.4483710201400644e-10,1.925477680294274e-10,1.820351926762021e-10,2.0342924970246785e-10,4.356030776106839e-10,5.197052489162808e-10,5.52516580131635e-10,6.650010109325189e-10,1.0897097453407682e-09,5.5212728358042e-10,4.6187698729259385e-10,6.484438302304515e-10,3.941638557151297e-10,3.9141148831888973e-10,2.4198686151386696e-10,2.5125971086446637e-10,3.709396970930152e-10,1.462989613482631e-10
928,16.285434995112418,-1.7582966135844652e-11,1.3134884448883815e-10,-9.361374319885307e-11,-2.4994501155411914e-10,3.2955882262478565e-10,1.0612644329693847e-10,3.3162796045857087e-10,4.2841881523517407e-10,4.678011334366363e-10,9.118981536002131e-10,4.410733058569966e-10,1.0091297510473167e-09,4.93578462588056e-10,3.773943029206027e-10,6.484438302304515e-10,3.941638557151297e-10,3.9141148831888973e-10,2.4198686151386696e-10,2.5125971086446637e-10,3.709396970930152e-10,1.462989613482631e-10
929,16.324535679374392,1.9064865334294696e-11,-4.5872999051604876e-11,1.9237084356215236e-11,-5.996578515072664e-11,4.0877580844649433e-10,2.2696961374229732e-10,4.109974024613542e-10,3.6868422392595247e-10,3.657944577483851e-10,7.061729639648659e-10,7.638264969992975e-10,9.917626076579518e-10,5.146136515612882e-10,4.5942702269798894e-10,7.076319633662858e-10,4.200889356124946e-10,4.0676690021681394e-10,1.823062258904126e-10,1.9444060879160266e-10,2.5338782351613127e-10,1.744475174355628e-10
930,16.363636363636367,3.443925583239853e-10,3.11707019149346e-11,2.3954442563149706e-11,7.086859814185253e-11,4.4513503973448997e-10,2.5589362597413623e-10,3.646086874323799e-10,3.1837180119307337e-10,3.450039515366081e-10,6.155835624639994e-10,4.445230191296067e-10,1.0616788251973608e-09,3.2250505772341555e-10,4.85547535111286e-10,7.076319633662858e-10,4.200889356124946e-10,4.0676690021681394e-10,1.823062258904126e-10,1.9444060879160266e-10,2.5338782351613127e-10,1.744475174355628e-10
931,16.40273704789834,2.8831189628727364e-10,-7.528386724242869e-11,9.228680975051895e-11,8.300517691595082e-11,5.307834178897728e-10,2.622974130721419e-10,5.26102448403228e-10,4.359048530183546e-10,4.15164538144752e-10,8.360069711897362e-10,4.931913619071934e-10,1.0327529307912988e-09,3.871304810426023e-10,5.386054239306605e-10,7.076319633662858e-10,4.200889356124946e-10,4.0676690021681394e-10,1.823062258904126e-10,1.9444060879160266e-10,2.5338782351613127e-10,1.744475174355628e-10
932,16.441837732160316,2.702517987613914e-10,-5.441180011101987e-11,1.3218515762633237e-10,2.6397694065687634e-10,5.329303522921878e-10,3.6102816299120516e-10,4.046168288565094e-10,3.5431475808569034e-10,2.724849995236839e-10,8.529223925551339e-10,5.092833316644906e-10,8.085498007583044e-10,4.101516784484845e-10,5.278814175725128e-10,7.076319633662858e-10,4.200889356124946e-10,4.0676690021681394e-10,1.823062258904126e-10,1.9444060879160266e-10,2.5338782351613127e-10,1.744475174355628e-10
933,16.48093841642229,1.0067880115237871e-10,1.1902247972658856e-10,1.2217198607899443e-11,3.0760795546222157e-10,5.414170798400574e-10,4.451889954211092e-10,5.026963461893936e-10,2.9493307460985063e-10,3.4349131014469794e-10,1.0656941320885333e-09,4.3437715422499163e-10,6.379560368493319e-10,4.181443350314944e-10,4.686663065925163e-10,7.076319633662858e-10,4.200889356124946e-10,4.0676690021681394e-10,1.823062258904126e-10,1.9444060879160266e-10,2.5338782351613127e-10,1.744475174355628e-10
934,16.520039100684265,2.1008650304930472e-10,-7.285586135816824e-11,2.5979913931443666e-10,1.6412441437691508e-10,5.370479240305221e-10,4.1435520284971463e-10,6.783177134982509e-10,3.9900637856369977e-10,3.4048829976479544e-10,7.669201654789298e-10,4.788862037173162e-10,8.422034053316563e-10,4.087322047236396e-10,6.595060007149536e-10,6.348802490329119e-10,6.777844305512413e-10,2.5783226633207634e-10,2.662543725351366e-10,2.006486496818077e-10,2.2522170046089702e-10,2.294967475149764e-10
935,16.55913978494624,3.674695935941218e-11,1.3338849491197806e-10,2.1524429022975692e-10,4.4191526552142143e-10,5.100462399732085e-10,5.825896602638126e-10,6.296521939815716e-10,2.507794425173918e-10,3.297103377208807e-10,5.441468611353976e-10,5.404402309607877e-10,7.829032827763022e-10,4.266969387086942e-10,7.48205071019275e-10,6.348802490329119e-10,6.777844305512413e-10,2.5783226633207634e-10,2.662543725351366e-10,2.006486496818077e-10,2.2522170046089702e-10,2.294967475149764e-10
936,16.598240469208214,2.7062541051976234e-12,2.2090461816290652e-10,3.632259161206449e-10,3.189079074018435e-10,3.066678089977664e-10,6.397168116601269e-10,7.033644450125056e-10,1.8087608650737734e-10,2.7590930343192885e-10,7.96372127827832e-10,3.7076151784973993e-10,1.0124194794351414e-09,4.505070811790668e-10,5.577217353842404e-10,6.348802490329119e-10,6.777844305512413e-10,2.5783226633207634e-10,2.662543725351366e-10,2.006486496818077e-10,2.2522170046089702e-10,2.294967475149764e-10
937,16.63734115347019,1.1685170443704825e-11,-3.044104536275029e-12,-1.981930384665202e-12,2.0780875747661915e-10,3.674507718416656e-10,6.175397697890217e-10,6.302413147902766e-10,1.3758574539487088e-10,1.7755843918870512e-10,5.090179449746534e-10,4.946651050147887e-10,9.68991425845177e-10,4.727242761207113e-10,6.421730501722166e-10,6.348802490329119e-10,6.777844305512413e-10,2.5783226633207634e-10,2.662543725351366e-10,2.006486496818077e-10,2.2522170046089702e-10,2.294967475149764e-10
938,16.676441837732163,5.210927256622929e-11,1.5135071932969786e-10,2.1385900935409743e-11,1.8595921407453246e-10,2.1873760722351718e-10,6.594357328440662e-10,6.381866032985765e-10,1.9584878946770257e-10,2.691331593575315e-10,8.238556487120189e-10,5.27366956377958e-10,8.419022573153936e-10,4.73644973442156e-10,4.92335913321966e-10,6.348802490329119e-10,6.777844305512413e-10,2.5783226633207634e-10,2.662543725351366e-10,2.006486496818077e-10,2.2522170046089702e-10,2.294967475149764e-10
939,16.715542521994138,8.12597731976232e-12,-2.7193854135200174e-10,-8.917933865054348e-11,5.374519642810935e-11,1.127115465995186e-10,7.128813497357105e-10,6.00298418435257e-10,1.6309643307363767e-10,2.5571450564161913e-10,4.2366914635668675e-10,9.906376943357545e-10,7.299253863993203e-10,5.196032977652479e-10,4.956645399958111e-10,6.670497585357564e-10,3.8799157615305514e-10,6.716165427366914e-11,2.0871816174846763e-10,2.9032676473575103e-10,3.1407354064498114e-10,1.6568787449670275e-10
940,16.754643206256112,-1.4363819315037134e-11,1.381660827196083e-10,1.6804059337285318e-11,3.753433594410472e-11,1.7360618516510264e-10,6.628694476276866e-10,4.5719099867478936e-10,1.8804874213716011e-10,1.782862135615528e-10,4.729833888930637e-10,6.995477075943032e-10,8.30708648269214e-10,6.188155708142019e-10,5.495662706546853e-10,6.670497585357564e-10,3.8799157615305514e-10,6.716165427366914e-11,2.0871816174846763e-10,2.9032676473575103e-10,3.1407354064498114e-10,1.6568787449670275e-10
941,16.793743890518087,-2.9070194493723613e-12,1.4126602511757744e-10,1.2289976043564318e-11,-4.5738109835054554e-11,1.0143480815220414e-10,5.439028057627926e-10,3.871866325995752e-10,1.5877872338253543e-10,2.128925124351823e-10,7.130504317988883e-10,5.677719230527501e-10,8.913764847339982e-10,5.752802332432576e-10,5.192598008089459e-10,6.670497585357564e-10,3.8799157615305514e-10,6.716165427366914e-11,2.0871816174846763e-10,2.9032676473575103e-10,3.1407354064498114e-10,1.6568787449670275e-10
942,16.83284457478006,1.2226295787145046e-11,-1.4384836935969363e-10,3.2310672643695933e-12,-4.969506929804914e-11,1.0130117372017354e-10,5.861701847049867e-10,4.059149022864595e-10,1.305890731380109e-10,2.3882323885777164e-10,4.318675874185415e-10,5.73568081289135e-10,6.701255463530283e-10,5.806077298791475e-10,4.938463588443762e-10,6.670497585357564e-10,3.8799157615305514e-10,6.716165427366914e-11,2.0871816174846763e-10,2.9032676473575103e-10,3.1407354064498114e-10,1.6568787449670275e-10
943,16.871945259042036,-3.5446376362127025e-11,1.3969880064678824e-10,-5.278873778365444e-12,2.2070698977661675e-11,7.803874420600452e-11,3.675160205770303e-10,2.919529640278311e-10,1.3541998924085338e-10,2.120373775452323e-10,4.4904306264468146e-10,4.683962144658438e-10,8.119524596514819e-10,5.397165346342204e-10,4.309613201062893e-10,6.670497585357564e-10,3.8799157615305514e-10,6.716165427366914e-11,2.0871816174846763e-10,2.9032676473575103e-10,3.1407354064498114e-10,1.6568787449670275e-10
944,16.91104594330401,2.5630205797734665e-11,1.8313563773008888e-11,-6.1496934594699774e-12,8.141662112707623e-11,7.106340326552435e-11,3.5820490033267015e-10,2.2384457567609182e-10,1.0374894244442614e-10,1.7894089680345767e-10,4.735185540142962e-10,4.78680732934601e-10,5.083234223608958e-10,4.223102159303718e-10,5.790985391386998e-10,4.669306274508091e-10,4.137629450831203e-10,2.953942075100465e-10,2.1338219165763255e-10,2.424486218063218e-10,2.827014459936109e-10,2.034217210021671e-10
945,16.950146627565985,7.537483904169868e-12,-8.537483537203362e-11,-6.72018073425042e-11,7.711145927009158e-11,3.853188875090404e-11,2.697056542849863e-10,2.399246249898271e-10,1.3278964953262068e-10,2.2007897068274975e-10,4.781559197771336e-10,5.173352767640682e-10,7.238221199253183e-10,6.188183940776668e-10,5.183256145641409e-10,4.669306274508091e-10,4.137629450831203e-10,2.953942075100465e-10,2.1338219165763255e-10,2.424486218063218e-10,2.827014459936109e-10,2.034217210021671e-10
946,16.98924731182796,2.1083498142299552e-12,-1.087125518926135e-10,-1.0139277290999426e-11,1.4203301147257608e-10,1.2922386880699946e-11,3.7453590632705003e-10,1.3747657923966798e-10,8.645206692509633e-11,1.6363097080346303e-10,4.174962394040568e-10,5.046974120209382e-10,6.489011987813487e-10,7.774217614786874e-10,5.495380380277075e-10,4.669306274508091e-10,4.137629450831203e-10,2.953942075100465e-10,2.1338219165763255e-10,2.424486218063218e-10,2.827014459936109e-10,2.034217210021671e-10
947,17.028347996089934,-2.3317639984457116e-11,6.516341170388399e-11,2.3148871617409302e-11,3.460912213538989e-11,2.804440912901211e-13,2.3595323551678686e-10,1.8825389922289217e-10,6.350678391532642e-11,2.0230684594845716e-10,3.692670708163203e-10,4.506802412893767e-10,8.576400644556407e-10,5.391823105996729e-10,4.805293425842186e-10,4.669306274508091e-10,4.137629450831203e-10,2.953942075100465e-10,2.1338219165763255e-10,2.424486218063218e-10,2.827014459936109e-10,2.034217210021671e-10
948,17.06744868035191,2.813632194845973e-11,1.1346316185693417e-10,-1.0202643852995398e-11,-1.0976939321427624e-10,5.6227471696824596e-11,1.7988261174685775e-10,9.787749720418867e-11,9.925587677266121e-11,1.848104598677677e-10,4.274836879036844e-10,5.95657915713677e-10,5.396177204402252e-10,4.1358068779356464e-10,5.436349095064732e-10,4.669306274508091e-10,4.137629450831203e-10,2.953942075100465e-10,2.1338219165763255e-10,2.424486218063218e-10,2.827014459936109e-10,2.034217210021671e-10
949,17.106549364613883,5.355415565884931e-12,-1.1577259071146779e-10,-4.917056983585923e-11,-5.871696196885674e-11,-1.6966553787700466e-11,1.099987048815584e-10,6.541123142663866e-11,6.243519888834152e-11,2.0541023900129984e-10,4.982133187835584e-10,9.403211935574474e-10,5.066555015218884e-10,4.773713664542012e-10,5.06860972304603e-10,6.105612918906522e-10,3.838790235476847e-10,3.690104676121552e-10,2.4382198224097665e-10,2.2971194286919678e-10,2.928225289244154e-10,1.94089896831983e-10
950,17.145650048875858,2.1847033835604656e-11,9.150319751512436e-11,-7.217890571149356e-11,-6.030865471562134e-11,5.624566605020792e-12,2.0504478333465261e-10,1.0409745853539895e-10,1.1290195997907599e-10,2.3997732589277946e-10,4.836888871940337e-10,7.005345947420606e-10,5.170996911793009e-10,6.183233820244167e-10,5.079774158372582e-10,6.105612918906522e-10,3.838790235476847e-10,3.690104676121552e-10,2.4382198224097665e-10,2.2971194286919678e-10,2.928225289244154e-10,1.94089896831983e-10
951,17.184750733137832,3.805758063029989e-12,-1.0454667099288365e-10,-1.0356103863049868e-10,-3.632629322332911e-11,6.311309562084885e-11,1.392408047044832e-10,1.7514266744754708e-11,9.134885915556357e-11,1.663507138294625e-10,5.004992204488033e-10,5.6075642904514e-10,5.508831658353853e-10,6.613451994883436e-10,6.125698864250544e-10,6.105612918906522e-10,3.838790235476847e-10,3.690104676121552e-10,2.4382198224097665e-10,2.2971194286919678e-10,2.928225289244154e-10,1.94089896831983e-10
952,17.223851417399807,2.091504346285729e-11,-4.4276287170169085e-11,-6.029861645224611e-12,1.227300509870307e-10,1.696404422036465e-11,6.928851214251952e-11,6.263502314497906e-11,4.420319603837432e-11,1.4870940026544046e-10,4.0553689878739967e-10,4.792143295785937e-10,6.10421697237267e-10,4.694069424973163e-10,5.770447724050547e-10,6.105612918906522e-10,3.838790235476847e-10,3.690104676121552e-10,2.4382198224097665e-10,2.2971194286919678e-10,2.928225289244154e-10,1.94089896831983e-10
953,17.26295210166178,-1.0282636294534776e-11,-1.4837374570556747e-10,-1.9837498215369613e-11,-1.4689027802732058e-10,1.3564208589799951e-11,4.4020311358264026e-11,4.195368309181399e-11,5.049844437258418e-11,1.7356854166104522e-10,4.1473038308701443e-10,4.637393995599961e-10,4.3241592776615167e-10,6.092086353835269e-10,4.890778682151383e-10,6.105612918906522e-10,3.838790235476847e-10,3.690104676121552e-10,2.4382198224097665e-10,2.2971194286919678e-10,2.928225289244154e-10,1.94089896831983e-10
954,17.302052785923756,2.185769949464724e-11,-2.0262556093350682e-10,-2.3549147522944773e-11,5.972768999947693e-11,4.149380497272949e-11,4.364262155362908e-11,4.88549918086995e-11,3.0736233160214686e-11,1.5833484375244047e-10,6.249163277217219e-10,4.927879490437682e-10,6.705907572995036e-10,5.473418533755079e-10,5.673819991101274e-10,5.220419693094031e-10,4.446431646391293e-10,3.861288501920789e-10,2.3079168398703715e-10,2.483611612012267e-10,3.332284366884502e-10,2.3801233508293726e-10
955,17.341153470185727,-6.106246584509437e-11,-3.32643080229902e-11,-3.901498035973871e-11,5.4169940610471464e-11,2.31532633581144e-11,-2.8052565156769448e-11,3.8243288567054476e-11,2.2513951216352315e-12,1.2372164357162338e-10,3.914161937565773e-10,7.192261620141305e-10,4.887318616923539e-10,5.485097430291527e-10,5.425081140100529e-10,5.220419693094031e-10,4.446431646391293e-10,3.861288501920789e-10,2.3079168398703715e-10,2.483611612012267e-10,3.332284366884502e-10,2.3801233508293726e-10
956,17.380254154447705,-6.118637570647173e-11,7.399269512051892e-11,-2.370662283868937e-11,-4.2604288286587154e-11,-3.542128069474416e-11,4.68730614240343e-11,2.6016051693224654e-11,3.937039775960441e-11,1.3547739558234563e-10,3.5511781946494786e-10,4.800468783659386e-10,2.5705900605959407e-10,5.646537862962899e-10,5.039614815546784e-10,5.220419693094031e-10,4.446431646391293e-10,3.861288501920789e-10,2.3079168398703715e-10,2.483611612012267e-10,3.332284366884502e-10,2.3801233508293726e-10
957,17.41935483870968,3.0715529234389474e-11,7.399269512051894e-11,-1.249387834733522e-11,2.0005011799602488e-11,7.792204929849601e-13,4.6873061424034294e-11,5.3803857553269234e-11,1.5240599216644584e-11,1.8291071779499526e-10,4.1794482447013456e-10,6.130601930389122e-10,4.4763833262345416e-10,5.8855678273845e-10,5.370896455783027e-10,5.220419693094031e-10,4.446431646391293e-10,3.861288501920789e-10,2.3079168398703715e-10,2.483611612012267e-10,3.332284366884502e-10,2.3801233508293726e-10
958,17.458455522971654,4.1033299464794535e-11,-4.2884732377025036e-11,-7.94585316252733e-11,3.937949493884931e-11,1.4425617397234466e-11,2.7058149309564666e-11,3.274796465165467e-11,3.859117726661971e-11,1.239980096157807e-10,3.8045189637853245e-10,6.04348545565317e-10,4.2883132527869696e-10,6.789419682411209e-10,4.1758658380936185e-10,5.220419693094031e-10,4.446431646391293e-10,3.861288501920789e-10,2.3079168398703715e-10,2.483611612012267e-10,3.332284366884502e-10,2.3801233508293726e-10
959,17.49755620723363,-1.7533402190782244e-11,-9.23175519439795e-11,-4.151450890025912e-11,5.190913461346167e-11,-2.6219326604735195e-11,2.9178105870374654e-11,1.2578576227414419e-11,4.145145603439443e-11,1.5735705378648556e-10,3.7386459720730524e-10,4.125229053843647e-10,4.4391444917874385e-10,5.019717087727309e-10,5.285580595230579e-10,5.220419693094031e-10,4.446431646391293e-10,3.861288501920789e-10,2.3079168398703715e-10,2.483611612012267e-10,3.332284366884502e-10,2.3801233508293726e-10
960,17.536656891495607,3.2349570921194524e-11,-1.628771596765428e-11,3.2960023047985034e-11,-2.1003662540981696e-10,3.9996220981419695e-11,3.9695072966009586e-11,-3.0968054393979836e-11,-3.176327337680715e-11,1.6865104550475288e-10,4.93854514936936e-10,6.96349578395451e-10,4.598235342542263e-10,6.79040468738986e-10,6.375620348612816e-10,6.71069457168486e-10,2.710721134116013e-10,3.4779333504294056e-10,1.8592251165801222e-10,2.0809390700389198e-10,1.73788756149083e-10,1.7959401156471273e-10
961,17.575757575757578,-2.43804415274746e-11,1.0044227448007374e-10,-4.4062346600469456e-11,8.44155534692244e-12,1.5333453189285135e-11,4.7336703903498826e-12,4.19906992027596e-11,3.032780116297202e-11,1.2514174468872825e-10,3.516201107279253e-10,4.420366658154641e-10,4.51194388788654e-10,7.269179842761555e-10,7.745219570334847e-10,6.71069457168486e-10,2.710721134116013e-10,3.4779333504294056e-10,1.8592251165801222e-10,2.0809390700389198e-10,1.73788756149083e-10,1.7959401156471273e-10
962,17.614858260019552,-2.7144101969049338e-12,4.543006050989953e-11,5.654618668016923e-11,-1.938954054070042e-12,5.725639408593351e-11,8.427564511118387e-11,8.082687292184846e-12,-1.6628075965214563e-11,1.3362596267011565e-10,4.343740172671016e-10,4.3533580874577175e-10,5.117797232445634e-10,7.612476034094974e-10,7.132248466911604e-10,6.71069457168486e-10,2.710721134116013e-10,3.4779333504294056e-10,1.8592251165801222e-10,2.0809390700389198e-10,1.73788756149083e-10,1.7959401156471273e-10
963,17.65395894428153,-6.989457252689836e-12,2.1313123498039212e-11,-3.4606926269304685e-12,-4.662869235615124e-11,9.852559282224775e-12,1.5033559956689565e-11,-1.6960279871919902e-11,9.466713386734926e-12,1.1525185559942851e-10,4.1988252374224177e-10,4.549035285297465e-10,4.893589396986884e-10,7.511001700259374e-10,6.398062149770416e-10,6.71069457168486e-10,2.710721134116013e-10,3.4779333504294056e-10,1.8592251165801222e-10,2.0809390700389198e-10,1.73788756149083e-10,1.7959401156471273e-10
964,17.6930596285435,-1.070330243317675e-12,-3.5903744913024676e-11,-5.9884537935755444e-12,5.0023195157621645e-11,1.880292930614734e-12,2.94692156198544e-11,-3.0459867113499303e-12,3.6490042456559353e-11,1.3544226164647547e-10,3.1135756196827837e-10,3.885427397632774e-10,5.155061162574605e-10,8.122611363688968e-10,7.833531226268997e-10,6.71069457168486e-10,2.710721134116013e-10,3.4779333504294056e-10,1.8592251165801222e-10,2.0809390700389198e-10,1.73788756149083e-10,1.7959401156471273e-10
965,17.732160312805476,-3.3571729952474706e-12,3.855698441743531e-11,-1.0209858857164886e-10,-3.34631911920895e-11,1.9530703679852197e-12,7.603171815139896e-11,6.671683356029685e-12,-2.9088075161199556e-11,1.2246497799247085e-10,4.499985802058667e-10,3.8223713946530243e-10,5.007548825671359e-10,8.029581722153918e-10,5.753966144034824e-10,5.516253702182775e-10,4.2264555679581907e-10,4.0672549236516375e-10,1.7747970152912745e-10,1.5340103541102785e-10,2.348452617728224e-10,3.3945906367785065e-10
966,17.77126099706745,-1.2503289222709899e-11,-7.900053568467332e-11,4.6544308173054754e-11,5.633852002710131e-11,-5.389294718939705e-12,7.591125894489379e-11,-4.928161817039557e-12,1.5223032249562048e-11,1.0971512383152599e-10,3.0685822238073343e-10,4.732835958209363e-10,6.271184725944243e-10,7.403131108036304e-10,7.530805319333626e-10,5.516253702182775e-10,4.2264555679581907e-10,4.0672549236516375e-10,1.7747970152912745e-10,1.5340103541102785e-10,2.348452617728224e-10,3.3945906367785065e-10
967,17.810361681329425,3.355008494252179e-11,2.7329621699379646e-10,-9.015618762695621e-13,1.1350676557978915e-10,-7.0167487904246785e-12,-5.4614447630269454e-11,1.0759140291459812e-11,3.670555151202653e-12,1.3317737760318566e-10,3.442871565189328e-10,3.9467329777586747e-10,7.230843072831303e-10,7.495978805977927e-10,6.642258684866662e-10,5.516253702182775e-10,4.2264555679581907e-10,4.0672549236516375e-10,1.7747970152912745e-10,1.5340103541102785e-10,2.348452617728224e-10,3.3945906367785065e-10
968,17.8494623655914,-1.6949614212877196e-11,1.5917492124093775e-10,-2.6403152373235238e-11,-1.1814099438047111e-11,9.01373657910041e-12,-7.341486736396904e-11,-2.0129862749369542e-11,4.272851184238933e-11,1.1412631488667583e-10,3.879878118029047e-10,3.796827141523299e-10,4.1229202523898985e-10,7.665791780908148e-10,6.81050004357516e-10,5.516253702182775e-10,4.2264555679581907e-10,4.0672549236516375e-10,1.7747970152912745e-10,1.5340103541102785e-10,2.348452617728224e-10,3.3945906367785065e-10
969,17.888563049853374,5.991904447594929e-12,2.779251129687958e-10,-4.952818310692946e-11,1.430851473556987e-10,6.324108354300055e-13,-8.105900787053035e-13,-8.051317706465074e-12,-8.240162609634798e-12,1.2645989465309567e-10,3.2777075627625567e-10,5.610503620572324e-10,4.386396534466592e-10,7.751860511499122e-10,7.784218238511174e-10,5.516253702182775e-10,4.2264555679581907e-10,4.0672549236516375e-10,1.7747970152912745e-10,1.5340103541102785e-10,2.348452617728224e-10,3.3945906367785065e-10
970,17.92766373411535,-6.592004608914859e-12,2.292301060329477e-11,5.703304264085936e-11,-4.951030244201113e-11,-4.1458671038564976e-11,9.895221918395102e-12,5.092538442529607e-12,3.3383512444973075e-12,1.2464704633075579e-10,3.5361898068997014e-10,4.907959803906161e-10,5.463097940268025e-10,7.369308421392952e-10,7.65527983293525e-10,5.868709812353772e-10,3.972989320472644e-10,3.1359044903444136e-10,2.601197364745618e-10,2.6499268782216654e-10,2.810884219287608e-10,1.2065746250007883e-10
971,17.96676441837732,-4.669958761844696e-11,-1.099491409373488e-10,-1.580336957429892e-11,3.273290725190713e-11,-5.501597831179805e-12,1.264482879056635e-10,3.4821494227849593e-11,3.998869228282459e-11,1.1824388662415867e-10,3.7863842066478483e-10,4.971219709191384e-10,4.171988557379443e-10,6.94074028693971e-10,6.166749103275668e-10,5.868709812353772e-10,3.972989320472644e-10,3.1359044903444136e-10,2.601197364745618e-10,2.6499268782216654e-10,2.810884219287608e-10,1.2065746250007883e-10
972,18.005865102639298,-1.2880665330362262e-11,-1.4410246300163733e-10,8.75205149916336e-11,1.277331861117933e-10,2.7622174448329826e-11,-8.013046814410004e-12,-3.343244899862952e-11,9.055740452459117e-11,1.4316482610110818e-10,3.41874208033568e-10,4.2947001003161175e-10,5.890778315466197e-10,1.0128479879668016e-09,4.738162513765387e-10,5.868709812353772e-10,3.972989320472644e-10,3.1359044903444136e-10,2.601197364745618e-10,2.6499268782216654e-10,2.810884219287608e-10,1.2065746250007883e-10
973,18.044965786901273,4.062047571917358e-12,2.4986878346017196e-10,5.850113922322934e-11,5.123468853497398e-11,5.051130589174926e-12,2.4414948071084405e-11,1.862475005605448e-11,2.819027763593233e-11,1.7939638317842744e-10,3.737017890590549e-10,4.777368221199963e-10,5.185856684248832e-10,7.637301923726371e-10,5.656212243001851e-10,5.868709812353772e-10,3.972989320472644e-10,3.1359044903444136e-10,2.601197364745618e-10,2.6499268782216654e-10,2.810884219287608e-10,1.2065746250007883e-10
974,18.084066471163247,4.9124770241798076e-12,7.101634888864839e-11,9.46834460507636e-11,-1.5622900350725014e-10,3.32266645078459e-12,3.9533205906149736e-11,6.412570582825015e-12,3.7342040389471877e-11,1.098114284581862e-10,3.5592778215054026e-10,4.347808807853992e-10,1.038774008952556e-09,7.87689967764882e-10,8.196728282366143e-10,5.868709812353772e-10,3.972989320472644e-10,3.1359044903444136e-10,2.601197364745618e-10,2.6499268782216654e-10,2.810884219287608e-10,1.2065746250007883e-10
975,18.12316715542522,-1.8559815015114624e-11,-2.69487321972876e-10,4.292614023037971e-11,-2.326440579876565e-10,5.690568212460985e-11,4.470793266995414e-12,1.8504918241809676e-11,-2.5357917798151856e-11,1.2745776115517343e-10,3.7753703453273e-10,4.0506164957243727e-10,8.877263198141959e-10,8.117225205919393e-10,5.778788896713448e-10,4.6045531769654396e-10,4.861056000295486e-10,2.674953533205764e-10,1.6699347662695304e-10,2.577764284686771e-10,1.5567846728928755e-10,1.1546830573475806e-10
976,18.1622678396872,1.0700165480400256e-12,-1.204924584823279e-10,2.3462567467789032e-11,-7.422671222634174e-11,-4.754248837040991e-11,2.4697274337449416e-11,4.100632162660097e-12,4.809898480887483e-12,1.3411940624271568e-10,3.639050676385251e-10,5.293721002566356e-10,6.928860625076135e-10,9.102186260146253e-10,5.694862708789301e-10,4.6045531769654396e-10,4.861056000295486e-10,2.674953533205764e-10,1.6699347662695304e-10,2.577764284686771e-10,1.5567846728928755e-10,1.1546830573475806e-10
977,18.20136852394917,-1.1301206723289604e-11,1.6770305664216208e-10,-4.5862333388306245e-12,-8.070359045784622e-11,6.709326857530588e-12,7.562579572063935e-11,-4.0736543190089776e-11,9.71516050175162e-13,1.4154646920801554e-10,3.8819798802245497e-10,7.23568653677338e-10,6.209565449969667e-10,7.22188078238513e-10,6.983933068640183e-10,4.6045531769654396e-10,4.861056000295486e-10,2.674953533205764e-10,1.6699347662695304e-10,2.577764284686771e-10,1.5567846728928755e-10,1.1546830573475806e-10
978,18.240469208211145,-1.1739439826454781e-11,-3.4248497385563535e-10,1.0662772926596915e-10,7.939171441011191e-11,-2.718488243355492e-11,2.8428372786329477e-11,2.050441559440996e-11,2.0247184996280177e-11,1.2053543481462842e-10,1.212866736380514e-09,4.494966668445768e-10,9.460699837208275e-10,6.304254542549066e-10,6.568088437881488e-10,4.6045531769654396e-10,4.861056000295486e-10,2.674953533205764e-10,1.6699347662695304e-10,2.577764284686771e-10,1.5567846728928755e-10,1.1546830573475806e-10
979,18.279569892473123,4.441305855497308e-12,-1.583298246186233e-10,5.482713341886017e-11,-2.443878895480003e-11,2.2508304689419848e-11,4.337974443027405e-11,7.058784036040272e-12,1.0369843741097505e-11,1.4696776090237804e-10,2.777519528593387e-10,4.846927139174657e-10,1.3316655509641924e-09,7.198221841308756e-10,5.742933460963524e-10,4.6045531769654396e-10,4.861056000295486e-10,2.674953533205764e-10,1.6699347662695304e-10,2.577764284686771e-10,1.5567846728928755e-10,1.1546830573475806e-10
980,18.318670576735094,4.414014316909924e-12,2.1643696185380172e-10,2.5347879531369757e-11,-3.4323345215857217e-11,4.8598388604534073e-11,-1.6500401752834863e-11,2.406988263498433e-11,2.488235488365036e-12,1.8147963732357002e-10,3.2835234838295567e-10,4.401516674471615e-10,1.2138605248354588e-09,6.719666273014934e-10,6.412071806464139e-10,5.457492195420578e-10,5.484990773692575e-10,2.9173274954064637e-10,1.9780844744759793e-10,2.8879341941801643e-10,2.426380941000471e-10,1.5733666355593758e-10
981,18.35777126099707,-2.4876708363539545e-11,5.044668455716867e-11,-7.216071135129868e-11,-4.3406094872790545e-12,2.0214560627744197e-11,-2.989835154377439e-11,-2.1185762983494816e-11,-3.119266062527982e-11,1.4511789646994567e-10,2.9589016065168586e-10,5.823550157665824e-10,1.5276115861469446e-09,6.666541880679087e-10,5.793827475809923e-10,5.457492195420578e-10,5.484990773692575e-10,2.9173274954064637e-10,1.9780844744759793e-10,2.8879341941801643e-10,2.426380941000471e-10,1.5733666355593758e-10
982,18.396871945259043,4.7843008995264325e-11,6.129616924200397e-13,-7.72074501997685e-11,5.3340528781016536e-11,-1.523746225875486e-11,3.842648694499978e-11,5.726580496301425e-11,-2.2941518659619567e-11,9.975277100013343e-11,4.157580506950145e-10,5.37816792561448e-10,1.1533545554296824e-09,4.740549739183434e-10,5.898244276719219e-10,5.457492195420578e-10,5.484990773692575e-10,2.9173274954064637e-10,1.9780844744759793e-10,2.8879341941801643e-10,2.426380941000471e-10,1.5733666355593758e-10
983,18.435972629521018,2.8578633099609573e-11,-8.44469230464188e-11,-5.4115671226869494e-11,1.5464891750962672e-11,4.076414842395411e-11,5.157724440373933e-11,3.096805440079688e-12,-2.792206768944859e-12,1.4915108402433064e-10,3.280123020815256e-10,4.471019127194065e-10,1.230702541371226e-09,4.662423787545365e-10,6.077295594459845e-10,5.457492195420578e-10,5.484990773692575e-10,2.9173274954064637e-10,1.9780844744759793e-10,2.8879341941801643e-10,2.426380941000471e-10,1.5733666355593758e-10
984,18.475073313782993,-3.417339859955957e-11,1.087144340710952e-11,2.8642313357734184e-11,5.039743430823675e-11,1.0250325622130071e-11,7.671494771385364e-11,-6.472800185224784e-12,1.725672245049503e-11,1.209237902783058e-10,3.3763523600119057e-10,4.991616213414258e-10,1.1427942983073224e-09,4.606250271528342e-10,5.364735469288453e-10,5.457492195420578e-10,5.484990773692575e-10,2.9173274954064637e-10,1.9780844744759793e-10,2.8879341941801643e-10,2.426380941000471e-10,1.5733666355593758e-10
985,18.514173998044967,-3.2701537666187067e-11,1.9259419501404245e-10,-8.895724198828439e-11,1.3108000714412801e-10,1.2555990126514979e-11,-2.381704377926473e-11,-4.637052067559817e-12,-1.0399331150037313e-11,1.756524231984476e-10,3.556580037191455e-10,3.706865445420176e-10,9.151612178417104e-10,7.088211843380156e-10,7.80494726033347e-10,6.391515317368416e-10,4.4946090551559343e-10,3.492331989991859e-10,2.6752484072951615e-10,2.181221359637613e-10,2.767807505044409e-10,1.5705120033168253e-10
986,18.55327468230694,2.0684163316629567e-11,-1.29968582744439e-10,9.825267744148893e-11,-1.9409303378987634e-11,8.592756747739853e-12,4.623688623845448e-11,-2.453101553688446e-11,9.680873543981614e-11,1.4823885648987058e-10,3.32300838058113e-10,3.9727948290595953e-10,1.1747981764018622e-09,6.186850733400619e-10,6.840407806011358e-10,6.391515317368416e-10,4.4946090551559343e-10,3.492331989991859e-10,2.6752484072951615e-10,2.181221359637613e-10,2.767807505044409e-10,1.5705120033168253e-10
987,18.592375366568913,-2.7542495704624607e-11,-1.9693888254930741e-10,6.23796747236293e-11,9.380603875519126e-11,-3.7297809273504554e-11,-7.68743052131991e-12,2.793775247890132e-12,1.2736678935419926e-11,1.499139923339007e-10,3.3483487314053797e-10,5.187873748565954e-10,6.226332493199416e-10,4.997356847478258e-10,6.229510232166013e-10,6.391515317368416e-10,4.4946090551559343e-10,3.492331989991859e-10,2.6752484072951615e-10,2.181221359637613e-10,2.767807505044409e-10,1.5705120033168253e-10
988,18.63147605083089,2.9126973445514564e-11,-3.155090128588162e-10,1.4376492626413236e-10,-1.3346629148231288e-10,2.7748280181765347e-11,-1.5402466291846588e-12,-1.516154786178983e-11,-2.1074087259252103e-11,1.366380702301159e-10,3.455601342815005e-10,4.756846238644436e-10,1.068082925991496e-09,8.375823517522338e-10,4.898862624226384e-10,6.391515317368416e-10,4.4946090551559343e-10,3.492331989991859e-10,2.6752484072951615e-10,2.181221359637613e-10,2.767807505044409e-10,1.5705120033168253e-10
989,18.670576735092865,2.995826745089707e-11,-2.0308983079159247e-10,1.9747153810065164e-11,4.4043838545849154e-11,-4.52167473307541e-11,-7.454103546812898e-11,3.243615102749952e-13,6.4125705836772865e-12,1.379304971348405e-10,3.3323220103860056e-10,6.055986235317068e-10,1.6125149366558715e-09,7.12970439357348e-10,6.623998449388013e-10,6.391515317368416e-10,4.4946090551559343e-10,3.492331989991859e-10,2.6752484072951615e-10,2.181221359637613e-10,2.767807505044409e-10,1.5705120033168253e-10
990,18.709677419354843,-4.443815423684846e-12,1.4479322126439274e-10,-1.069702850204899e-12,2.6781877374246165e-10,2.5761330662429595e-11,1.8550090443609644e-11,3.428570171350462e-11,1.0692009379314603e-11,2.262085876078022e-10,3.294198553636607e-10,6.813166458327261e-10,1.2925649316368353e-09,8.458105939208634e-10,5.208122815735607e-10,4.878340641679384e-10,5.636719182814979e-10,2.8151818524494173e-10,1.8229305066488769e-10,1.837429528870628e-10,3.2098927937191064e-10,1.5825202804828789e-10
991,18.748778103616814,1.4864164196529817e-11,1.5128107885021843e-10,5.647278185054004e-11,5.36419904898483e-14,8.825519068189658e-12,1.8706310976540233e-11,1.752305022786943e-11,5.457994109177382e-12,2.3445502413492206e-10,3.0920184408104347e-10,5.518694255908829e-10,1.429735971117831e-09,9.117551082928079e-10,7.284660733009178e-10,4.878340641679384e-10,5.636719182814979e-10,2.8151818524494173e-10,1.8229305066488769e-10,1.837429528870628e-10,3.2098927937191064e-10,1.5825202804828789e-10
992,18.787878787878793,-1.733922445936968e-11,-1.524348521899478e-10,1.4567658878046743e-10,1.2863098364132532e-11,-5.1433571712610245e-12,-1.298073431654687e-12,-2.7994845121704383e-11,1.8548521963812367e-11,1.9966584058118252e-10,2.7156053785208897e-10,6.620180770878863e-10,1.2387228031898062e-09,7.817397848650674e-10,4.832967673802064e-10,4.878340641679384e-10,5.636719182814979e-10,2.8151818524494173e-10,1.8229305066488769e-10,1.837429528870628e-10,3.2098927937191064e-10,1.5825202804828789e-10
993,18.826979472140764,1.3520291171667341e-11,-1.7055580670963742e-10,2.9606614390092557e-12,-8.329973731945107e-11,4.040151602162461e-11,-9.602857386099714e-12,7.130306690595116e-12,2.425088514087199e-11,1.3068098602226092e-10,2.6551969685254425e-10,5.174362868267108e-10,1.51644934668478e-09,7.774095273406997e-10,5.871849907818873e-10,4.878340641679384e-10,5.636719182814979e-10,2.8151818524494173e-10,1.8229305066488769e-10,1.837429528870628e-10,3.2098927937191064e-10,1.5825202804828789e-10
994,18.866080156402738,3.844436760821193e-11,4.421856713339454e-12,2.2081050940574778e-11,1.905137641349258e-11,-1.7504228477119818e-11,5.183133804227402e-11,-2.638809496070095e-12,3.913826282970934e-11,1.4846346271861297e-10,3.014005419668337e-10,8.887486545922481e-10,1.3060867912865952e-09,8.629914019752462e-10,6.753175263801086e-10,4.878340641679384e-10,5.636719182814979e-10,2.8151818524494173e-10,1.8229305066488769e-10,1.837429528870628e-10,3.2098927937191064e-10,1.5825202804828789e-10
995,18.905180840664716,7.242923499817389e-12,-2.2375925040204352e-11,1.897107027497019e-11,2.0376741383735026e-11,3.5590676453199125e-11,4.448897295875925e-11,2.6814721322398724e-12,2.006994684224741e-11,1.8831506991453504e-10,3.0570695860663367e-10,3.829131540235874e-10,1.6600524058907579e-09,7.547142599240377e-10,6.184526247148896e-10,4.2366506831125966e-10,5.442428520659278e-10,4.108016562518501e-10,3.0376424020156077e-10,2.3023581494083197e-10,2.151765319253524e-10,1.6798851986641822e-10
996,18.944281524926687,-4.955453355627356e-12,-1.5036571435786815e-10,3.193988414028517e-11,-1.8980481150344724e-11,2.2597394310204704e-11,-1.8541934351050198e-11,9.883928867944564e-12,1.4404913470557396e-11,1.7651477309342038e-10,3.306062530719255e-10,4.3746580357251153e-10,1.3098916082612354e-09,7.342493700070551e-10,5.840354844405599e-10,4.2366506831125966e-10,5.442428520659278e-10,4.108016562518501e-10,3.0376424020156077e-10,2.3023581494083197e-10,2.151765319253524e-10,1.6798851986641822e-10
997,18.98338220918866,1.5558373114157268e-11,1.2487604429849598e-11,6.399081661340444e-11,-1.0043035403736343e-10,1.6233132888775283e-11,-1.9016242487001715e-12,7.50423214508025e-12,2.6783665441334813e-11,2.2248909590294464e-10,4.578390943013741e-10,5.333431760318406e-10,9.536005663152522e-10,7.515167581165926e-10,5.793498095163272e-10,4.2366506831125966e-10,5.442428520659278e-10,4.108016562518501e-10,3.0376424020156077e-10,2.3023581494083197e-10,2.151765319253524e-10,1.6798851986641822e-10
998,19.022482893450636,-6.457115393217431e-12,-2.714102775379559e-10,1.1659510123288347e-10,-1.738631020653974e-10,2.7715655814934454e-11,1.5307730128790087e-11,-1.8432140802734655e-11,2.1931104324277266e-11,2.972779510946809e-10,3.9564951926372964e-10,3.574743026955056e-10,1.2852768359343652e-09,7.525764227008674e-10,6.746010450568587e-10,4.2366506831125966e-10,5.442428520659278e-10,4.108016562518501e-10,3.0376424020156077e-10,2.3023581494083197e-10,2.151765319253524e-10,1.6798851986641822e-10
999,19.06158357771261,1.4548586170222214e-11,1.6228051016413277e-10,-1.6778838191450272e-10,8.544635802744186e-11,2.7743888439354628e-11,6.7940247376097845e-12,1.2145675951640087e-11,1.6915107669267408e-11,1.9319272669812244e-10,3.565655258159178e-10,7.259577612772825e-10,8.333038540432814e-10,8.473006492118737e-10,4.729902902011034e-10,4.2366506831125966e-10,5.442428520659278e-10,4.108016562518501e-10,3.0376424020156077e-10,2.3023581494083197e-10,2.151765319253524e-10,1.6798851986641822e-10
1000,19.100684261974585,8.779719474130016e-12,-1.2077980388165895e-10,5.009534520358406e-11,-5.937948760122336e-12,-2.158227453717539e-11,-3.895286858226458e-11,-5.262122419515426e-11,-1.0730280273927286e-11,4.5873689182664135e-10,3.158481180727083e-10,3.758076293068024e-10,7.358012233811155e-10,5.867326413656598e-10,7.238851727911829e-10,5.535878514616378e-10,4.5282309764636345e-10,3.754795034472307e-10,2.248327176058126e-10,2.1511191057883793e-10,3.2564201623233115e-10,1.8474050569386267e-10
1001,19.13978494623656,5.61295985844007e-12,-1.2077980388165895e-10,1.0812217629938895e-10,3.6983799726141574e-11,-3.4103758120080054e-11,-3.895286858226459e-11,-6.602042876549759e-12,2.398518475319837e-12,2.388605686639944e-10,3.860701890669199e-10,5.699044274476772e-10,8.935604352482109e-10,7.494670694266699e-10,7.358407490585427e-10,5.535878514616378e-10,4.5282309764636345e-10,3.754795034472307e-10,2.248327176058126e-10,2.1511191057883793e-10,3.2564201623233115e-10,1.8474050569386267e-10
1002,19.178885630498534,5.280755951734997e-12,1.4047111983173338e-10,-2.942216124127444e-11,1.2599311522682354e-10,5.095863618609459e-11,-9.943531079789599e-12,-1.562205337143017e-11,-5.0285444891274775e-12,1.9515991337917005e-10,3.427638494662754e-10,7.650957104108622e-10,1.0415800183375811e-09,6.653413709326363e-10,6.625168534904337e-10,5.535878514616378e-10,4.5282309764636345e-10,3.754795034472307e-10,2.248327176058126e-10,2.1511191057883793e-10,3.2564201623233115e-10,1.8474050569386267e-10
1003,19.217986314760505,9.834678620717282e-12,1.5495320247440467e-11,-1.7523991315577778e-10,-9.008246900746366e-11,4.0473038676180006e-11,-2.870317035409886e-12,-1.530082882074971e-11,-1.6456170639424624e-11,2.430553095804042e-10,4.1358664801577205e-10,7.270105245526652e-10,9.271720045776527e-10,6.472812734067537e-10,5.547551137221701e-10,5.535878514616378e-10,4.5282309764636345e-10,3.754795034472307e-10,2.248327176058126e-10,2.1511191057883793e-10,3.2564201623233115e-10,1.8474050569386267e-10
1004,19.257086999022484,2.0299258508677172e-11,1.0209043248079289e-10,-1.1251266343041821e-10,3.101197181638161e-12,-2.217641447884414e-11,-1.0901683686591361e-10,8.277178720580135e-12,-4.6602028208971815e-11,2.289826000174044e-10,8.533876035016086e-10,6.418882143393693e-10,1.1091014817518205e-09,7.695790515119746e-10,6.407218931663744e-10,5.535878514616378e-10,4.5282309764636345e-10,3.754795034472307e-10,2.248327176058126e-10,2.1511191057883793e-10,3.2564201623233115e-10,1.8474050569386267e-10
1005,19.296187683284458,2.400808455193461e-11,-6.310054778928998e-11,-3.6733156742479054e-11,-5.079833760603202e-11,2.6359862344804553e-11,-7.028669233135032e-12,1.8238276766602397e-12,2.808769909263959e-11,2.0822691404621988e-10,3.7339499451756765e-10,8.404260046404635e-10,1.4720824014140281e-09,8.979531182470357e-10,5.804803693628974e-10,5.535878514616378e-10,4.5282309764636345e-10,3.754795034472307e-10,2.248327176058126e-10,2.1511191057883793e-10,3.2564201623233115e-10,1.8474050569386267e-10
1006,19.335288367546436,2.0167819946999787e-11,2.0284201107054232e-10,-3.992093397159643e-12,1.1445161748278323e-10,1.9806756018501157e-12,-3.4603789306294523e-11,-7.55316869702948e-12,-1.468284799451196e-11,2.570916304272767e-10,4.51381037820619e-10,9.50078389302255e-10,1.227374855785771e-09,7.990978310760394e-10,7.394115489282125e-10,5.748200414297476e-10,4.4484581215837837e-10,3.7872437332767987e-10,1.2146052387848231e-10,2.097219884710475e-10,2.478360343467764e-10,2.615577182557311e-10
1007,19.374389051808407,1.596209967456492e-11,-1.3905321458412825e-10,4.396008175245461e-11,2.893624636982741e-11,3.096993656905475e-11,8.130243583720388e-11,2.931174030240417e-11,1.4610697948549858e-11,2.7805592413821404e-10,4.1823342465398437e-10,9.833006620813344e-10,1.002276437793139e-09,7.385554729498726e-10,6.49058360402669e-10,5.748200414297476e-10,4.4484581215837837e-10,3.7872437332767987e-10,1.2146052387848231e-10,2.097219884710475e-10,2.478360343467764e-10,2.615577182557311e-10
1008,19.413489736070385,-7.689626391672463e-12,-2.554425313313434e-11,-1.4139777737453314e-10,1.8826362379525054e-10,-2.810714823565399e-12,-5.949618246269451e-11,1.0080929861970043e-11,1.9797031450404652e-11,3.9619472265345e-10,7.065412428941257e-10,8.060317641623122e-10,1.32460802171182e-09,6.593159010298213e-10,5.529369325715876e-10,5.748200414297476e-10,4.4484581215837837e-10,3.7872437332767987e-10,1.2146052387848231e-10,2.097219884710475e-10,2.478360343467764e-10,2.615577182557311e-10
1009,19.452590420332356,-2.9344050975662096e-11,1.0103453224666866e-10,-5.152140654375739e-12,1.3749289141967295e-11,2.934938380220376e-12,7.880918121416914e-11,2.6081927820849682e-11,1.478323066659989e-11,2.3863753091334447e-10,5.260748431685103e-10,9.429295745570403e-10,1.2225072372689665e-09,8.388270968878236e-10,5.712972370244899e-10,5.748200414297476e-10,4.4484581215837837e-10,3.7872437332767987e-10,1.2146052387848231e-10,2.097219884710475e-10,2.478360343467764e-10,2.615577182557311e-10
1010,19.49169110459433,-2.3548520131537237e-11,-6.586295344975412e-11,4.822383575778969e-11,5.1063410603148655e-12,2.741827214797018e-11,-2.1180743857350795e-12,-1.6826645443299958e-12,-5.293931178964696e-12,2.5210386639924403e-10,4.186553455728821e-10,9.819517699218022e-10,1.2166687300925417e-09,6.649771700496563e-10,6.306324935157141e-10,5.748200414297476e-10,4.4484581215837837e-10,3.7872437332767987e-10,1.2146052387848231e-10,2.097219884710475e-10,2.478360343467764e-10,2.615577182557311e-10
1011,19.53079178885631,6.214942197392413e-12,1.3921194468609236e-11,1.7105772007092679e-10,-3.496642170947739e-11,-9.690064831809645e-12,9.075220964314716e-12,5.5273208916748694e-12,6.394250745200913e-11,3.0014105312677325e-10,5.899800208142973e-10,1.1385336812615824e-09,1.444705850814691e-09,7.083829512339982e-10,5.16452536639401e-10,6.618373882789808e-10,5.363226592224529e-10,4.262555686476392e-10,2.061220148868617e-10,2.0746714269539177e-10,2.455316246269112e-10,1.1579015767769832e-10
1012,19.56989247311828,2.961916224382522e-12,9.65367611482893e-12,-6.160798293094396e-11,-9.147621967181418e-11,7.132188865669476e-12,4.8929024032294157e-11,-1.4906199440439506e-11,9.696025053165094e-12,2.994666070465811e-10,5.299097749443502e-10,1.009268090917887e-09,1.29762484571083e-09,8.257967986372941e-10,6.825077489769732e-10,6.618373882789808e-10,5.363226592224529e-10,4.262555686476392e-10,2.061220148868617e-10,2.0746714269539177e-10,2.455316246269112e-10,1.1579015767769832e-10
1013,19.608993157380255,2.057405607303722e-11,1.254363050905231e-10,9.394186905927897e-11,-3.188875171712951e-11,-1.589120441227085e-11,-6.534911966109624e-12,7.947170685080427e-12,-2.3058527211252298e-11,2.502248282522969e-10,5.584018279888053e-10,8.648516183705911e-10,1.0544647617150759e-09,9.02830147640068e-10,6.28263148754909e-10,6.618373882789808e-10,5.363226592224529e-10,4.262555686476392e-10,2.061220148868617e-10,2.0746714269539177e-10,2.455316246269112e-10,1.1579015767769832e-10
1014,19.64809384164223,-1.96307726489873e-11,-3.4038509383010284e-11,3.975028343544446e-11,6.929447236302133e-11,3.953257851388937e-11,1.788819219923985e-11,-3.2555355403450133e-12,-3.529078325295981e-13,3.076976724761184e-10,5.33207973120013e-10,6.400421142579391e-10,1.389655052255479e-09,1.064537535485338e-09,7.38077714170133e-10,6.618373882789808e-10,5.363226592224529e-10,4.262555686476392e-10,2.061220148868617e-10,2.0746714269539177e-10,2.455316246269112e-10,1.1579015767769832e-10
1015,19.687194525904204,8.08394207670475e-12,-2.6005386035034516e-11,-2.5439478719490425e-11,9.418498334349355e-11,-8.143544288551165e-13,3.4943835607724576e-11,-1.0661894579820071e-11,-2.6460245010926315e-12,3.482544679448402e-10,4.921116207902061e-10,6.581200924461812e-10,9.811731768210766e-10,1.0757803947795981e-09,7.397217941254254e-10,6.618373882789808e-10,5.363226592224529e-10,4.262555686476392e-10,2.061220148868617e-10,2.0746714269539177e-10,2.455316246269112e-10,1.1579015767769832e-10
1016,19.726295210166178,4.768490628384935e-12,-2.021016888704021e-11,-7.401841817930888e-11,5.3499886272689396e-11,7.711522361938801e-11,7.785931007251659e-13,-3.2304398721097474e-12,-1.3972013195634773e-11,3.709036220704601e-10,4.3212638649561726e-10,5.939686635582892e-10,1.105456022268853e-09,1.062128665047106e-09,5.663031990798251e-10,6.045383315568769e-10,4.663440162094383e-10,3.1601531796251637e-10,2.004861552296869e-10,2.1841450049776176e-10,2.4757190244231087e-10,1.5813596058419233e-10
1017,19.765395894428153,7.472548864082277e-12,-1.1002568272316345e-10,9.298697888864888e-11,-5.620582668346207e-11,2.424806187825963e-11,2.981930018891937e-11,-3.636613259773935e-11,4.482180425601961e-11,3.688526785977227e-10,3.676421263087602e-10,8.770339967378982e-10,1.4896408992730453e-09,9.169925742178178e-10,7.858937453229396e-10,6.045383315568769e-10,4.663440162094383e-10,3.1601531796251637e-10,2.004861552296869e-10,2.1841450049776176e-10,2.4757190244231087e-10,1.5813596058419233e-10
1018,19.804496578690127,-3.533626911768212e-11,7.516779977833425e-11,-2.9445374736139845e-11,-1.5913445447682506e-10,7.0537649030753756e-12,-2.3711641973359362e-11,2.879727915902952e-13,5.49293982660219e-11,3.6039324258758794e-10,6.205575238742467e-10,7.607209080752502e-10,1.3256648630334823e-09,9.972296989463741e-10,5.093350914790533e-10,6.045383315568769e-10,4.663440162094383e-10,3.1601531796251637e-10,2.004861552296869e-10,2.1841450049776176e-10,2.4757190244231087e-10,1.5813596058419233e-10
1019,19.8435972629521,6.922640036674789e-12,2.9511250863763814e-11,-3.384088099843063e-11,9.504356889087566e-12,5.155465830113372e-11,3.3522793403934544e-11,2.1707752929526756e-13,-7.111579047319912e-11,4.097940651791198e-10,5.453106727419102e-10,5.785561590132975e-10,1.2611291567281935e-09,1.1669774251446419e-09,5.980972146500923e-10,6.045383315568769e-10,4.663440162094383e-10,3.1601531796251637e-10,2.004861552296869e-10,2.1841450049776176e-10,2.4757190244231087e-10,1.5813596058419233e-10
1020,19.882697947214076,-2.6237520964077144e-11,3.415645902388414e-11,-5.7819164443588686e-11,2.088900670793698e-11,-6.1986300131253815e-12,-2.770938189744936e-11,1.1181374907339993e-11,-9.986821107366928e-12,3.0613264387653353e-10,4.805842393583763e-10,5.402821282527827e-10,1.3675943915454519e-09,1.109463173068318e-09,7.04013795422758e-10,6.045383315568769e-10,4.663440162094383e-10,3.1601531796251637e-10,2.004861552296869e-10,2.1841450049776176e-10,2.4757190244231087e-10,1.5813596058419233e-10
1021,19.92179863147605,3.0739056421975414e-12,2.5870496818484255e-11,-5.531273459502959e-11,7.549435715896124e-11,-2.5573113151519952e-11,6.00696184768342e-11,-2.8414570170248106e-12,-1.087740362761244e-11,3.302552274144708e-10,3.590832487140751e-10,7.4342528734044e-10,1.615794313079931e-09,1.1560313221250872e-09,5.83458597770695e-10,5.086364908198679e-10,-2.2259292923075618e-10,3.740126616476747e-10,1.6733665988797713e-10,1.5434965166246835e-10,2.413262180523117e-10,1.305376270195787e-10
1022,19.96089931573803,8.542879105694854e-12,5.6821611636788797e-11,4.723632122032869e-11,1.2148091410903143e-10,1.3448768517965314e-11,-1.7497327169079994e-11,7.358677268635303e-12,3.1433579038289615e-11,3.9643344519440196e-10,4.2329584829446183e-10,6.02938482715847e-10,1.2579536136293885e-09,9.467798774304627e-10,6.233958439325295e-10,5.086364908198679e-10,-2.2259292923075618e-10,3.740126616476747e-10,1.6733665988797713e-10,1.5434965166246835e-10,2.413262180523117e-10,1.305376270195787e-10
1023,20.0,1.0985315000852247e-11,-1.4853937711387377e-10,9.723567549338467e-11,-1.2191820612465802e-10,1.539493757620508e-11,6.61233210057739e-11,5.012671478930445e-11,-2.5435086978784513e-11,3.205588886643233e-10,4.976047488326959e-10,7.463824981245777e-10,1.31342821528513e-09,9.682605145127346e-10,4.792745591809937e-10,5.086364908198679e-10,-2.2259292923075618e-10,3.740126616476747e-10,1.6733665988797713e-10,1.5434965166246835e-10,2.413262180523117e-10,1.305376270195787e-10
